tree
version=v4
num_class=1
num_tree_per_iteration=1
label_index=0
max_feature_idx=8
objective=binary sigmoid:1
feature_names=Age Income LoanAmount InterestRate LoanTerm DTIRatio HasMortgage HasDependents LoanPurpose
feature_infos=[18:69] [15000:149999] [5001:249999] [2:25] [12:60] [0.10000000000000001:0.90000000000000002] [0:1] [0:1] -1:0:2:1:4:3
tree_sizes=6663 6747 6717 6752 6698 6721 6783 6789 6795 6806 6758 6746 6842 6773 6749 6768 6777 6814 6806 6796 6796 6845 6753 6796 6848 6754 6757 6772 6787 6750 6806 6823 6813 6818 6837 6801 6833 6832 6833 6856 6843 6781 6839 6792 6792 6834 6808 6829 6835 6839 6794 6851 6815 6874 6818 6844 6839 6795 6823 6836 6821 6782

Tree=0
num_leaves=63
num_cat=0
split_feature=0 1 3 3 1 1 0 3 3 0 1 3 0 0 0 0 3 3 0 1 7 0 1 3 3 1 1 0 0 3 7 1 1 1 1 3 1 3 3 7 3 1 3 1 0 3 1 1 1 1 1 1 0 3 1 3 1 1 1 0 3 3
split_gain=29852.3 8660.54 8396.12 5579.63 3082.44 2814.53 2670.34 2186.6 2125.04 1085.46 1036.58 963.666 760.116 715.58 700.268 661.928 620.213 488.882 411.015 393.61 328.799 281.637 267.362 263.772 262.25 244.709 230.088 223.166 209.798 206.903 202.643 200.036 198.283 194.544 170.474 169.024 161.339 150.393 144.074 139.78 138.297 134.832 127.935 124.111 141.434 129.837 122.206 118.957 113.387 112.717 125.012 110.1 103.923 103.501 101.171 97.3045 97.005 96.9179 96.3651 96.3154 104.196 94.3368
threshold=38.500000000000007 37381.500000000007 10.765000000000002 12.035000000000002 41611.500000000007 34164.500000000007 52.500000000000007 15.965000000000002 18.995000000000001 52.500000000000007 21405.500000000004 21.115000000000006 28.500000000000004 28.500000000000004 27.500000000000004 55.500000000000007 19.525000000000002 4.2750000000000012 52.500000000000007 21932.000000000004 1.0000000180025095e-35 60.500000000000007 18109.000000000004 6.6850000000000014 6.5950000000000006 57053.500000000007 71528.500000000015 52.500000000000007 61.500000000000007 5.3450000000000006 1.0000000180025095e-35 22980.500000000004 27234.500000000004 46974.000000000007 21405.500000000004 6.495000000000001 66142.500000000015 16.515000000000004 22.795000000000005 1.0000000180025095e-35 19.705000000000002 90081.500000000015 17.985000000000003 67250.500000000015 40.500000000000007 18.725000000000005 15506.500000000002 55991.500000000007 50180.000000000007 51723.000000000007 147447.50000000003 133214.00000000003 41.500000000000007 11.125000000000002 30404.500000000004 10.405000000000003 63450.500000000007 40008.000000000007 109369.50000000001 55.500000000000007 8.2750000000000004 20.225000000000005
decision_type=2 2 2 2 2 2 2 2 2 2 2 2 2 2 2 2 2 2 2 2 2 2 2 2 2 2 2 2 2 2 2 2 2 2 2 2 2 2 2 2 2 2 2 2 2 2 2 2 2 2 2 2 2 2 2 2 2 2 2 2 2 2
left_child=2 7 5 9 19 31 11 10 12 23 27 30 36 17 61 22 21 51 29 -4 -19 -8 -9 -3 -15 -14 -25 -2 41 -12 57 -1 53 -13 -17 -11 -6 -27 -16 -35 54 -18 -38 44 -32 -45 -29 -37 -22 -26 -51 -7 -28 -20 -21 59 -46 -5 -23 60 -49 -10
right_child=1 3 4 6 8 13 16 15 14 35 18 33 25 24 38 34 28 20 32 40 48 58 -24 26 49 37 52 46 -30 -31 43 -33 -34 39 -36 47 42 -39 -40 -41 -42 -43 -44 45 56 -47 -48 55 -50 50 -52 -53 -54 -55 -56 -57 -58 -59 -60 -61 -62 -63
leaf_value=-1.731228273157831 -1.7684000104622501 -1.9615920319680915 -1.6729029427467377 -1.7690875136157331 -1.7562423330788512 -1.8908364139652023 -1.9228310404950506 -1.6767085998447928 -1.7486449304867169 -2.011337891708556 -1.9276010530152687 -1.7479831810523772 -1.7856671078265314 -1.9226845198465583 -1.7843272514526758 -1.7707050058629981 -1.8587570744809994 -1.8108318927026372 -1.9178518656955219 -1.7148886353761497 -1.811320478527203 -1.9519478645493034 -1.7524049344546644 -1.888092845711695 -1.8317268358943686 -1.8552353852639676 -1.9034102419505148 -1.7392314196996299 -1.9199602078397473 -1.8395999271111718 -1.7910150619661855 -1.7853171503238372 -1.9541248387079257 -1.8035781645999782 -1.8359499025937669 -1.9455056213993345 -1.7978400848634228 -1.8158497831762566 -1.750891135255868 -1.8438372098810172 -1.7006900791314838 -1.9015120634966505 -1.7531152029354722 -1.9200542686796085 -1.8965041030631911 -1.8703770247481635 -1.8508619164866951 -2.0137607247380083 -1.8726056013499368 -1.8921921274642597 -1.7724860423022681 -1.9753385904453709 -1.9503901267486168 -1.8413009217719991 -1.7497844093997015 -1.9636097061973452 -1.8037844035696788 -1.8630235194994533 -1.9882372208104997 -2.0093763507642177 -1.9207732041692684 -1.7152596567018457
leaf_weight=330.12301623821259 254.98265527188778 778.84043298661709 651.85174718499184 28.705863431096077 438.20630379021168 305.76855331659317 803.67982149124146 148.6043207347393 271.62219703197479 818.62081006169319 83.899485096335411 98.925153464078903 231.6484871506691 628.38219545781612 814.34794969856739 153.10364432632923 374.73900392651558 672.99139305949211 108.42551909387112 421.1616774648428 91.283998712897301 521.57629914581776 587.09013313055038 324.58647489547729 113.56899499893188 754.62154880166054 153.98770995438099 28.420735523104668 592.89611525833607 340.98642855882645 52.764285057783127 369.25303630530834 259.27701719105244 468.53185504674911 302.55224026739597 191.98290273547173 1162.6790364086628 364.51444983482361 556.0633909702301 412.90511734783649 575.44555880129337 370.85011683404446 190.71662001311779 446.61803238093853 190.51159329712391 188.59553895890713 200.43939061462879 52.462169155478477 475.66586717963219 508.00998613238335 22.952146157622337 44.541505798697472 512.78888337314129 76.05291336774826 449.02372099459171 266.9296707212925 33.592828288674355 970.25791868567467 283.56365822255611 505.34752629697323 71.228736490011215 1240.3219150006771
leaf_count=1180 1076 5902 1670 121 1757 1941 5549 390 1053 6911 586 382 1047 4337 3663 652 2170 3337 739 1386 453 3865 2315 2045 604 4324 1011 105 4064 1861 243 1667 1931 2264 1632 1401 5503 1839 2178 2284 1752 2423 754 3062 1228 1130 1133 445 2869 3237 98 348 3786 417 1750 2032 162 5691 2280 4249 489 4091
internal_value=-1.84262 -1.89781 -1.78567 -1.91972 -1.7576 -1.84968 -1.88934 -1.81586 -1.77579 -1.96798 -1.8594 -1.8552 -1.80425 -1.87166 -1.74476 -1.76645 -1.92284 -1.84928 -1.89212 -1.70536 -1.83453 -1.94378 -1.73706 -1.93978 -1.89964 -1.83264 -1.92266 -1.80072 -1.89769 -1.85694 -1.8759 -1.75974 -1.92584 -1.81487 -1.81396 -1.99416 -1.78287 -1.84238 -1.77074 -1.82241 -1.72003 -1.88 -1.79151 -1.89301 -1.86496 -1.90527 -1.83686 -1.98125 -1.86269 -1.87719 -1.88696 -1.90155 -1.93952 -1.88618 -1.73286 -1.98892 -1.88249 -1.86029 -1.96472 -1.99967 -1.96013 -1.72124
internal_weight=23744.1 12059.3 11684.8 9515.49 8122.22 3562.54 5838.71 2543.83 6024.74 3676.78 1352.48 2891.41 3142.39 2863.16 2882.36 1191.35 2947.31 1590.25 868.641 2097.48 1239.94 1608.82 735.694 1770.2 1272.91 1350.78 991.363 483.843 1338.49 424.886 1911.05 699.376 443.755 980.362 455.656 1906.57 1791.6 1119.14 1370.41 881.437 1445.63 745.589 1353.4 912.082 276.869 635.214 228.86 1087.95 566.95 644.531 530.962 350.31 666.777 184.478 870.185 895.968 224.104 998.964 805.14 629.038 123.691 1511.94
internal_count=130864 78026 52838 65189 32767 20071 36918 12837 26209 28271 7848 16567 15224 17224 10985 4989 20351 8948 5534 6558 6659 11694 2705 12744 8276 7210 6842 2314 8657 2447 11637 2847 3087 4930 2284 15527 8014 6163 5841 4548 4888 4593 6257 5825 1633 4192 1238 8616 3322 3939 3335 2289 4797 1156 3136 7215 1390 5812 6145 5183 934 5144
is_linear=0
shrinkage=1


Tree=1
num_leaves=63
num_cat=0
split_feature=0 2 2 0 0 0 0 2 2 0 2 7 2 7 2 7 2 2 0 5 0 0 0 4 5 2 2 5 7 7 7 5 2 0 7 5 2 0 5 7 6 6 5 5 5 4 5 5 0 2 5 6 2 6 5 0 7 5 0 2 5 5
split_gain=17640.6 3267.01 3058.85 1250.41 1227.23 1063.93 900.4 445.202 318.897 305.991 268.15 191.136 184.72 178.099 163.977 156.252 163.959 141.722 139.685 142.277 131.224 129.834 119.796 117.991 110.839 108.715 103.216 99.8772 103.361 98.6969 92.8925 91.5415 90.2752 89.715 88.4537 86.3967 82.2549 109.123 82.0504 79.7147 79.2693 75.7451 74.2071 73.2039 70.5421 70.5183 67.6462 67.4457 67.2489 69.9942 84.5019 70.6804 65.6183 79.6995 64.4432 64.1007 64.0004 83.2023 107.091 63.7629 63.5596 62.5125
threshold=42.500000000000007 146797.50000000003 124491.50000000001 32.500000000000007 58.500000000000007 54.500000000000007 28.500000000000004 62750.500000000007 190488.50000000003 24.500000000000004 187581.50000000003 1.0000000180025095e-35 38583.000000000007 1.0000000180025095e-35 189513.00000000003 1.0000000180025095e-35 44346.000000000007 85049.500000000015 33.500000000000007 0.70500000000000007 37.500000000000007 48.500000000000007 51.500000000000007 18.000000000000004 0.14500000000000005 96677.500000000015 12603.500000000002 0.69500000000000006 1.0000000180025095e-35 1.0000000180025095e-35 1.0000000180025095e-35 0.82500000000000007 75312.000000000015 60.500000000000007 1.0000000180025095e-35 0.22500000000000003 182654.50000000003 49.500000000000007 0.25500000000000006 1.0000000180025095e-35 1.0000000180025095e-35 1.0000000180025095e-35 0.16500000000000004 0.16500000000000004 0.49500000000000005 30.000000000000004 0.42500000000000004 0.58500000000000008 40.500000000000007 83146.000000000015 0.30500000000000005 1.0000000180025095e-35 197298.50000000003 1.0000000180025095e-35 0.15500000000000003 51.500000000000007 1.0000000180025095e-35 0.30500000000000005 25.500000000000004 166231.50000000003 0.28500000000000009 0.66500000000000015
decision_type=2 2 2 2 2 2 2 2 2 2 2 2 2 2 2 2 2 2 2 2 2 2 2 2 2 2 2 2 2 2 2 2 2 2 2 2 2 2 2 2 2 2 2 2 2 2 2 2 2 2 2 2 2 2 2 2 2 2 2 2 2 2
left_child=2 4 3 9 7 13 10 21 40 15 29 26 42 23 34 46 31 -6 19 43 61 30 27 -3 45 -22 -5 28 32 -4 -2 -17 -9 -16 47 -28 37 -15 -36 -12 -8 -24 -11 -10 -44 -25 -1 -7 -37 50 -50 -52 53 -26 -32 -54 57 58 -14 -47 -31 -13
right_child=1 5 6 11 17 14 8 22 18 12 39 20 56 36 33 16 -18 -19 -20 -21 25 -23 41 24 52 -27 35 -29 -30 60 54 -33 -34 -35 38 48 -38 -39 -40 -41 -42 -43 44 -45 -46 59 -48 -49 49 -51 51 -53 55 -55 -56 -57 -58 -59 -60 -61 -62 -63
leaf_value=0.18764587228840149 0.11300527403391154 0.1964785539080505 0.21927177606662071 0.086419453377518746 0.039911654522089217 0.095779681365776581 0.18657806535003402 0.073777570259782696 0.14950398769339232 0.067137603793673215 0.242134287391856 0.12220412679433768 0.23252589672960486 0.14494622910953228 0.13607113387516009 0.1535974200854725 0.18952339273203378 0.06525200880323874 0.19394691784825627 0.25106491453922647 0.085767238028574763 0.064153968058135044 0.11097405286204759 -0.056244108030641761 0.17053780824556317 0.13802229224555593 0.11550716099766836 0.14229847475633223 0.095137694764994965 0.17034783301759557 -0.030186443145672343 0.04039242447349202 0.13525450506334386 0.1118456935098406 0.036168231300955395 0.16106354352974123 0.15246708855201874 0.090921455779575666 0.090303997626051027 0.2236371665361675 0.16772657707730607 0.08311960653411371 0.16359178947776676 0.21186820146539997 0.12730033416655953 -0.055417923781621858 0.21232580051757055 0.13274347218880092 -0.056373883631554392 0.16413025018229999 0.15198142442974205 0.063103225197262122 0.18548461665512497 0.12892669976031837 0.078793805813094975 0.14246785119681854 0.16282413855854783 0.19081748456135178 0.13555105868819373 0.1397684448885263 0.20348826474688875 0.1560226479692397
leaf_weight=465.11991283297539 316.23430672287941 320.10777452588081 1107.8803867176175 68.356819644570351 1226.6097650974989 313.19082494825125 1189.3998400345445 69.333785399794579 53.042450256645679 33.292622655630112 1312.1028059050441 409.08014699071646 35.191529743373394 251.4462301209569 670.60225086659193 310.29741767048836 759.33843292295933 1006.7282676994801 1364.6884601190686 259.42019495368004 381.57932463288307 885.25439352542162 524.02849981188774 7.5690007656812659 248.24877063930035 135.88236797600985 160.02028528600931 389.86060001701117 470.68178104609251 186.12928019464016 14.186663493514059 19.167180150747299 468.97007566690445 913.66804154962301 85.484401822090149 860.95007027685642 832.71514009684324 151.08338475972414 399.59927343577147 1123.306181512773 1099.9113324508071 465.48035814613104 260.50335711985826 580.21138902008533 286.90921793878078 4.7971446737647048 754.14190666377544 208.19122672080994 7.9583952352404586 71.924539342522621 50.711024962365627 40.837144084274769 436.0722618624568 222.05324705690145 262.13373070210218 112.10148430615664 822.25840355455875 682.47152698785067 158.91586118191481 28.800194151699543 771.17261204868555 211.28294201940298
leaf_count=1739 1774 1326 3523 399 9122 2001 4839 439 249 202 3637 2102 102 1281 3731 1361 2851 7023 5426 730 2327 5972 3116 66 1154 697 869 2010 2858 760 118 123 2446 5614 639 3892 4174 935 2591 3534 4823 2997 1122 2042 1426 42 2475 1197 69 341 253 266 1857 1190 1670 589 3554 2605 770 149 2712 963
internal_value=0.153526 0.105692 0.187252 0.16239 0.0808561 0.134789 0.206449 0.0979039 0.19073 0.177692 0.222322 0.133113 0.164652 0.157297 0.112062 0.190562 0.176688 0.051339 0.204106 0.219609 0.1182 0.0763123 0.111258 0.169691 0.161576 0.0995228 0.146557 0.120706 0.112345 0.208992 0.0944539 0.147041 0.127361 0.122111 0.0962293 0.149993 0.143436 0.124709 0.0807836 0.233614 0.177531 0.0978857 0.140186 0.206677 0.144607 0.0806131 0.202931 0.110572 0.155321 0.126378 0.0989023 0.112502 0.164836 0.150933 0.0731716 0.176724 0.173004 0.182527 0.153269 0.111669 0.197068 0.133753
internal_weight=27338.7 11305.2 16033.5 6986.19 6099.5 5205.73 9047.26 3866.16 4546.67 4587.61 4500.59 2398.58 2279.54 2614.99 2590.74 2308.06 1088.8 2233.34 2257.36 892.674 1137.82 1477.81 2388.36 1379.75 1059.64 517.462 1260.76 1398.85 1008.99 2065.18 592.555 329.465 538.304 1584.27 1006.47 1192.4 1235.24 402.53 485.084 2435.41 2289.31 989.509 580.705 633.254 547.413 41.1663 1219.26 521.382 1032.38 171.431 99.5066 91.5482 1018.48 470.302 276.32 548.174 1698.84 876.579 194.107 33.5973 957.302 620.363
internal_count=130864 68081 62783 30508 39545 28536 32275 23400 18109 18330 14166 12178 9781 12763 15773 8549 4335 16145 8447 3021 6089 9534 13866 6373 5047 3024 6089 7753 5743 6995 3562 1484 2885 9345 6428 5690 6390 2216 3230 7171 9662 6113 2750 2291 2548 257 4214 3198 4821 929 588 519 4790 2344 1788 2446 7031 3477 872 191 3472 3065
is_linear=0
shrinkage=0.05


Tree=2
num_leaves=63
num_cat=1
split_feature=0 3 3 2 2 2 2 0 3 0 0 3 0 0 3 2 3 0 3 3 0 3 3 2 3 0 3 2 3 2 0 2 0 3 3 0 2 2 3 7 6 7 2 3 2 2 2 6 7 2 2 0 0 0 8 3 3 0 0 6 3 3
split_gain=11612.7 4687.67 4059.32 1254.59 1123.96 988.533 984.451 739.369 590.66 511.436 414.364 398.154 375.43 372.872 317.413 261.695 235.51 226.161 224.315 212.781 200.746 195.789 191.751 191.687 171.315 170.556 163.961 164.772 155.641 155.637 154.191 143.655 118.86 117.377 108.446 100.824 94.9926 94.2565 91.6202 88.3954 82.6844 82.6786 82.213 80.9938 76.2352 98.4207 75.6378 73.984 79.7526 102.072 73.573 72.9333 72.6005 107.579 71.4356 69.058 68.7316 67.9284 67.3631 74.7398 66.7355 76.2598
threshold=42.500000000000007 11.765000000000002 13.115 146797.50000000003 122593.50000000001 144866.50000000003 84097.500000000015 59.500000000000007 17.895000000000003 52.500000000000007 54.500000000000007 18.995000000000001 32.500000000000007 28.500000000000004 20.675000000000004 170192.00000000003 22.955000000000002 30.500000000000004 6.495000000000001 9.5650000000000031 25.500000000000004 4.7550000000000008 6.5950000000000006 42383.500000000007 5.8250000000000011 29.500000000000004 19.885000000000002 63731.500000000007 18.455000000000002 160316.50000000003 32.500000000000007 156356.00000000003 51.500000000000007 6.205000000000001 5.6150000000000011 48.500000000000007 112121.00000000001 215474.00000000003 18.175000000000004 1.0000000180025095e-35 1.0000000180025095e-35 1.0000000180025095e-35 58951.500000000007 21.655000000000005 98576.000000000015 99521.500000000015 181680.50000000003 1.0000000180025095e-35 1.0000000180025095e-35 37561.000000000007 62750.500000000007 64.500000000000014 38.500000000000007 39.500000000000007 0 15.685 10.585000000000003 21.500000000000004 40.500000000000007 1.0000000180025095e-35 15.775 15.405000000000003
decision_type=2 2 2 2 2 2 2 2 2 2 2 2 2 2 2 2 2 2 2 2 2 2 2 2 2 2 2 2 2 2 2 2 2 2 2 2 2 2 2 2 2 2 2 2 2 2 2 2 2 2 2 2 2 2 1 2 2 2 2 2 2 2
left_child=1 5 4 7 19 12 8 14 25 22 28 15 21 24 42 52 38 43 -11 32 -13 36 37 -23 -7 -3 27 -9 -5 -20 -17 -22 -2 -14 -15 -16 -1 40 46 58 -6 -21 -4 -10 -34 -46 -12 48 -28 -50 -37 -18 -8 -54 -43 -41 -31 -25 -27 -60 61 -44
right_child=2 6 3 10 9 13 11 26 17 18 16 20 33 34 35 30 51 -19 29 41 31 23 -24 57 -26 39 47 -29 -30 56 -32 -33 44 -35 -36 50 -38 -39 -40 55 -42 54 60 -45 45 -47 -48 -49 49 -51 -52 -53 53 -55 -56 -57 -58 -59 59 -61 -62 -63
leaf_value=0.071942160622529797 0.039511954960051693 0.14059636711932186 0.08187075079857295 0.13768727272626874 0.085849092971325591 0.13395050617505463 0.16237941372456688 0.013602185433540755 0.16756646664529101 0.036838733275971203 0.071187482569288543 0.2065738536771119 0.05609488862738285 0.10375340082027432 0.15253152045860516 0.19246125720256951 0.17446363389023117 0.14677577805723838 0.042775015573676814 0.069037664865872025 0.17025882215407789 0.089901906802813597 0.11877129735667849 0.14957093871327728 0.16975665064698239 0.13030998544463407 0.12611951275668981 0.066647373619906872 0.16838584705345039 0.074304267054956158 0.16449317038818226 0.19380173297139283 0.0024160232870278566 0.089891639805265613 0.1324414935859268 0.096947807866870989 0.12201296603278762 0.11268404129244328 0.12442212697209104 0.061483952799653435 0.033795770010503698 0.060165430492838873 0.096465760979062121 0.19406044925891675 0.18182888406763081 0.028702975365593894 0.10919687422477149 0.064636178379096909 -0.023661460013013752 0.09282827740310956 0.13309392286761357 0.1210841394147168 0.06983491891627619 0.1501548796995168 0.013391659093773989 0.11262393860132897 0.10505284630355068 0.1234545559594273 0.1192378134216719 -0.031199810105511927 0.11553046601499158 0.021109524002614583
leaf_weight=356.9496735483408 538.13397192209959 708.91495099663734 542.99884966760874 691.99243062734604 168.68488186597824 502.36104625463486 1815.9441549926996 235.38033331930637 565.50206452608109 604.04485613107681 188.36993397027254 1706.8278492540121 424.89465092122555 502.29594333469868 416.86854017525911 1546.7151039689779 231.70393454283476 790.55672200769186 272.6838858500123 401.43829226493835 1076.4078830257058 364.1830130815506 779.91781920194626 364.93305426836014 1025.4618494212627 278.5610980913043 154.95285303890705 388.58222196996212 1049.8273702263832 449.01013223826885 737.51728228479624 1688.6787373870611 726.50419040024281 657.08266369998455 985.26175737380981 217.82224453985691 129.99971108138561 133.23123539984226 684.28263273835182 157.82302362471819 140.35920999199152 156.03424426913261 292.21794623881578 619.74797897040844 11.032306127250193 189.68215887993574 442.99815993010998 257.60197979211807 22.516421668231487 110.97522749006748 414.28056372702122 91.085496135056019 52.971841230988503 205.26286565512419 201.16321308165789 115.05510578304529 310.04528017342091 828.93986164033413 19.123179510235786 14.337994858622549 653.00741243362427 38.200654163956642
leaf_count=1925 3602 2593 3150 2942 946 1950 5947 1787 1701 4272 1159 3491 2584 2448 1647 3872 906 2989 1894 2517 3342 1781 3735 1307 3152 1160 814 2530 3637 2796 2476 4256 5802 3430 4081 1173 573 673 3342 895 926 1004 1581 1522 51 1389 2356 1634 180 650 1873 458 284 816 1477 535 1701 3473 89 111 3219 258
internal_value=0.130509 0.155769 0.0927611 0.117111 0.0586162 0.120188 0.17383 0.0971698 0.150368 0.0793599 0.139202 0.182514 0.100478 0.140622 0.112147 0.17173 0.121118 0.16758 0.0610628 0.0319545 0.19302 0.113088 0.103838 0.121751 0.157996 0.124068 0.0641911 0.0466503 0.156201 0.0752353 0.183441 0.184645 0.0208186 0.0766306 0.122766 0.133346 0.085342 0.077471 0.111696 0.104005 0.0622427 0.053452 0.0975679 0.181439 0.00996096 0.0372308 0.0978777 0.0842134 0.101651 0.0731392 0.120663 0.159459 0.158822 0.133732 0.0359076 0.0830981 0.0868827 0.131454 0.122241 0.054726 0.106221 0.0877778
internal_weight=30449.9 18242.3 12207.6 7125.67 5081.97 6142.36 12099.9 3745.41 3269.62 2857.98 3380.26 8830.33 3126.98 3015.38 2575.4 4358.41 1638.44 1975.81 1635.78 2223.99 4471.91 2045.01 1222.19 1558.06 1527.82 1293.82 1170.01 623.963 1741.82 1031.74 2284.23 2765.09 1465.35 1081.98 1487.56 1048.97 486.949 442.275 1315.65 584.9 309.044 758.636 1526.42 1185.25 927.219 200.714 631.368 546.046 288.445 133.492 632.103 322.789 2074.18 258.235 357.197 272.878 759.055 1193.87 312.022 33.4612 983.426 330.419
internal_count=130864 62783 68081 35296 32785 26704 36079 20496 11595 16943 14800 24484 15073 11631 12901 13395 8221 6212 10663 15842 11089 9059 6280 6561 5102 5383 7595 4317 6579 6391 6348 7598 10844 6014 6529 4693 2498 2545 6857 2790 1872 4998 8208 3223 7242 1440 3515 3278 1644 830 3046 1364 7047 1100 2481 1430 4497 4780 1360 200 5058 1839
cat_boundaries=0 1
cat_threshold=20
is_linear=0
shrinkage=0.05


Tree=3
num_leaves=63
num_cat=0
split_feature=1 3 2 3 1 3 3 3 2 2 2 1 1 7 2 3 3 7 1 2 2 3 6 2 1 1 5 1 3 3 2 2 1 6 6 6 6 2 2 7 3 5 3 2 1 2 1 3 1 2 5 7 3 3 5 2 3 2 2 1 1 7
split_gain=6467.48 5541.33 2469.17 1261.74 733.98 662.238 552.648 499.931 386.814 331.188 325.331 255.021 246.737 215.697 192.31 185.292 134.659 139.043 119.622 119.025 114.957 101.551 99.3269 96.788 115.76 99.5713 95.4603 101.614 98.6988 92.3423 89.9075 87.0931 112.3 81.7256 80.3774 78.1858 77.7373 77.4363 76.0837 98.9055 83.5991 75.6944 93.248 97.2783 75.2805 72.8002 133.863 69.7335 68.46 65.5946 64.416 60.8623 66.4099 60.8302 60.718 67.804 60.4051 60.0621 70.2727 66.4572 59.8457 59.7999
threshold=40008.000000000007 11.855000000000002 86969.500000000015 18.995000000000001 25589.000000000004 15.495000000000003 6.0150000000000006 11.215000000000002 130319.50000000001 153432.00000000003 158370.00000000003 58104.500000000007 66142.500000000015 1.0000000180025095e-35 200145.50000000003 22.095000000000002 2.9350000000000005 1.0000000180025095e-35 62928.500000000007 196387.50000000003 170192.00000000003 7.1550000000000011 1.0000000180025095e-35 32659.500000000004 91732.500000000015 75726.500000000015 0.66500000000000015 65077.500000000007 6.3050000000000006 14.135000000000003 57954.000000000007 80194.000000000015 79999.000000000015 1.0000000180025095e-35 1.0000000180025095e-35 1.0000000180025095e-35 1.0000000180025095e-35 187581.50000000003 63731.500000000007 1.0000000180025095e-35 20.505000000000006 0.85500000000000009 7.4350000000000014 208730.50000000003 68316.500000000015 147705.50000000003 86343.000000000015 10.765000000000002 18109.000000000004 219330.50000000003 0.42500000000000004 1.0000000180025095e-35 10.855000000000002 8.7450000000000028 0.35500000000000004 138150.50000000003 9.6550000000000029 118757.00000000001 157378.50000000003 48640.500000000007 60791.500000000007 1.0000000180025095e-35
decision_type=2 2 2 2 2 2 2 2 2 2 2 2 2 2 2 2 2 2 2 2 2 2 2 2 2 2 2 2 2 2 2 2 2 2 2 2 2 2 2 2 2 2 2 2 2 2 2 2 2 2 2 2 2 2 2 2 2 2 2 2 2 2
left_child=2 6 5 10 9 21 16 14 13 48 23 19 -12 26 -6 31 49 45 -17 33 -9 -1 37 25 -25 -3 27 47 -29 -11 -23 -5 -33 56 -14 -20 -26 -19 39 40 -7 51 43 -43 -30 -18 -47 60 -4 -2 -34 -13 -53 54 -50 -56 -10 -24 -59 -60 -8 -58
right_child=1 3 4 15 7 38 8 20 11 29 12 41 34 -15 -16 18 17 22 35 -21 -22 30 57 24 36 -27 -28 28 44 -31 -32 32 50 -35 -36 -37 -38 -39 -40 -41 -42 42 -44 -45 -46 46 -48 -49 53 -51 -52 52 -54 -55 55 -57 61 58 59 -61 -62 -63
leaf_value=0.049954182215337699 0.025654902553844484 0.050661506923152425 0.17767409476693141 0.11163489929639059 0.10110976090105289 0.11201957144797887 0.06851136929601892 0.14973546422631875 0.090403708927753706 0.18290579114358407 0.13794009697460421 0.088660253295181846 0.11587223878705979 0.047678935811905326 0.14869123633036005 0.1533954626603943 0.057301548079935677 0.046779307764869597 0.14117834485252681 0.14254949604860023 0.17294515269998484 0.069458767457512324 0.0097695141966168512 0.10694257243281227 0.099148811403028211 0.090445403752114212 0.096922621009002743 -0.042376832194607389 -0.03796568984324445 0.20395177002574286 0.10758158586138987 0.14047260948880194 0.10843689813255067 0.064520111177871889 0.097394689957557262 0.12567891165709064 0.079201555664242737 0.085854551270500415 0.15081243201601294 0.099212609587539857 0.16011427878621587 -0.058977258524695167 0.13482090800296601 0.12591994842673618 0.064706262746831708 0.1062314972864527 0.058484279958621134 0.14989899590702227 0.16349055480929214 0.068774920122297814 0.12785108145803403 0.065684505475408148 0.097545711525586942 0.15868332961144985 0.11452772800752649 -0.0051353684959518 0.19272216133412104 0.077892831213350222 0.10807262059710679 0.01755221173676727 0.14251623594194221 0.093434409282897715
leaf_weight=315.93770170211792 594.70980389416218 227.28194378316402 374.55577508360147 1116.8960783854127 580.15973558276892 166.76540701836348 148.53948666900396 973.7548303604126 75.711614541709423 939.60420920699835 895.21397725492716 1141.5185350850224 1251.8542359396815 1165.6393806710839 337.68911570310593 1035.8482032194734 690.64369110018015 432.40166296809912 1740.6036439761519 295.56395851075649 1219.2620200738311 392.89970543980598 234.02607822418213 1894.1440822258592 1026.390581138432 519.40351781994104 420.34687578678131 23.421330347657204 18.246442213654518 1237.6838845610619 257.84138721227646 1142.7461859583855 704.99328155070543 115.86494751274586 1133.964652210474 1574.235312230885 947.36889219284058 180.48435407876968 338.23811016231775 286.80077128857374 203.87618285417557 14.014082200825216 128.49675960093737 14.215826816856859 634.46517732739449 281.82062294334173 308.98412179946899 48.845347851514816 54.244882568717003 103.76449818909168 1130.7574847638607 845.69408839941025 204.53012466430664 515.95809784531593 76.023400023579597 13.914002999663351 41.910806693136692 99.975972361862659 22.60710696876049 193.04044526815414 33.781587548553944 24.640255950391293
leaf_count=1775 3859 1251 863 4449 2555 621 795 2852 346 2196 2901 5217 4713 6947 1105 2897 4063 2647 5353 1003 2765 1938 1631 7987 4530 2520 2010 178 134 1912 1065 3547 2603 584 4650 5302 4557 898 968 1135 543 104 470 56 3468 1274 1667 178 169 551 3785 4383 881 1403 307 87 103 545 104 1221 134 109
internal_value=0.11353 0.100787 0.151794 0.117844 0.167003 0.102782 0.0681384 0.149669 0.0778492 0.183785 0.103468 0.0902644 0.115518 0.063393 0.118635 0.131281 0.0514618 0.0569984 0.138488 0.120822 0.162649 0.0732788 0.0444573 0.0948965 0.0980872 0.0783508 0.0771811 0.0680197 0.0582004 0.194881 0.084586 0.123621 0.12811 0.0958795 0.107097 0.133823 0.0895815 0.0583066 0.131411 0.1214 0.138524 0.0830528 0.116739 0.0340714 0.0618231 0.0683674 0.0812828 0.0966808 0.160416 0.0320768 0.120404 0.0806365 0.0719029 0.150591 0.121506 0.0959743 0.121322 0.0289979 0.0432317 0.0271107 0.0823215 0.156232
internal_weight=33164.8 24879.6 8285.21 16341.7 6322.85 1962.36 8537.9 3110.87 5395.45 3211.98 7895.62 2902.16 3281.03 2493.29 917.849 8446.08 3142.46 2443.98 4350.69 553.692 2193.02 966.679 1162.54 4614.59 3867.9 746.685 1327.65 907.299 676.133 2177.29 650.741 4095.39 2978.5 258.128 2385.82 3314.84 1973.76 612.886 995.68 657.442 370.642 2348.47 156.727 28.2299 652.712 1281.45 590.805 231.166 1034.7 698.474 1835.75 2191.74 1050.22 660.14 144.182 89.9374 142.263 549.65 315.624 215.648 182.321 66.5511
internal_count=130864 106605 24259 61045 16214 8045 45560 9277 27100 6937 33109 13256 12264 13844 3660 27936 18460 14050 13552 2145 5617 4778 7046 20845 17074 3771 6897 4887 3780 4108 3003 14384 9935 1142 9363 10655 9087 3545 3267 2299 1164 11111 630 160 3602 7004 2941 1107 2829 4410 6388 10481 5264 1966 563 394 558 3501 1870 1325 929 212
is_linear=0
shrinkage=0.05


Tree=4
num_leaves=63
num_cat=0
split_feature=0 1 3 3 2 1 1 0 0 2 3 3 3 0 2 1 0 3 3 3 2 2 2 1 2 1 7 2 2 2 3 1 3 1 3 5 0 0 3 0 1 2 5 2 2 3 1 0 1 0 0 2 1 3 3 0 3 5 1 0 0 3
split_gain=7890.29 3201.26 2331.97 1918.91 1171.24 1079.34 1060.43 658.195 547.814 490.013 340.806 337.616 325.352 323.988 316.3 314.746 274.902 264.971 179.703 166.69 162.29 157.285 150.646 156.227 147.897 145.328 131.861 131.077 130.516 122.548 121.448 117.244 108.446 106.284 105.338 96.5424 92.1669 92.0232 91.3586 90.5557 85.4491 84.5283 83.5762 80.67 80.3652 78.9526 77.4825 99.9896 75.5115 75.1088 74.9241 73.2768 71.4544 69.9145 69.6718 68.667 67.8217 67.5849 66.0228 65.7494 65.1618 88.8046
threshold=42.500000000000007 36842.500000000007 10.855000000000002 11.585000000000003 89968.500000000015 34164.500000000007 54392.500000000007 59.500000000000007 32.500000000000007 125546.00000000001 21.115000000000006 19.175000000000004 15.685 28.500000000000004 102421.50000000001 21405.500000000004 52.500000000000007 16.795000000000005 21.295000000000005 4.2750000000000012 176874.50000000003 141170.00000000003 215474.00000000003 48079.500000000007 167210.00000000003 66142.500000000015 1.0000000180025095e-35 128393.00000000001 200145.50000000003 152456.00000000003 3.9850000000000008 25589.000000000004 6.5950000000000006 125222.50000000001 16.435000000000006 0.17500000000000002 54.500000000000007 35.500000000000007 15.495000000000003 26.500000000000004 127320.50000000001 181680.50000000003 0.45500000000000007 93807.500000000015 148610.50000000003 8.9250000000000025 22475.500000000004 38.500000000000007 67784.500000000015 53.500000000000007 50.500000000000007 23323.500000000004 88463.500000000015 12.755000000000001 9.1050000000000022 27.500000000000004 6.205000000000001 0.28500000000000009 67250.500000000015 62.500000000000007 65.500000000000014 22.005000000000006
decision_type=2 2 2 2 2 2 2 2 2 2 2 2 2 2 2 2 2 2 2 2 2 2 2 2 2 2 2 2 2 2 2 2 2 2 2 2 2 2 2 2 2 2 2 2 2 2 2 2 2 2 2 2 2 2 2 2 2 2 2 2 2 2
left_child=2 4 5 16 12 14 9 10 11 38 26 28 -2 19 37 20 22 29 53 -7 -6 60 23 51 54 -26 -5 -21 39 36 -25 -11 -15 34 -23 58 -17 -1 -4 -8 50 46 52 49 -44 -22 -16 -48 -45 -12 -28 -3 -36 -10 -18 -40 -31 -53 -34 -19 -9 -62
right_child=1 3 6 7 15 13 8 21 18 31 43 -13 -14 32 41 17 24 59 -20 27 45 33 -24 30 25 -27 40 -29 -30 56 -32 -33 35 -35 42 -37 -38 -39 55 -41 -42 -43 44 48 -46 -47 47 -49 -50 -51 -52 57 -54 -55 -56 -57 -58 -59 -60 -61 61 -63
leaf_value=0.10681078320703177 0.027549061008521683 -0.057521332689145999 0.11103259431214481 0.08344668613234632 0.13098952276299233 0.069638192079260738 0.11842219823185736 0.046990682370259065 0.073925228608057558 0.17070599855214419 0.097703719367789404 0.13981478138569101 0.09366064043113935 0.058646283669759637 0.15375956621390394 0.098876512302097597 0.00020082526293809132 0.14810136376335445 0.12023208987195921 0.087291220530207658 0.13453783028449989 0.046249020226943133 0.079543390687771318 -0.0032617696120158385 0.067543469174499576 0.02078139349267363 0.080652498582156507 0.11366061141330111 0.13404799098742329 0.078162802729074721 0.039236833936897128 0.15156344487267906 0.086796635412685508 0.032668883503541045 0.08204002219258108 0.083870836485277975 0.038592339002229692 0.044700883341423997 0.14545275344082667 0.098517617244827355 0.036524265451435466 0.16245468151232353 0.17744422090534784 0.12743417454034472 0.092088670798492672 0.18333757542959606 0.12143950156737691 0 0.10013605570205697 0.056480822294156213 0.056284092643677112 0.016830796035017102 0.026464005519735535 0.098552099197798657 0.025546757451566413 0.12447494263488559 0.12134185551049868 0.10752807090338673 0.0051290028536407246 0.10875614018570215 0.0080414104812402323 0.058982355846042105
leaf_weight=292.43106704950333 372.4438880905509 8.4916574507951719 574.35576861351728 1724.5143354311585 395.36288326978683 495.9516917988658 1585.905723541975 714.0079860240221 345.99903512746096 1274.9499286264181 370.03638112545013 3153.3201029449701 372.63350674510002 1161.5152423605323 214.6001320630312 130.96125950664282 971.53985121846199 565.03260077536106 1008.5651689469814 838.71943329274654 106.16507518291473 272.82174374163151 263.64272040873766 206.2470904737711 234.11117108166218 574.17093067616224 635.4660220220685 1091.0166761279106 841.00991646945477 118.20697970688343 903.49519018828869 2228.8156910389662 38.485964640974998 213.5724645331502 157.36146993935108 1184.6612527519464 123.94199910014868 75.556361883878708 755.79436442255974 907.69397263228893 251.57114309072495 519.84346605837345 30.391122698783875 378.24189819395542 321.32917721569538 421.61509448289871 200.12285083532333 18.568474739789963 795.27562642097473 159.32108090817928 633.84197821468115 24.786207504570484 92.116967357695103 1837.0790946558118 376.20702280849218 837.18027835339308 417.96523853391409 124.9845142737031 69.444696515798569 133.97506806254387 307.4633754491806 118.62492153048515
leaf_count=992 2282 67 1762 7510 1172 2289 4605 4206 1497 1578 1395 6683 1461 6036 433 537 7394 1338 2820 3363 305 1502 1211 1448 1278 3754 2853 3391 2008 562 5318 4162 160 1205 706 5071 712 377 1507 3166 1366 951 98 1104 1373 678 588 104 2855 789 3250 151 517 6587 2518 2248 1422 556 405 484 2071 633
internal_value=0.100335 0.07114 0.11933 0.0582567 0.11545 0.0934459 0.129785 0.0733213 0.119719 0.146962 0.0834838 0.128068 0.0606281 0.0825858 0.133546 0.132371 0.0289394 0.118123 0.102742 0.0955536 0.155348 0.0507428 0.0451379 0.0379747 0.0174281 0.0343384 0.0739676 0.102207 0.116955 0.098255 0.0313343 0.158535 0.0697627 0.0643535 0.0720855 0.0797427 0.0696107 0.0940874 0.128244 0.111183 0.0632112 0.148764 0.083792 0.101612 0.0995265 0.173558 0.132294 0.111146 0.108949 0.0853193 0.0684932 0.0844566 0.0615581 0.0946548 0.00728091 0.13444 0.111848 0.0925728 0.0343498 0.140584 0.0377499 0.0222458
internal_weight=35573.5 14021.9 21551.6 10863.6 3158.3 6200.92 15350.7 7175.96 9679.57 5671.1 4948.27 6487.93 745.077 4879.79 1321.12 2413.23 3687.68 1490.08 3191.64 2425.69 923.143 2227.69 1531.65 1268 2156.03 808.282 3245.39 1929.74 3334.61 791.075 1109.74 3503.77 2454.11 1087.59 874.02 1292.59 254.903 367.987 2167.33 2493.6 1520.88 953.135 601.199 1702.87 351.72 527.78 433.291 218.691 1173.52 529.357 1269.31 158.262 249.478 2183.08 1347.75 1592.97 536.172 149.771 107.931 699.008 1140.1 426.088
internal_count=130864 68081 62783 57128 10953 24160 38623 33433 27366 11257 21122 16462 3743 20715 3445 7210 23695 5055 10904 9043 2155 12311 8751 7540 14944 5032 14979 6754 9779 3233 6766 5740 11672 5401 4196 5636 1249 1369 5517 7771 7469 2076 2694 6143 1471 983 1125 692 3959 2184 6103 774 1223 8084 9912 3755 1984 707 565 1822 6910 2704
is_linear=0
shrinkage=0.05


Tree=5
num_leaves=63
num_cat=0
split_feature=0 1 3 3 2 1 3 1 0 0 2 2 3 2 1 0 3 0 3 3 0 2 1 2 1 0 2 2 2 3 2 5 2 3 2 3 0 6 3 3 2 1 0 2 2 2 3 0 0 3 0 1 5 2 1 2 3 2 1 1 3 3
split_gain=6147.07 2532.15 2022.62 1383.92 1133.97 1010.1 545.495 486.02 389.277 346.88 299.708 272.913 268.473 258.096 217.298 208.695 203.083 196.809 189.749 159.763 135.56 129.75 125.657 124.15 123.506 134.758 112.516 112.089 106.108 101.609 97.3523 113.964 96.0253 107.425 93.9702 160.455 93.3129 90.8127 88.8192 106.587 85.6574 84.0706 81.1548 80.7419 79.343 78.1197 77.1447 76.9052 75.4242 74.4623 74.0454 73.1554 72.8647 71.928 83.1267 92.271 70.3512 78.3919 68.9553 68.1494 68.0005 66.9766
threshold=41.500000000000007 37381.500000000007 14.865 15.865 91881.000000000015 32006.500000000004 8.0050000000000008 61847.500000000007 56.500000000000007 59.500000000000007 110233.50000000001 125546.00000000001 14.135000000000003 76263.500000000015 27234.500000000004 25.500000000000004 10.675000000000002 34.500000000000007 15.305000000000001 6.9750000000000005 23.500000000000004 198279.00000000003 86343.000000000015 109256.50000000001 73067.500000000015 32.500000000000007 208730.50000000003 201116.50000000003 124491.50000000001 21.205000000000002 192483.50000000003 0.30500000000000005 232820.00000000003 4.2750000000000012 39564.500000000007 22.625000000000004 29.500000000000004 1.0000000180025095e-35 22.455000000000002 24.115000000000006 42383.500000000007 67250.500000000015 51.500000000000007 66533.500000000015 129375.50000000001 194460.50000000003 16.705000000000002 57.500000000000007 54.500000000000007 15.215000000000002 25.500000000000004 139489.00000000003 0.28500000000000009 85049.500000000015 51197.500000000007 158370.00000000003 9.2850000000000019 121623.50000000001 19180.500000000004 45378.500000000007 20.055000000000003 22.715000000000003
decision_type=2 2 2 2 2 2 2 2 2 2 2 2 2 2 2 2 2 2 2 2 2 2 2 2 2 2 2 2 2 2 2 2 2 2 2 2 2 2 2 2 2 2 2 2 2 2 2 2 2 2 2 2 2 2 2 2 2 2 2 2 2 2
left_child=2 4 5 8 18 13 17 11 19 30 20 36 14 50 21 60 22 32 43 40 -8 -6 23 -10 27 -26 47 37 -21 -17 31 38 33 51 35 -11 -4 -12 -5 -40 -3 46 -33 -2 -39 -15 -36 -14 -16 -38 -1 52 -7 -19 55 -55 -50 -58 -28 -51 -9 -32
right_child=1 3 7 9 12 6 10 15 16 34 24 -13 26 45 48 29 -18 53 -20 28 -22 -23 -24 -25 25 -27 58 -29 -30 -31 61 42 -34 -35 41 -37 49 44 39 -41 -42 -43 -44 -45 -46 -47 -48 -49 56 59 -52 -53 -54 54 -56 -57 57 -59 -60 -61 -62 -63
leaf_value=0.11031810549827535 0.010616161916581709 -0.0031815587194684129 0.12715070635885489 0.044065650249573929 0.097319862808209229 0.027202004822553312 0.09733127313002532 0.11345393004118343 -0.0012715413238671711 -0.012103968110411395 0.11722773509234866 0.14129408837719745 0.13071476253401254 0.12234629761486511 0.088608735849034961 0.098001912419778084 0.039406774333326712 0.020712264421920069 0.074117101163467258 0.043696970175388206 0.067314919551420868 0.1394743184959063 -0.0027705326414271857 0.043208984175123297 0.1028766473209175 0.074074750271128906 0.17400711698625251 0.13195061773154221 0.064473587256540704 0.1137118408714928 0.085003169394372302 0.088992816494462113 0.10507742702239993 0.078194933233034697 -0.0043162516508057618 0.081870232367141013 0.002289290301871244 0.022485202158256973 0.10135568404254641 0.022952216752078817 0.037984821494091707 0.049516007332213625 0.069368494012433168 0.058361604291208416 0.09208669936694476 0.14528753878100334 0.082146928305004585 0.10206123959815189 0.015545147317284763 0.11645739847996338 0.06468432206107011 -0.0021847227693302536 0.067543364719017202 0.024038550443210887 0.044570259152384523 0.12045285400575814 -0.05835350714225758 0.096219404508496947 0.13633535595966589 0.085320314738361575 0.12950874320599501 0.11253361919090775
leaf_weight=158.91847296059132 271.59071958810091 145.19556012004614 1168.2118643969297 435.50078798830509 444.08013523370028 142.19816422462463 543.19566921889782 1179.2919567376375 249.68672064691782 130.06866574287415 413.41325645148754 3144.5617748498917 701.21831168234348 954.11259023845196 221.44624837487936 2396.411164060235 1068.4107692092657 221.75013638287783 425.73699750751257 1094.1151800975204 1238.4562668278813 313.81608359515667 791.17488094419241 420.91977782547474 1338.7157265692949 587.39835801720619 185.84106937050819 526.99942447245121 1412.0874133557081 1830.8693824708462 735.22088715434074 1314.0100758224726 221.23345106840134 1482.4385893791914 27.520284101366997 69.625353515148163 17.227988451719284 48.382698610424995 178.15253610908985 57.603855341672897 962.06416299939156 1003.8678828328848 889.92523312568665 131.57830115407705 276.52487508952618 622.74396912753582 385.41533536463976 358.85860985517502 95.695676170289516 622.45097997784615 205.37252360582352 52.249240532517433 537.36933245509863 35.648918196558952 458.09522941708565 83.090144097805023 9.1382054537534696 72.508343666791916 372.88457159698009 249.23629674315453 1551.8204474151134 320.59060041606426
leaf_count=437 1721 1060 2253 2062 1523 745 1700 2849 1924 908 1040 4651 1487 2065 811 7193 6112 1303 1659 6002 5066 727 5869 2548 3809 2268 192 1091 6338 4331 2621 4710 689 5617 175 329 83 214 583 271 5710 5169 3874 678 832 909 1669 1144 569 1464 801 311 2385 188 2289 258 68 294 756 802 2740 876
internal_value=0.0899454 0.0655298 0.106685 0.0542322 0.102171 0.0902007 0.082525 0.120441 0.0378826 0.0723368 0.0929242 0.132014 0.117499 0.122645 0.0990618 0.111788 0.0228367 0.0665301 0.0508333 0.0484157 0.0764742 0.114797 0.0107204 0.0266424 0.102103 0.0941 0.130662 0.114274 0.0554074 0.10481 0.080358 0.0755723 0.0735974 0.0704453 0.0528239 0.0206606 0.117819 0.101634 0.0574901 0.0822379 0.0325823 0.0573519 0.0810745 0.0262214 0.0817477 0.131418 0.0763728 0.12103 0.0691229 0.105537 0.0846302 0.0547315 0.0591146 0.0449636 0.0542726 0.0915931 0.0447267 0.0788076 0.148903 0.107571 0.122583 0.0933772
internal_weight=37603.9 15295.5 22308.4 11691.2 3604.39 10148.3 8207.16 12160.1 6143.65 5547.5 4973.09 5201.69 2775.49 1941.15 1156.68 6958.39 2530.19 3234.07 828.906 3613.46 1781.65 757.896 1461.78 670.606 3191.43 1926.11 1618.8 1265.32 2506.2 4227.28 3931 2875.19 2435.49 2214.26 1616.5 199.694 2057.13 738.321 671.257 235.756 1107.26 1416.8 2203.94 403.169 324.908 1576.86 412.936 1060.08 398.788 888.915 364.291 731.817 679.567 798.584 576.834 118.739 177.342 81.6465 558.726 871.687 2731.11 1055.81
internal_count=130822 70439 60383 58810 11629 34017 29805 26366 35563 23247 16020 9253 7571 4212 3992 17113 16453 13785 4058 19110 6766 2250 10341 4472 9254 6077 3579 3177 12340 11524 14997 11500 9747 9058 8250 1237 4602 2086 2916 854 6770 7013 8584 2399 1046 2974 1844 2631 1742 2349 1238 3441 3130 4038 2735 446 931 362 948 2266 5589 3497
is_linear=0
shrinkage=0.05


Tree=6
num_leaves=63
num_cat=0
split_feature=0 1 1 2 0 0 2 2 1 1 7 2 2 2 2 7 1 0 2 1 1 6 0 5 6 2 1 2 0 0 7 2 0 5 2 1 5 0 2 5 5 2 2 1 0 5 4 2 2 1 2 1 2 2 0 5 1 1 0 2 0 2
split_gain=4946.21 2048.69 1101.37 772.756 648.418 462.527 340.626 296.412 286.716 212.769 201.642 186.403 160.101 137.296 136.434 121.754 119.939 116.617 101.706 110.343 87.3182 85.996 79.9136 83.8298 78.1743 78.0158 77.9197 91.7389 74.4343 74.2764 73.9672 71.7903 82.4765 68.3808 64.4047 64.2701 63.7258 62.6491 59.1458 57.9375 55.9984 55.5367 56.4723 59.3482 57.8776 75.9011 71.9375 67.0807 55.5081 55.1649 58.7023 53.5773 53.2408 52.3475 50.8768 50.5569 62.6793 57.4109 56.3184 49.9643 48.7246 48.6303
threshold=41.500000000000007 30918.500000000004 34718.500000000007 97616.500000000015 54.500000000000007 25.500000000000004 53980.500000000007 132267.50000000003 90081.500000000015 67250.500000000015 1.0000000180025095e-35 81148.500000000015 193456.00000000003 45236.500000000007 161269.00000000003 1.0000000180025095e-35 43258.500000000007 34.500000000000007 122593.50000000001 93272.500000000015 22475.500000000004 1.0000000180025095e-35 58.500000000000007 0.33500000000000008 1.0000000180025095e-35 65593.500000000015 102995.50000000001 143920.00000000003 59.500000000000007 36.500000000000007 1.0000000180025095e-35 120659.00000000001 65.500000000000014 0.47500000000000003 207807.00000000003 18667.500000000004 0.79500000000000015 36.500000000000007 9752.5000000000018 0.14500000000000005 0.31500000000000006 47105.000000000007 215474.00000000003 95464.500000000015 53.500000000000007 0.13500000000000004 42.000000000000007 113012.50000000001 59911.000000000007 75215.000000000015 145837.50000000003 134273.00000000003 194460.50000000003 123563.00000000001 38.500000000000007 0.46500000000000002 24007.000000000004 28285.000000000004 54.500000000000007 245227.00000000003 53.500000000000007 68452.500000000015
decision_type=2 2 2 2 2 2 2 2 2 2 2 2 2 2 2 2 2 2 2 2 2 2 2 2 2 2 2 2 2 2 2 2 2 2 2 2 2 2 2 2 2 2 2 2 2 2 2 2 2 2 2 2 2 2 2 2 2 2 2 2 2 2
left_child=2 3 6 25 10 26 29 15 11 52 13 38 28 -3 20 21 48 -11 24 -20 -8 39 -10 -24 33 -2 27 -4 55 -1 34 32 -25 60 -13 -14 -32 61 -6 -7 41 -18 43 44 45 47 -46 -43 -15 -19 -51 -33 -9 -53 -22 56 -5 58 -58 -36 -12 -17
right_child=1 4 5 12 8 7 14 9 22 17 18 30 35 16 -16 37 40 49 19 -21 54 -23 23 31 -26 -27 -28 -29 -30 -31 36 51 -34 -35 59 -37 -38 -39 -40 -41 -42 42 -44 -45 46 -47 -48 -49 -50 50 -52 53 -54 -55 -56 -57 57 -59 -60 -61 -62 -63
leaf_value=0.089205294996140397 0.037324517316216707 0.045069869139925556 0.097247170089189511 0.10793187520664725 -0.025673764524336042 0.043816886126322709 0.12368373657528529 0.096189817967447633 0.040949859224048459 0.091551156994179039 0.040976157911107876 0.05799579350211731 0.14327092121312468 -0.0021649452489421288 0.12955536088109448 0.06307632899241962 0.17775929663056206 0.099769826639750259 0.07095327305753639 0.045913544004683692 0.10578452934957479 0.073042207917357313 0.0062944497252007724 0.028564420709339945 0.030165288084883304 0.071571506774496599 0.093560528899287565 0.111685986178405 0.078509264878785068 0.040743141591606705 0.052068714641275507 0.045617906192926216 -0.010040551870015159 0.066881646806715087 0.088914628491651271 0.11706120197971125 0.01582856547584947 0.053949624303493496 0.032741731836729356 0.092911039429746572 0.074177681234373252 0.13596972503573576 0.084279323862063008 0.063749603862305354 -0.012978769878154165 0.0085453621789409896 0.17310700124181005 0.012788769366183851 0.10225140530821906 0.098734365699570115 0.06666208384837137 0.14674845103061365 0.11246571740667835 0.010908477331697999 0.067558919287303912 0.11721585370114372 0.054544620773252284 0.10273932547905143 -0.062518420667007676 0.022582522148550381 -0.040456837993614582 0.079621451085691464
leaf_weight=523.99513044953346 408.17925025522709 481.90907899290323 2273.8027571290731 230.85267016291618 45.619162641465664 63.476398408412933 876.13821649551392 984.45998695492744 845.91012229025364 2471.1712558269501 283.17120120674372 872.34393030405045 361.39110933244228 13.045316621661184 2420.0522367060184 834.29109017550945 9.4603103026747686 184.50536517798901 1061.3979170545936 755.85448797047138 1018.4116602689028 1296.9248847216368 566.43400142341852 433.64208031445742 666.33289075642824 282.36456319689751 2769.1913923919201 2169.7028871774673 321.14673958718777 93.892296016216278 1018.1210682764649 639.08691650629044 202.85392069816589 424.168128490448 330.05096367746592 696.95754343271255 138.30246758460999 663.62710890173912 807.91466824710369 1399.4570243656635 2033.4417304694653 24.812962800264359 141.16533075273037 298.94463238865137 7.970186538994315 181.64535036683083 14.487476937472819 20.079374343156815 399.83804347366095 163.30682678520679 1201.1123462617397 7.2732114195823661 1060.2894008010626 193.1219649836421 96.781182780861855 499.84283176064491 59.982855290174484 54.388309195637703 12.269592896103857 31.374758377671242 19.503250382840633 970.36086396872997
leaf_count=1383 2054 2346 5669 543 328 260 1424 2508 4447 6732 1438 4193 475 77 3138 3096 25 518 3996 3417 2150 4457 3631 2701 3497 1089 7077 4295 1139 377 4980 3389 1439 1924 1271 1508 764 2784 4820 4246 7813 71 477 1274 47 926 36 100 1122 496 4161 27 2192 1171 311 1156 207 156 75 157 133 3109
internal_value=0.0813687 0.0598201 0.0959231 0.0976032 0.0512908 0.0902818 0.116678 0.0839591 0.039482 0.0914867 0.0618802 0.0496865 0.111879 0.0699651 0.121552 0.0752243 0.0737768 0.0847944 0.0527432 0.0605443 0.111816 0.0824533 0.0280187 0.0226589 0.0425603 0.0513437 0.100179 0.104301 0.0991582 0.081857 0.0568517 0.0289348 0.0162534 0.0539108 0.065383 0.126028 0.0477406 0.0671362 0.0296111 0.0907874 0.0699685 0.0577002 0.0560192 0.0487154 0.0306269 0.0229819 0.107079 0.0811356 0.0989405 0.0740061 0.0705114 0.0385408 0.104637 0.0159344 0.102478 0.106877 0.092379 0.0639255 0.0345375 0.0831781 0.0357008 0.0719793
internal_weight=39431.6 15896.7 23535 2927.38 12969.3 18505.7 5029.27 11293 6132.05 6064.85 6837.23 3243.73 2236.83 3626.8 4411.38 5228.14 3144.89 4020.1 3210.43 1817.25 1991.33 2759.86 2888.32 2042.41 1393.18 690.544 7212.7 4443.51 1178.48 617.887 2390.19 1475.98 636.496 726.843 1233.77 1058.35 1156.42 2468.28 853.534 1462.93 2732.01 698.566 689.105 547.94 248.995 226.538 22.4577 44.8923 412.883 1548.92 1364.42 839.482 2044.75 200.395 1115.19 857.336 357.493 126.641 72.2524 361.426 302.674 1804.65
internal_count=130822 70439 60383 8402 62037 51600 8783 34559 33318 16607 28719 16513 5259 14314 7023 17952 11968 11907 14405 7413 3885 8963 16805 12358 6992 3143 17041 9964 3276 1760 11365 8727 4140 3495 5621 1983 5744 8989 5148 4506 10769 2956 2931 2454 1180 1097 83 171 1199 5175 4657 4587 4700 1198 2461 2137 981 438 282 1428 1571 6205
is_linear=0
shrinkage=0.05


Tree=7
num_leaves=63
num_cat=2
split_feature=3 2 2 3 3 3 2 3 3 7 7 7 2 5 2 2 2 6 3 5 6 8 5 2 3 5 5 7 5 5 3 2 5 2 5 6 2 5 3 6 3 5 3 8 4 3 5 2 2 3 2 4 2 2 5 5 2 2 5 5 3 3
split_gain=3170.82 994.786 460.676 426.93 347.285 211.473 161.067 138.495 132.659 132.386 130.873 104.991 104.458 81.0304 77.0907 71.3426 70.4078 67.27 66.9397 63.3509 61.9315 60.6785 58.6672 55.8935 54.6383 61.9341 54.0978 53.8762 54.5439 52.6081 50.5691 61.898 49.5107 65.0201 48.8802 53.4578 60.6584 57.066 47.984 48.6296 47.9263 43.6456 40.6346 44.4666 40.401 46.4766 40.2832 39.2965 39.1516 38.882 43.1675 49.3702 38.4529 50.5462 50.1429 40.7397 37.861 37.361 38.0819 50.832 37.6834 37.3269
threshold=14.775 111207.50000000001 143015.50000000003 6.0150000000000006 8.1850000000000005 19.885000000000002 181680.50000000003 22.795000000000005 10.765000000000002 1.0000000180025095e-35 1.0000000180025095e-35 1.0000000180025095e-35 58951.500000000007 0.60500000000000009 41464.000000000007 56928.000000000007 22372.500000000004 1.0000000180025095e-35 3.3150000000000004 0.13500000000000004 1.0000000180025095e-35 0 0.42500000000000004 48080.500000000007 10.025 0.83500000000000008 0.13500000000000004 1.0000000180025095e-35 0.48500000000000004 0.16500000000000004 5.245000000000001 245227.00000000003 0.36500000000000005 188535.50000000003 0.52500000000000013 1.0000000180025095e-35 97616.500000000015 0.53500000000000014 4.8450000000000006 1.0000000180025095e-35 6.1150000000000011 0.87500000000000011 22.005000000000006 1 30.000000000000004 14.405000000000003 0.75500000000000012 55003.500000000007 220299.50000000003 15.595000000000001 55966.500000000007 30.000000000000004 83146.000000000015 86969.500000000015 0.52500000000000013 0.69500000000000006 62750.500000000007 179779.50000000003 0.46500000000000002 0.47500000000000003 7.9150000000000009 7.535000000000001
decision_type=2 2 2 2 2 2 2 2 2 2 2 2 2 2 2 2 2 2 2 2 2 1 2 2 2 2 2 2 2 2 2 2 2 2 2 2 2 2 2 2 2 2 2 1 2 2 2 2 2 2 2 2 2 2 2 2 2 2 2 2 2 2
left_child=1 4 5 18 10 12 8 11 57 -7 14 -4 49 -14 -1 38 19 -10 -3 -6 -8 -18 44 42 25 -21 -25 28 48 -17 31 -29 33 -13 40 36 37 -36 39 47 -12 46 43 -11 45 -23 52 -16 -20 50 51 -2 -31 54 -54 -56 -15 58 -5 -60 -61 -55
right_child=2 3 7 6 16 9 20 -9 17 23 34 32 13 56 15 29 21 -19 27 24 -22 22 -24 26 -26 -27 -28 30 -30 41 -32 -33 -34 -35 35 -37 -38 -39 -40 -41 -42 -43 -44 -45 -46 -47 -48 -49 -50 -51 -52 -53 53 61 55 -57 -58 -59 59 60 -62 -63
leaf_value=0.024062861633053406 0.0062703916156919412 0.040209386082516646 0.09612910317587782 0.049737606280316433 -0.060947859225532044 0.092696096853096183 0.084960667726721631 0.10370126104572097 0.082955811788627265 0.0037822367652271278 5.3153162767079102e-05 0.060693407500006208 0.070908212679259577 0.12377632748485082 0.055487933558339364 -0.0060829307723436563 0.039049146816476907 0.06521921754994979 0.043509340515708969 0.00061073115990682139 0.073504887294585403 0.065575560225723098 0.065756454611040779 0.040102253210984783 0.049145996981477064 0.10579506012122052 0.083843130308162206 0.056847028202899344 0.073793145753102474 0.026873696282637395 0.028973863267299463 -0.039805788400494722 0.088647903672752992 0.084976460006234961 0.13307349079535022 0.014309017540942246 0.089332694242644728 0.02837553879318035 0.089051206289356075 0.0061357109971766528 0.027110617113453181 -0.025888263636977119 0.075524304370688841 0.060039898074268509 0.041934387187936989 -0.0099609160939420904 0.071404582093013189 0.16618238308741423 0.075720010009021441 0.065111770948218378 0.11637831953141656 0.054832283446059331 0.12482969094938606 0.036498305250063215 -0.059428041378656461 0.10705265284921875 0.085131451055028187 0.013323150648259256 0.12390981364396406 0.04931150250666546 0.068999036132726774 0.092682977436775102
leaf_weight=481.07883431762457 81.58823848515749 920.05991273373365 4427.4396090507507 845.51815067231655 15.869019567966459 3306.9690999686718 2483.5846549198031 2810.6239806562662 1140.5012600049376 54.19000256061554 438.25391820818186 429.05647428333759 1950.9275016859174 68.064054325222969 42.523871123790741 55.140700988471508 605.69803972542286 1020.8406388759613 378.62611711025238 122.15825818479061 2286.9290648847818 424.50969778001308 1683.2346969172359 74.002351894974709 410.89526703208685 15.720384925603865 2013.3470505774021 717.70028208196163 624.45103624463081 269.7360153272748 262.18332636356354 16.828367374837399 2705.1877745389938 788.79134400188923 13.592079572379587 322.28076757490635 57.891109392046928 280.63492475450039 153.20967282354832 45.602356940507889 261.45434647798538 21.292721085250378 489.09818689525127 246.18143989145756 588.48124695569277 21.244174316525459 133.23761072009802 9.9434514939784986 126.87425411492586 1483.3634195774794 18.81196203827858 147.27361199259758 40.449635371565819 238.34679754823446 7.9522565081715566 6.6429687142372131 1190.530169390142 48.84047307819128 34.36492558568716 382.49968260526657 686.14456113427877 33.903160370886326
leaf_count=2613 403 4182 9904 3464 107 8162 7002 5435 3366 242 2677 1329 6264 156 219 326 2707 3433 1616 694 7012 1689 6533 256 1802 55 5428 2996 2243 1390 1196 101 6557 1930 45 1824 238 1520 604 274 1382 129 1469 849 2588 108 552 30 429 5329 51 592 126 1149 57 24 3480 224 97 1578 2472 113
internal_value=0.0741413 0.0590031 0.0868957 0.0676768 0.0437279 0.0796894 0.0731932 0.0940771 0.0659883 0.0858585 0.0306695 0.090836 0.0719653 0.0773147 0.0406862 0.0482374 0.0535104 0.0745842 0.051506 0.0371477 0.0794716 0.0562879 0.0597632 0.0779939 0.040004 0.0127077 0.0822968 0.0563887 0.0638822 0.0409668 0.047883 0.0546207 0.0848587 0.0764312 0.0194445 0.0290534 0.0425264 0.0332727 0.0715333 0.044052 0.0101731 0.0444258 0.0666016 0.0520358 0.0505766 0.0619629 0.0464861 0.0768378 0.0516171 0.0620401 0.0436043 0.0375523 0.0409057 0.0524429 0.0962034 0.0162177 0.087235 0.056681 0.0577644 0.0639078 0.0619622 0.0435448
internal_weight=41062.4 18776.9 22285.4 11975.9 6800.98 11124.3 8929.22 11161.1 4158.71 6183.79 2913.17 8350.48 4940.56 3209.52 1539.06 1057.98 3887.81 2161.34 3046.72 564.643 4770.51 3323.17 2717.47 2876.82 548.774 137.879 2087.35 2126.66 1129.95 806.702 996.712 734.529 3923.04 1217.85 1374.11 674.399 352.118 294.227 251.279 98.0697 699.708 751.561 789.47 300.371 1034.24 445.754 730.268 52.4673 505.5 1731.04 247.674 228.862 597.031 327.295 55.0449 14.5952 1258.59 1997.37 1948.53 1103.01 1068.64 272.25
internal_count=130822 72986 57836 41411 31575 32681 28648 25155 14634 16406 15292 19720 16275 9900 7606 4993 16283 6799 12763 2658 14014 13625 10918 8244 2551 749 5684 8581 4288 3866 4293 3097 9816 3259 7686 3627 1803 1565 1127 523 4059 3540 2560 1091 4385 1797 3411 249 2045 6375 1046 995 2859 1469 207 81 3636 7835 7611 4147 4050 1262
cat_boundaries=0 1 2
cat_threshold=2 2
is_linear=0
shrinkage=0.05


Tree=8
num_leaves=63
num_cat=1
split_feature=0 1 3 3 2 1 0 1 3 3 0 3 1 3 3 2 2 3 8 2 1 0 0 1 1 0 0 2 2 0 1 5 1 0 0 3 2 2 5 3 1 3 5 3 2 2 3 3 1 5 2 0 1 2 0 2 2 4 3 2 2 2
split_gain=4093.42 1761.66 1180.05 1092.38 809.363 651.311 386.28 272.865 260.276 256.541 211.808 211.498 197.518 186.763 160.231 155.605 152.792 105.763 103.707 98.0419 97.2529 118.241 90.7621 87.8222 83.8712 80.797 79.548 79.2068 77.1356 72.0594 68.8978 68.068 67.2322 65.9479 65.6434 65.1128 64.6811 62.3048 61.1764 60.3731 59.46 62.5853 60.679 58.466 58.0442 57.0828 67.1145 56.523 54.8764 53.7762 52.3538 63.7912 52.1939 51.1244 50.4826 50.3901 49.5008 48.6609 48.5347 64.5928 47.0643 46.9416
threshold=38.500000000000007 41611.500000000007 14.405000000000003 10.405000000000003 91881.000000000015 32006.500000000004 59.500000000000007 38458.000000000007 8.0050000000000008 14.135000000000003 57.500000000000007 18.365000000000006 26129.500000000004 15.965000000000002 20.505000000000006 76263.500000000015 110233.50000000001 18.635000000000002 0 153432.00000000003 18667.500000000004 57.500000000000007 41.500000000000007 47524.500000000007 86343.000000000015 22.500000000000004 23.500000000000004 133286.50000000003 101432.00000000001 23.500000000000004 97053.500000000015 0.14500000000000005 84243.500000000015 55.500000000000007 48.500000000000007 2.9350000000000005 17455.500000000004 65593.500000000015 0.27500000000000008 2.4650000000000003 116688.00000000001 19.885000000000002 0.23500000000000001 3.1250000000000004 234668.50000000003 222155.50000000003 8.3650000000000002 8.0950000000000006 67250.500000000015 0.32500000000000007 63731.500000000007 65.500000000000014 112026.50000000001 109256.50000000001 54.500000000000007 27095.500000000004 181680.50000000003 18.000000000000004 10.765000000000002 155399.00000000003 190488.50000000003 59911.000000000007
decision_type=2 2 2 2 2 2 2 2 2 2 2 2 2 2 2 2 2 2 1 2 2 2 2 2 2 2 2 2 2 2 2 2 2 2 2 2 2 2 2 2 2 2 2 2 2 2 2 2 2 2 2 2 2 2 2 2 2 2 2 2 2 2
left_child=2 4 5 10 13 15 11 27 25 12 19 22 28 37 29 31 26 50 -13 23 -11 -22 -5 49 53 38 55 -4 -6 -9 -18 -1 -16 -14 39 52 -20 -2 -7 -25 -19 -42 -43 44 -21 -35 -47 -39 -45 -3 51 -8 57 -12 -38 -10 -30 -27 59 -24 -56 -15
right_child=1 3 7 6 9 8 17 14 16 20 24 18 33 61 32 -17 30 40 36 43 21 -23 58 34 -26 35 -28 -29 56 -31 -32 -33 -34 45 -36 -37 54 47 -40 -41 41 42 -44 48 -46 46 -48 -49 -50 -51 -52 -53 -54 -55 60 -57 -58 -59 -60 -61 -62 -63
leaf_value=-0.06479139574290653 0.0084647281841071752 -0.0065982497058176331 0.095394540938958092 0.064824807146414212 0.008856936734357574 0.037915342089876625 0.021866721191171556 0.09037730457606101 0.038715122791708551 0.11541027015385255 -0.0017088323061190593 0.044427872499903827 0.063786198835441926 0.046924641219598662 0.10099609706871913 0.10213741403755827 0.083404992232602143 0.051270863783923738 0.031213630915024229 -0.0099859812507227964 0.099203054441613259 0.071410138043594307 0.10013372211885591 -0.038078603994205193 -0.0076095519142740141 -0.012476457943221589 0.050273544207232457 0.11151853990657751 0.076533972086184204 0.077519070857028527 0.068071542946244637 0.069154975820030121 0.089100098783095674 0.020879036778181301 0.0037463257810302327 0.050497451525365306 0.073304132198862157 0.0076287484399060346 0.071139961489056172 0.028543894106370166 -0.02383379089969679 -0.018444508160377002 0.045000941231414342 0.06072021256153836 0.070165964121599741 0.0097196077425054529 0.11135926700830363 0.061067859692532839 0.035444558285668559 0.082315577025793674 0.02935555770288853 -0.029517351766644023 -0.005294213244777835 0.028807400554806756 0.04806457654845836 0.079570238961569728 0.10024912671423188 0.049750038347747362 0.042650955301251875 0.029636143952029931 0.077741632414973602 0.074932320345199019
leaf_weight=9.636909067630766 396.07548902928829 21.303432643413544 1306.3090447485447 640.30847556889057 30.749345079064369 172.1870708912611 181.96065276861191 1633.0530778467655 90.150204449892044 539.22313648462296 215.82502861320972 712.21511945128441 504.3378846719861 339.94559746980667 2206.4016954898834 1570.4380800575018 1803.5513107180595 914.97919518500566 111.52770651876926 104.77307737618685 1340.7094462662935 539.86373423039913 84.921493738889694 35.442912012338638 737.95201566815376 37.646624162793159 1086.5766884386539 1874.7383206784725 405.23964346945286 3356.1831780076027 1250.1619744300842 348.12164065241814 2634.0446579158306 215.57078760117292 606.20353413373232 2049.3167146295309 2481.1298562437296 77.502390429377556 733.40451572835445 763.46784238517284 51.394918672740459 43.940476804971695 258.35918627679348 296.68261057138443 28.671028792858124 26.225543096661568 43.144487142562866 138.04852513968945 789.25219326466322 81.97609406709671 1085.5851866602898 90.249556720256805 93.237335368990898 375.39716032892466 431.04978486895561 490.7380198687315 495.92105683684349 185.09912928938866 2859.7258270978928 53.158923774957657 195.6340719461441 270.89654062688351
leaf_count=53 2296 131 2265 2080 134 643 1086 3196 317 695 1586 2472 1660 1281 3496 2482 4126 3805 468 627 2438 1549 341 247 5250 198 3921 2031 1153 8176 3458 1003 4948 1087 3852 7698 7098 439 2242 3983 318 251 1143 1146 117 131 115 559 3665 347 5507 647 494 2076 1693 1292 981 763 11969 237 576 784
internal_value=0.0679074 0.0511385 0.0822521 0.0419456 0.0755658 0.0692586 0.0506773 0.0921582 0.0629622 0.0861203 0.0199986 0.0564112 0.071343 0.0398054 0.0880326 0.095349 0.0704771 0.0341485 0.0644561 0.0279736 0.0966259 0.0912313 0.0477145 0.019442 0.00362745 0.0521119 0.0582833 0.104902 0.0869424 0.0817305 0.0771317 0.0655158 0.0945256 0.0529096 0.0161635 0.0472368 0.068533 0.0202574 0.0648331 0.0255776 0.0445337 0.0270815 0.0357593 0.0385209 0.00723721 0.0336252 0.0730754 0.0418892 0.0423595 0.0639383 0.0244386 0.00480772 0.0260646 0.0176606 0.0700901 0.0732461 0.0896 0.0392097 0.0440562 0.0730705 0.0573479 0.0593639
internal_weight=42547.5 19616.5 22931 14253.1 5363.45 9920.27 10196.1 13010.7 7992.07 4140.99 4056.95 7569.67 1721.19 1222.47 9829.68 1928.2 4721.18 2626.47 3931.56 2727.77 2419.8 1880.57 3638.11 1508.39 1329.17 3270.89 1667.46 3181.05 931.91 4989.24 3053.71 357.759 4840.45 789.279 1405.11 2365.3 3219.34 611.626 905.592 798.911 1268.67 353.695 302.3 1219.38 133.444 284.941 69.37 215.551 1085.93 103.28 1357.8 272.21 315.983 591.222 3107.81 580.888 901.161 222.746 2997.81 138.08 626.684 610.842
internal_count=130822 78020 52802 62718 15302 28690 39691 24112 25152 9943 23027 26934 5261 5359 19816 3538 13114 12757 12307 14115 4682 3987 14627 8560 8912 12038 5530 4296 2268 11372 7584 1056 8444 2993 8082 9153 9835 3294 2885 4230 5517 1712 1394 5555 744 1333 246 998 4811 478 7240 1733 1455 3662 9367 1609 2134 961 12547 578 2269 2065
cat_boundaries=0 1
cat_threshold=2
is_linear=0
shrinkage=0.05


Tree=9
num_leaves=63
num_cat=1
split_feature=0 1 3 3 2 1 0 1 1 3 3 3 0 3 2 3 2 7 0 7 0 0 3 2 3 1 1 2 0 0 2 0 2 2 7 1 0 0 3 3 3 2 0 1 2 1 8 3 2 1 3 2 2 2 2 1 4 2 3 3 1 3
split_gain=3482.19 1496.75 1015.22 929.962 680.958 557.311 327.006 244.207 228.83 221.095 218.346 214.535 185.055 180.54 133.036 132.376 129.461 107.814 95.2016 94.8876 96.3816 93.0071 89.9541 84.201 82.3237 74.9794 74.242 72.2444 71.4869 69.4746 64.6715 64.2929 63.4838 61.1424 60.3278 57.7607 57.4947 56.5909 54.1696 56.6501 54.0124 53.5886 52.7782 52.094 50.8501 57.5077 55.2794 50.0676 50.2464 49.949 55.1746 46.8606 46.4545 46.2436 46.1617 45.9702 52.8644 45.6356 111.634 58.5816 45.5651 51.034
threshold=38.500000000000007 41611.500000000007 14.405000000000003 10.405000000000003 97616.500000000015 32006.500000000004 59.500000000000007 34718.500000000007 21405.500000000004 8.0050000000000008 15.305000000000001 16.515000000000004 57.500000000000007 21.115000000000006 76263.500000000015 20.505000000000006 110233.50000000001 1.0000000180025095e-35 46.500000000000007 1.0000000180025095e-35 31.500000000000004 57.500000000000007 18.635000000000002 153432.00000000003 2.5650000000000004 86343.000000000015 47524.500000000007 132267.50000000003 29.500000000000004 54.500000000000007 176874.50000000003 30.500000000000004 222155.50000000003 59911.000000000007 1.0000000180025095e-35 97053.500000000015 48.500000000000007 23.500000000000004 13.115 10.675000000000002 2.4650000000000003 55003.500000000007 40.500000000000007 72041.500000000015 188535.50000000003 54948.500000000007 0 3.1250000000000004 234668.50000000003 116688.00000000001 19.885000000000002 178843.00000000003 123563.00000000001 224132.00000000003 35589.000000000007 70972.500000000015 42.000000000000007 34623.000000000007 23.045000000000005 19.175000000000004 148421.50000000003 5.5250000000000012
decision_type=2 2 2 2 2 2 2 2 2 2 2 2 2 2 2 2 2 2 2 2 2 2 2 2 2 2 2 2 2 2 2 2 2 2 2 2 2 2 2 2 2 2 2 2 2 2 1 2 2 2 2 2 2 2 2 2 2 2 2 2 2 2
left_child=2 4 5 12 10 14 13 27 30 19 -2 29 23 17 -1 37 28 38 52 20 -7 53 -8 26 -22 -14 -3 -4 -11 -10 -6 -17 -31 -12 42 -18 40 -9 39 -5 -28 -39 -15 -43 -21 -46 -47 48 -25 57 -51 -33 -19 -13 -36 -49 -57 58 -24 -59 -27 -62
right_child=1 3 7 6 8 9 22 15 11 16 33 21 25 34 -16 31 35 18 -20 44 24 -23 49 47 -26 60 36 -29 -30 32 -32 51 -34 -35 54 -37 -38 41 -40 -41 -42 43 -44 -45 45 46 -48 55 -50 50 -52 -53 -54 -55 -56 56 -58 59 -60 -61 61 -63
leaf_value=0.060296539222678795 0.017135262885340247 0.058300970055791351 0.087997543682525242 0.082827775280602367 0.082879950035547253 0.063182287795967643 0.022851528893274308 0.08307756235769452 0.066259702960356659 0.061526285043635789 0.042678748732490134 0.087196528771315396 0.016576424428862611 0.095771436881577965 0.093631234045871856 0.09074131446866561 0.076473587091754919 0.038066350520134955 0.030356118919800029 0.033364373070074921 -0.039321932282615858 0.063938217300889916 -0.032835041168257556 -0.0095499517723720024 0.042578060334622816 -0.0094481200122346412 -0.037148039357141387 0.10432729133151804 0.040309719316073828 0.033640117475434175 0.10475549956363273 0.072689599962420942 0.073424663652301339 0.071546908499906303 0.022741841583866065 0.062656015913130317 0.0035497939271747327 0.058551634148649362 0.057122244321094966 0.035030743859711701 0.026619777494543213 0.08326431523776516 0.066369097357876328 0.069689066950943984 0.083412576038867481 0.064140921909301096 0.020582546584291567 0.054390119981418676 0.063866195151617053 -0.023002929763339227 0.033230247790583166 0.090304005877134635 0.059284775602077157 0.11276804015052011 0.057790926018389088 0.042310997383819958 0.014987137753111389 0.095986320666915856 0.073766685723736819 0.047129146286041944 -0.056495460896345322 0.11248581041914077
leaf_weight=368.94904980063438 628.25501629710197 107.45840299129486 1152.2934295386076 69.983002886176109 576.57096284627914 1295.6600387394428 1378.7307216152549 1757.1137739121914 853.95845383405685 1086.4244677424431 365.53697161376476 747.02991805970669 598.0814831033349 177.27576640248299 1625.9248141497374 3515.1755587607622 1866.9373368769884 451.01929332315922 1380.4863971918821 1112.7905008792877 32.761919289827347 373.02345886826515 54.514093950390816 104.10108345001936 454.85557113587856 712.39776165783405 34.539912462234497 1686.0869876593351 630.10426133871078 412.59700702875853 838.99811172485352 1101.6698189079762 133.03767789900303 372.32317365705967 103.56607122719288 1289.2479419857264 607.74221858382225 612.72704213857651 2187.7868444472551 556.1129657626152 777.35503824055195 1149.186317011714 1169.0363729149103 1883.6412799358368 117.29896603524685 158.24468599259853 190.00902613997459 345.89590686559677 29.900310754776001 50.61261697858572 308.79650595784187 584.92767453193665 611.55837319791317 236.26480142772198 1086.0006036311388 488.24615459889174 278.98578159511089 66.897303566336632 44.489648282527924 776.57996010780334 6.1541266590356853 15.447477869689463
leaf_count=1056 3348 478 1905 239 1234 3956 7240 3302 2379 3162 1361 1359 3662 328 2482 5376 4126 1864 6032 4590 190 1041 347 627 1792 5124 247 1705 2368 1766 1119 2398 398 1011 421 3458 3852 1751 7356 2313 3983 2207 3209 4506 284 487 739 1309 117 318 1394 962 1919 286 3253 2135 1367 226 169 3063 51 75
internal_value=0.0626287 0.0473328 0.0756273 0.0389264 0.0694637 0.0637535 0.0468336 0.0846616 0.079499 0.0580059 0.0388136 0.0710925 0.0187565 0.0520166 0.0874719 0.0811696 0.0648152 0.0467249 0.0390288 0.0481325 0.0560442 0.0852749 0.031763 0.0261116 0.0370582 0.00343383 0.018231 0.097703 0.0537438 0.05734 0.0958555 0.0868741 0.0433613 0.0572601 0.0629821 0.0708331 0.0151906 0.0756747 0.0534034 0.0403937 0.0238965 0.072103 0.0702512 0.0748372 0.0391873 0.0530848 0.0428344 0.0357551 0.00682983 0.041194 0.0252933 0.0788064 0.0502876 0.0933567 0.0547459 0.0392317 0.0323851 0.0472491 0.0150446 0.0510209 -0.00726908 0.0640755
internal_weight=43789.4 20117.3 23672 14579.8 5537.6 10229.2 10473.4 13442.8 4171.48 8234.33 1366.12 2755.91 4106.31 7792.83 1994.87 10604.4 4872.71 5256.95 2443.06 3361.62 1783.28 1356.32 2680.62 2774.22 487.617 1332.08 1527.1 2838.38 1716.53 1399.59 1415.57 5201.77 545.635 737.86 2535.88 3156.19 1419.64 5402.67 2813.88 626.096 811.895 3645.55 1346.31 3032.83 1578.34 465.553 348.254 1247.13 134.001 1301.89 359.409 1686.6 1062.58 983.295 1189.57 1113.13 767.232 942.481 99.0037 843.477 733.999 21.6016
internal_count=130822 78020 52802 62718 15302 28690 39691 24112 9582 25152 5720 7229 23027 26934 3538 20502 13114 19723 9815 12038 5938 2686 12757 14115 1982 8912 8560 3610 5530 4543 2353 8736 2164 2372 7211 7584 8082 11766 9908 2552 4230 8464 3537 6713 6100 1510 1226 5555 744 5517 1712 3360 3783 1645 3674 4811 3502 3805 516 3289 5250 126
cat_boundaries=0 1
cat_threshold=5
is_linear=0
shrinkage=0.05


Tree=10
num_leaves=63
num_cat=3
split_feature=0 3 1 1 3 1 0 2 0 2 0 3 2 3 3 0 3 3 1 7 0 7 3 3 1 2 2 2 0 2 1 4 2 8 7 2 1 1 3 1 1 8 2 0 1 1 3 2 3 3 2 2 3 1 2 2 2 2 0 0 1 8
split_gain=2970.34 1171.99 950.48 722.21 634.513 389.7 339.771 328.221 321.686 294.02 206.262 194.399 153.987 152.001 112.527 112.19 104.144 100.374 91.2927 87.201 86.1867 84.0225 82.042 76.0732 75.6522 74.8596 73.3239 65.6093 64.6863 70.1572 62.4074 61.9807 60.5444 58.2932 56.4706 56.2572 55.9802 62.9951 55.6942 55.3318 53.5229 52.8448 52.7956 52.5961 52.5234 56.3552 51.9937 51.7468 50.5849 49.4027 49.2764 48.8925 48.27 47.6275 47.3725 61.8212 45.2717 44.8749 44.5945 44.5852 44.0401 44.457
threshold=47.500000000000007 15.685 36842.500000000007 41611.500000000007 11.855000000000002 48079.500000000007 22.500000000000004 120659.00000000001 32.500000000000007 138150.50000000003 59.500000000000007 8.9250000000000025 76263.500000000015 15.305000000000001 6.5950000000000006 36.500000000000007 19.525000000000002 10.115 20825.500000000004 1.0000000180025095e-35 38.500000000000007 1.0000000180025095e-35 21.835000000000004 3.0350000000000006 24007.000000000004 52967.000000000007 231902.50000000003 125546.00000000001 24.500000000000004 200145.50000000003 86343.000000000015 18.000000000000004 110233.50000000001 0 1.0000000180025095e-35 166231.50000000003 148421.50000000003 97053.500000000015 4.0850000000000009 21932.000000000004 48079.500000000007 1 248093.50000000003 44.500000000000007 57577.500000000007 106198.50000000001 18.265000000000004 179779.50000000003 8.7450000000000028 4.7550000000000008 98576.000000000015 39564.500000000007 18.365000000000006 51723.000000000007 141170.00000000003 126526.50000000001 25271.500000000004 52967.000000000007 22.500000000000004 68.500000000000014 85268.000000000015 2
decision_type=2 2 2 2 2 2 2 2 2 2 2 2 2 2 2 2 2 2 2 2 2 2 2 2 2 2 2 2 2 2 2 2 2 1 2 2 2 2 2 2 2 1 2 2 2 2 2 2 2 2 2 2 2 2 2 2 2 2 2 2 2 1
left_child=1 3 9 7 14 12 26 20 58 13 21 15 34 50 41 23 31 -11 -9 47 49 25 33 -8 -19 -6 38 -17 -20 -30 60 42 -21 -10 -3 -16 37 48 57 -14 -25 -4 44 -34 -12 -46 -27 -13 -37 -1 -2 -51 -23 -24 55 -18 -43 -5 -7 -26 61 -29
right_child=2 5 4 6 10 8 11 18 22 17 16 19 39 -15 35 27 54 24 28 32 -22 52 53 40 59 46 -28 30 29 -31 -32 -33 43 -35 -36 36 -38 -39 -40 -41 -42 56 -44 -45 45 -47 -48 -49 -50 51 -52 -53 -54 -55 -56 -57 -58 -59 -60 -61 -62 -63
leaf_value=0.034704257321679095 0.013860434989081126 0.08044082694576743 -0.017009874361889998 -0.01537452449023023 0.031982820050894409 0.083370346121237213 0.019454941023267724 0.097853403329398625 0.061420243630492283 0.055062575033136864 -0.012612700447809121 0.053331393190791471 0.10112399512798598 0.059746073082305541 0.014425391530389875 0.013615004895251435 0.034417747620071819 0.092879391271268541 0.092455623463329598 0.034250773719927297 0.030520546364224216 0.030003123858862914 0.011565342573817543 0.075014238364013219 0.071508141131861366 0.047725019493001397 0.091532797804398103 0.0026539790900337226 0.062148513228033324 0.084488711401141697 0.022009222626553509 0.013567632012289785 0.053966960565029524 0.04345943424912882 0.056854099778962192 0.060502064726877497 0.12321922076576933 0.012336575989988783 0.066408184244855881 0.088170245615211765 0.044814458273232237 -0.029025970764181248 0.18491406142428335 0.01903348264523249 0.065931093108291247 0.017156021024130441 0.064539692829783654 0.068075918298203281 0.026645445779537792 0.044989638946810656 0.043450092313306585 0.071424618824180677 0.046092075772787039 0.070039386614711457 0.049051498993345745 -0.021294168805795141 0.010107086384261386 0.049001356087458182 0.07474223176750816 -0.016382243351523478 0.14997574782296111 0.053510178111551801
leaf_weight=155.00560921430588 359.9302859082818 590.62193074822426 263.14455343782902 31.421635389328003 343.57580614089966 2426.2374339401722 282.87368805706501 859.09980788826942 1688.551389798522 469.34114909172058 45.866528034210205 1763.0658051520586 1155.8803117573261 715.45671734213829 1181.5201243311167 607.58708624541759 566.74554392695427 739.58932261168957 578.25270228087902 833.15377528965473 292.09745129942894 818.77120006084442 35.782013177871704 159.54687362909317 652.94268660247326 804.72765821218491 267.61085703969002 62.055724591016769 761.52442206442356 661.11119863390923 426.98297195136547 1049.4995211884379 1348.2485414147377 1019.1097574979067 451.41588780283928 199.80819963663816 16.332360684871674 307.50635270774364 1954.6866090893745 3005.2748341262341 1934.0715645104647 79.108659960329533 6.0340412110090247 117.75519099831581 142.30563792586327 102.10261280834675 1089.6757204979658 907.81755039095879 248.6785960868001 230.86558747291565 231.84799490869045 747.55532164871693 1093.7499153167009 1756.1221627295017 627.13078202307224 54.409373268485069 1093.8936661556363 188.74540510773659 4042.1039824336767 14.626779064536093 10.600057914853094 323.30761988461018
leaf_count=529 1984 1074 1797 158 1425 3803 1266 1025 4545 1418 252 5444 1107 2060 6985 3247 2537 1109 829 3206 1237 3518 114 438 1474 2866 478 291 1765 1106 1937 5498 3716 3089 1069 798 52 1617 4767 4214 6762 630 10 497 591 557 3011 2178 1107 720 835 1660 3703 3880 2227 288 6824 661 7559 61 24 1182
internal_value=0.0584358 0.0667662 0.0386222 0.0569421 0.0311341 0.0761851 0.0502705 0.0744058 0.0708345 0.0624552 0.0400041 0.0456775 0.0874611 0.0442351 0.0134845 0.0371685 0.0289369 0.0751424 0.0841797 0.0521934 0.0547886 0.0469191 0.060559 0.0438316 0.0818318 0.0535039 0.0667709 0.0260936 0.0783016 0.0725389 0.0352978 0.0192788 0.0450402 0.0550512 0.0702342 0.0212947 0.0317937 0.0297959 0.0637176 0.0917721 0.0471217 0.00285475 0.0394788 0.0511659 0.0363757 0.0455909 0.0574025 0.0583472 0.0417504 0.0610351 0.025467 0.0651974 0.0392088 0.0688752 0.0393431 0.029527 0.00739833 0.0397883 0.0779806 0.0695728 0.0496056 0.0467936
internal_weight=44994.5 31676.1 13318.3 15505 10134.6 16171.1 11219.5 4285.51 10967.9 3183.73 6744.59 8777.07 5203.19 1307.23 3389.99 3807.03 2594.09 1876.5 2859.99 4970.04 1425.52 4150.5 4499.57 2376.49 1407.16 2237.98 2442.46 1430.53 2000.89 1422.64 822.946 1345.81 2299.16 2707.66 1042.04 1953.85 772.326 755.993 2174.85 4161.16 2093.62 1436.15 296.309 1466 290.275 244.408 1894.4 2670.88 448.487 1133.43 591.778 978.421 1912.52 1791.9 1248.29 621.155 1173 220.167 6468.34 667.569 395.963 385.363
internal_count=130811 75577 55234 45123 46293 30454 36252 8871 22990 8941 26483 30188 7464 4879 19810 15147 11960 4062 4725 15041 4146 14523 11628 8466 2644 7302 6064 6681 3700 2871 3434 6908 7419 7634 2143 10559 3574 3522 5586 5321 7200 9251 1410 4213 1400 1148 5877 7622 1905 2909 2819 2380 7221 3994 5052 2825 7454 819 11362 1535 1497 1473
cat_boundaries=0 1 2 3
cat_threshold=21 2 4
is_linear=0
shrinkage=0.05


Tree=11
num_leaves=63
num_cat=4
split_feature=0 3 1 1 3 0 1 0 3 2 2 3 2 2 3 0 2 1 1 2 2 2 2 0 1 2 1 2 5 1 5 3 1 1 8 1 2 2 0 0 2 3 8 2 0 8 3 0 5 0 2 5 3 1 5 5 2 2 2 1 2 8
split_gain=2602.27 1129.1 729.639 725.141 553.229 401.711 401.39 341.089 232.962 203.916 201.299 162.364 154.137 120.742 120.234 107.403 106.744 95.6567 94.7508 83.6691 79.7334 79.3343 79.0387 78.244 102.531 97.8924 72.895 98.138 65.252 68.6603 64.8065 64.1553 63.159 60.7115 60.4365 59.9594 79.0282 80.3807 62.7278 82.9433 58.4188 53.6871 55.3375 52.7643 52.2638 51.1863 60.8385 50.9454 48.649 48.2774 77.416 75.2604 50.6678 84.5393 80.3663 48.6243 47.6063 47.0236 70.791 61.0968 46.895 46.1395
threshold=50.500000000000007 15.685 30404.500000000004 26655.500000000004 16.795000000000005 22.500000000000004 48079.500000000007 32.500000000000007 8.9250000000000025 180713.50000000003 146797.50000000003 6.5950000000000006 76263.500000000015 110233.50000000001 13.295000000000002 36.500000000000007 137165.00000000003 79435.500000000015 70437.500000000015 119717.50000000001 32659.500000000004 30846.000000000004 35589.000000000007 56.500000000000007 66142.500000000015 196387.50000000003 50680.500000000007 83146.000000000015 0.7350000000000001 63450.500000000007 0.16500000000000004 3.0350000000000006 128923.50000000001 148945.50000000003 0 143671.50000000003 65593.500000000015 50994.000000000007 58.500000000000007 54.500000000000007 231902.50000000003 5.245000000000001 1 188535.50000000003 38.500000000000007 2 15.305000000000001 32.500000000000007 0.84500000000000008 62.500000000000007 143015.50000000003 0.53500000000000014 22.955000000000002 93272.500000000015 0.39500000000000007 0.43500000000000005 199222.50000000003 59911.000000000007 65593.500000000015 63990.500000000007 106303.50000000001 3
decision_type=2 2 2 2 2 2 2 2 2 2 2 2 2 2 2 2 2 2 2 2 2 2 2 2 2 2 2 2 2 2 2 2 2 2 1 2 2 2 2 2 2 2 1 2 2 1 2 2 2 2 2 2 2 2 2 2 2 2 2 2 2 1
left_child=1 2 10 9 11 40 12 -8 15 14 30 28 -3 45 20 31 -17 -15 -18 34 -2 -13 -23 48 25 -25 27 -6 35 -30 -1 -7 -21 -26 60 61 37 -37 39 -38 -4 42 -31 -14 -32 -10 -47 -19 -24 -28 -51 52 53 55 -55 -52 -56 -48 -59 -60 -9 -5
right_child=3 6 5 4 26 8 7 19 13 -11 -12 21 43 17 -16 16 18 47 -20 32 -22 22 23 24 33 -27 49 -29 29 41 44 -33 -34 -35 -36 36 38 -39 -40 -41 -42 -43 -44 -45 -46 46 57 -49 -50 50 51 -53 -54 54 56 -57 -58 58 59 -61 -62 -63
leaf_value=0.013724155438200394 -0.048395429299920585 0.064328730483365848 0.061196202754890384 0.0021141801511381643 0.024094519955954918 0.019926970514016165 0.072383528010624171 0.07094006918317812 0.021771563727733201 0.083826528661720523 0.084937791108586638 -0.00071678080220765304 0.080333928235662516 0.062515515532879082 0.062301639304305372 0.013412900764286265 0.054298258651207923 0.055642464464089547 0.02418643102293154 0.064027396598599878 0.033155142881394067 0.073005157335315499 0.03035987647867738 0.019977378924582411 0.0081890257853323555 0.057226377177395794 0.041907317934523625 0.061242764039924284 0.056622234594203097 -0.040781214170669329 0.067766127676549229 0.043693211557814055 0.045294527340066039 0.085554681561943471 0.042603755785830665 0.026368377872355322 -0.059434154586031213 0.23925732324505536 -0.0578557286283089 0.14432622914107732 0.084073320262257653 -0.037375749298760808 0.033011680287443633 0.09128019417961189 0.043846605869982701 0.045546104151870437 -0.04445402206761815 0.040202371566422285 0.065487789194527954 0.015343178567163249 0.078012527518563274 0.061429007790525438 -0.015981168522877853 -0.036416214583730892 0.1034434735969247 -0.016594834426838959 -0.0036055556741776242 0.13172811722325428 0.064388304426812287 -0.067545808098413943 0.019860705040695738 -0.019925635082734185
leaf_weight=74.911027178168297 32.885290175676346 1127.2932143956423 2548.5718836933374 608.30557329207659 229.28461871296167 323.49582634866238 6616.0560164451599 464.31449948251247 409.99348060786724 723.01273953914642 1772.1936052292585 338.10154046118259 2604.3263421058655 1864.1042984575033 599.62729001045227 951.12781869620085 439.20825433731079 965.28356260061264 647.77072009444237 2579.0988281965256 324.67568215727806 82.436667911708355 1164.1100638210773 549.88411635905504 1380.6086323261261 260.21797508001328 2248.2667968422174 802.02755559980869 99.957027964293957 23.178469389677048 912.56044758856297 2387.6710041165352 549.02453722059727 25.750687763094902 1752.0948140323162 8.9666053056716937 7.9678285643458393 8.8419977352023107 19.370522886514664 12.973457194864748 315.78159467875957 52.676504135131836 128.3851974606514 1946.6309510320425 307.59405581653118 1767.8039026856422 33.149229735136032 1210.8338781893253 108.00826767832041 528.0684499591589 97.919390723109245 263.23058307170868 61.422182723879814 57.648111954331398 22.646248653531075 15.63158757984638 18.939203098416328 13.058617100119589 16.743463605642319 18.207945868372917 50.162169799208641 379.61755721271038
leaf_count=256 227 2331 6196 3910 935 1395 11362 1168 1592 1166 2412 2077 3758 4322 1528 5020 1445 2313 2850 5898 1252 386 4946 2751 7709 901 7918 2078 481 185 1888 7905 1467 103 5248 65 55 24 158 51 535 387 780 2066 1084 6058 162 4031 381 2632 297 872 287 328 68 73 91 18 42 95 164 2628
internal_value=0.0543234 0.0611119 0.0519003 0.0334668 0.028164 0.047032 0.0699537 0.0647712 0.0427038 0.0637723 0.0739783 0.0172546 0.0809136 0.0490105 0.0486119 0.0343371 0.0256559 0.0541913 0.036362 0.0554334 0.0256294 0.0224177 0.0246095 0.0234624 0.0177832 0.0319541 0.0413672 0.0529918 0.00230224 0.022683 0.0589718 0.0408601 0.0607427 0.00961514 0.0481013 -0.00362147 0.0456776 0.133093 0.00670242 0.066647 0.0637229 0.00602883 0.0211619 0.0850191 0.0617443 0.0397402 0.0433683 0.0470558 0.0333512 0.0377464 0.0289589 0.0423226 0.023947 0.0354982 0.00172486 0.0649416 0.0546786 0.00120842 0.0328675 -0.00419678 0.0647166 -0.00653117
internal_weight=45953.7 34669.1 16980.1 11284.6 9604.44 13912.8 17689 12010.8 11048.5 1680.2 3067.26 5259.36 5678.25 6299.18 957.188 4749.27 2038.11 4040.22 1086.98 5394.69 357.561 3909.12 3571.02 3488.58 2216.46 810.102 4345.08 1031.31 1350.24 304.197 1295.07 2711.17 3128.12 1406.36 2266.57 1046.04 58.1204 17.8086 40.3118 20.9413 2864.35 204.24 151.564 4550.96 1220.15 2258.96 1848.96 2176.12 1272.12 3313.77 1065.51 537.437 274.207 212.785 99.2336 113.551 41.5855 81.1593 48.01 34.9514 514.477 987.923
internal_count=130811 83081 49619 47730 43557 43979 33462 25307 37248 4173 5640 27978 8155 18633 3007 18615 9315 10666 4295 13945 1479 19254 17177 16791 11464 3652 15579 3013 8724 1833 3228 9300 7365 7812 6580 6891 353 89 264 106 6731 1352 965 5824 2972 7967 6375 6344 5327 12566 4648 2016 1144 857 487 370 159 317 155 137 1332 6538
cat_boundaries=0 1 2 3 4
cat_threshold=1 2 2 21
is_linear=0
shrinkage=0.05


Tree=12
num_leaves=63
num_cat=1
split_feature=0 0 2 2 2 0 0 7 2 2 8 0 5 5 7 7 7 6 4 5 5 0 2 5 2 2 5 0 5 0 0 5 4 6 4 2 5 5 2 7 5 5 0 5 2 5 6 5 2 5 0 0 5 0 5 5 2 5 2 7 5 2
split_gain=2277.62 526.52 321.056 288.101 244.271 170.715 153.678 130.228 110.573 98.5479 91.774 79.6358 66.6674 64.5352 60.7829 60.068 59.8469 110.91 61.3633 54.2698 49.3427 48.8543 46.3021 44.9342 47.6467 43.7473 42.9282 42.4592 43.5005 41.8968 41.7845 39.8287 39.0216 47.1064 38.1022 45.995 36.9516 34.5991 34.2931 32.8297 50.9273 32.4444 36.4735 30.5899 30.5061 30.2625 30.1845 35.7891 36.6399 34.9664 30.0779 29.6239 50.9056 29.1907 31.7228 30.6286 30.9015 28.8318 28.3509 28.2192 39.1654 51.6119
threshold=47.500000000000007 32.500000000000007 165201.50000000003 124491.50000000001 185590.50000000003 50.500000000000007 64.500000000000014 1.0000000180025095e-35 62750.500000000007 44346.000000000007 0 24.500000000000004 0.56500000000000006 0.66500000000000015 1.0000000180025095e-35 1.0000000180025095e-35 1.0000000180025095e-35 1.0000000180025095e-35 54.000000000000007 0.53500000000000014 0.79500000000000015 20.500000000000004 129375.50000000001 0.23500000000000001 7827.5000000000009 30846.000000000004 0.25500000000000006 54.500000000000007 0.70500000000000007 22.500000000000004 58.500000000000007 0.89500000000000013 42.000000000000007 1.0000000180025095e-35 54.000000000000007 120659.00000000001 0.59500000000000008 0.45500000000000007 14553.000000000002 1.0000000180025095e-35 0.70500000000000007 0.75500000000000012 46.500000000000007 0.49500000000000005 151496.50000000003 0.12500000000000003 1.0000000180025095e-35 0.64500000000000013 181680.50000000003 0.87500000000000011 68.500000000000014 36.500000000000007 0.87500000000000011 25.500000000000004 0.22500000000000003 0.83500000000000008 25271.500000000004 0.115 117784.50000000001 1.0000000180025095e-35 0.6150000000000001 55003.500000000007
decision_type=2 2 2 2 2 2 2 2 2 2 1 2 2 2 2 2 2 2 2 2 2 2 2 2 2 2 2 2 2 2 2 2 2 2 2 2 2 2 2 2 2 2 2 2 2 2 2 2 2 2 2 2 2 2 2 2 2 2 2 2 2 2
left_child=1 4 6 10 7 20 8 11 45 53 12 34 19 16 23 31 17 -10 -18 -3 -4 -11 -17 -12 -25 38 -13 -15 -29 -6 -7 -5 33 -27 35 -1 -14 -16 43 -31 -41 -38 -43 -8 -35 -2 -32 -48 -49 50 -50 -39 -53 55 57 -9 -57 -55 -54 60 -47 -62
right_child=2 3 5 15 29 30 25 9 13 21 14 26 36 27 37 22 18 -19 -20 -21 -22 -23 -24 24 -26 32 -28 28 -30 39 46 -33 -34 44 -36 -37 41 51 -40 40 -42 42 -44 -45 -46 59 47 48 49 -51 -52 52 58 54 -56 56 -58 -59 -60 -61 61 -63
leaf_value=0.060968861291877646 -0.015173397358918213 0.019566718651053583 0.065260529001538795 0.060821801326805591 0.076679261025857121 0.0436239952557919 -0.018091964905138404 0.049301434678290984 0.049453882277488058 0.065989709212474532 0.034156426647605688 0.045767723137375767 0.081962171830252409 0.05280536122537452 0.030968424511428602 0.078891393732430731 0.028256723246724874 0.023564792614382428 0.0013133171461767266 -0.05314668901242986 0.030207842356041532 0.054195596036920403 0.050788619064309232 -0.0077769025351496317 0.054013266516479842 0.034290452427179256 0.060997020707903228 0.060364922095994478 0.029182286787357056 0.07245688527518461 0.039527272803569755 -0.012043037466741914 0.00568749656277227 0.014883999462117721 0.078975935233203023 0.074245343549401474 0.022416436750076568 0.054681421428536818 -0.025562019931506842 0.057613050908460507 0.076261026885031238 0.05336168697084908 -0.064343537279981572 0.042369079604208021 -0.033119430768811069 0.019974531563435607 0.022181733792675809 0.0068904803222745213 0.055657309384498414 -0.013667522690055915 -0.0082704262209717262 0.041185129570601269 -0.033456426975730695 0.072148964221454823 0.035764736660593509 -0.069288436354908847 0.034043877988733227 -0.018153246356811401 0.099970151453276493 0.015717877782696867 0.046328220324866644 -0.011270444048657124
leaf_weight=1601.7672196477652 56.275914281606674 550.53402172774076 897.74263097345829 4240.3988448381424 2330.349093735218 2227.2235639616847 36.987101726233959 641.52153696119785 886.55272057652473 1150.3741114586592 370.57625867426395 558.96426919102669 50.342288434505463 683.01035057753325 859.36038701236248 153.49602767825127 1171.0167320296168 778.14354488998652 258.34124235808849 26.786814734339714 113.95807872712612 3825.006771877408 3759.3830022960901 31.505157589912415 2085.3100004345179 440.43188186734915 2825.5380358099937 139.6295812278986 572.85915848612785 2055.540714174509 1265.2907290607691 18.692192271351814 527.06109275668859 349.01397673040628 790.91319558024406 1118.4244399964809 209.96292804926634 431.54141488671303 120.54972551018 1253.0803077667952 523.06382840871811 218.2703565955162 6.6668613106012335 47.699188426136971 36.413604937493801 639.41846855729818 786.93811319768429 67.556598596274853 292.33732208609581 21.763961710035801 19.465422391891479 817.32924441993237 33.803002282977104 10.54795131087303 369.10820311307907 10.789255455136297 21.456101253628731 51.823261335492134 4.4004746228456488 954.84186158329248 353.50357819348574 43.507517248392105
leaf_count=3232 320 2056 2210 9593 3386 7041 259 1594 3184 2196 1253 1405 134 2181 3119 347 4948 3230 1254 138 343 8627 9432 134 5941 2073 6111 534 2468 3330 4706 69 2803 1831 1292 1806 744 1174 809 2430 820 641 38 252 200 3110 3271 298 981 106 91 2870 167 26 1125 54 65 219 9 4964 1539 228
internal_value=0.0506534 0.0577832 0.0335846 0.0503618 0.0631604 0.0426853 0.0271842 0.0592639 0.0305482 0.0539213 0.041725 0.0639735 0.0274183 0.0349416 0.0448479 0.056381 0.0309079 0.0373575 0.0233909 0.0161756 0.0613205 0.0569248 0.0518943 0.0502735 0.0530909 0.0130667 0.0584847 0.0438786 0.0353079 0.0713639 0.0386551 0.0605006 0.016331 0.0231161 0.0692612 0.0664319 0.0413428 0.038765 -0.00842435 0.068128 0.0631116 0.0366116 0.0498238 0.0159133 0.0103285 0.0209112 0.0341405 0.0283966 0.040568 0.0473695 0.051649 0.043964 0.0385464 0.0403923 0.0301921 0.0469117 -0.000483723 -0.00271064 -0.0177363 0.0219342 0.0276542 0.0400023
internal_weight=46794.2 33006.6 13787.5 13868.4 19138.3 5692.28 8095.26 12976.2 6537.1 6080.63 5696.39 6895.61 1062.56 4489.55 4633.83 8171.97 3094.05 1664.7 1429.36 577.321 1011.7 4975.38 3912.88 2487.39 2116.82 1558.16 3384.5 1395.5 712.489 6162.03 4680.58 4259.09 1352.92 825.859 3511.1 2720.19 485.242 2146.43 205.236 3831.68 1776.14 434.9 224.937 84.6863 385.428 2047.55 2453.35 1188.06 401.123 333.567 311.803 1287.07 855.533 1105.25 431.479 673.767 32.2454 62.3712 38.2035 1991.27 1036.43 397.011
internal_count=130811 75577 55234 37859 37718 19047 36187 27752 27960 13906 18418 13846 3751 17799 14667 19441 12616 6414 6202 2194 2553 10823 9779 7328 6075 8227 7516 5183 3002 9966 16494 9662 6907 4104 6330 5038 1557 7339 1320 6580 3250 1423 679 511 2031 10161 9453 4747 1476 1178 1072 4220 3046 3083 1370 1713 119 245 176 9841 4877 1767
cat_boundaries=0 1
cat_threshold=2
is_linear=0
shrinkage=0.05


Tree=13
num_leaves=63
num_cat=0
split_feature=0 3 3 2 0 0 2 0 2 2 3 0 3 0 2 3 0 3 0 6 7 7 2 3 3 3 2 5 2 4 3 2 5 7 3 5 3 2 2 3 5 2 5 2 2 3 3 3 2 5 5 7 2 3 2 3 2 5 3 5 2 5
split_gain=2011.5 956.966 636.329 296.283 197.557 195.252 185.439 145.141 120.746 120.133 116.167 112.902 104.348 78.9356 70.6992 63.4766 73.3879 58.9774 54.7802 52.6205 71.3153 52.3895 51.7901 55.7992 51.6625 49.6444 45.4977 49.9933 45.1399 44.8549 44.5363 60.3446 43.5606 43.1069 73.7771 51.3751 42.797 42.6928 57.7183 56.4292 64.9277 58.0285 43.4618 41.7014 41.5425 41.222 40.6329 44.6617 58.5611 49.1406 39.7422 39.322 38.9857 44.9362 53.1194 52.3198 38.7861 38.7719 38.6951 38.3581 41.3782 38.3373
threshold=47.500000000000007 15.685 15.495000000000003 111207.50000000001 25.500000000000004 32.500000000000007 118757.00000000001 36.500000000000007 62750.500000000007 119717.50000000001 6.5950000000000006 58.500000000000007 5.4350000000000014 59.500000000000007 76263.500000000015 22.455000000000002 64.500000000000014 8.9250000000000025 56.500000000000007 1.0000000180025095e-35 1.0000000180025095e-35 1.0000000180025095e-35 181680.50000000003 6.785000000000001 8.5450000000000017 8.1850000000000005 189513.00000000003 0.67500000000000016 126526.50000000001 18.000000000000004 12.125000000000002 191502.50000000003 0.21500000000000002 1.0000000180025095e-35 4.0850000000000009 0.22500000000000003 22.185000000000006 141170.00000000003 139151.50000000003 16.795000000000005 0.38500000000000006 243335.50000000003 0.36500000000000005 184575.00000000003 119717.50000000001 19.525000000000002 14.865 13.855000000000002 246149.50000000003 0.46500000000000002 0.15500000000000003 1.0000000180025095e-35 94710.000000000015 3.4950000000000006 39564.500000000007 4.2750000000000012 219330.50000000003 0.74500000000000011 15.595000000000001 0.8650000000000001 89968.500000000015 0.8650000000000001
decision_type=2 2 2 2 2 2 2 2 2 2 2 2 2 2 2 2 2 2 2 2 2 2 2 2 2 2 2 2 2 2 2 2 2 2 2 2 2 2 2 2 2 2 2 2 2 2 2 2 2 2 2 2 2 2 2 2 2 2 2 2 2 2
left_child=1 3 6 7 24 14 13 33 15 -7 44 26 56 25 21 16 -4 29 46 20 -17 -3 28 -24 -5 -2 27 51 32 52 31 -14 -20 35 59 -1 -11 38 58 41 42 -39 -41 -25 -8 -28 47 48 49 -12 -46 -10 53 -9 -55 -56 -6 -34 -13 60 -35 -58
right_child=2 5 8 4 12 9 10 17 11 36 18 37 30 -15 -16 19 -18 -19 22 -21 -22 -23 23 43 -26 -27 45 -29 -30 -31 -32 -33 57 34 -36 -37 -38 39 -40 40 -42 -43 -44 -45 50 -47 -48 -49 -50 -51 -52 -53 -54 54 55 -57 61 -59 -60 -61 -62 -63
leaf_value=0.026771458265544057 0.0062055161363416692 0.066182941446809959 0.026855466983692684 0.052650559735785855 0.028442183004634691 0.048086664927699641 0.10954394001405879 -0.015042550790680623 0.048490118856173492 0.057623358453846418 0.022559673559672935 0.11665328030709349 0.038690882587324782 -0.0003824124283557898 0.069253704839264671 0.085158713119728988 -0.011448777056058648 0.032037270046967617 -0.060670932332202568 0.025260528576578289 0.025535145304515311 0.051343681235009 0.10113247454730552 0.078434900423252046 0.065070566877159661 0.024254986365677581 0.046310652390698093 0.057691484568904605 0.0099159930832309097 0.0063242293284758973 0.053940652900563039 0.051952119942286983 0.074205921571687192 -0.010805463340005053 0.039230792684388435 0.049045276378289426 0.06810321341335393 0.003163328582923989 -0.064151955913555478 0.032992388459168777 0.052236805393964227 0.096618243257999933 -0.036460031744975842 0.028749887960039845 -0.025892236524265057 0.06498237940761073 0.0066667808234136018 0.063135460790033654 0.089401867937565382 0.044246920245204796 0.014949302597547022 0.031933460894772829 -0.02776688000099577 0.0093302271919070406 0.16651602379000616 0.062083987678812041 0.050119783715806498 -0.013081221665988721 0.028583434770175904 0.09584758806621968 0.040707307657612858 -0.066445898201904011
leaf_weight=300.71294371783733 628.32733254879713 1303.7991040199995 728.34857439994812 1415.1577581465244 1046.8468431010842 2890.5311805009842 11.102751359343527 24.842757098376751 797.87657606601715 2832.3966225385666 452.23420326411724 12.600618571043013 1831.6348344087601 1067.4680997729301 7423.6083851903677 127.02699357271194 150.69961503893137 944.78275483846664 8.3474901989102346 191.49427083134651 83.492735683917999 1108.1872420459986 29.594998002052307 44.600305140018463 2087.8799782842398 971.32706861197948 470.11268532276154 654.65877704322338 570.88814591616392 559.51483561098576 2297.6735940128565 1626.5330792665482 69.293556600809097 147.38898649811745 1750.2963773161173 1929.2507659643888 1505.7927492111921 145.56299331784248 16.513716906309128 439.70516803860664 969.26074320077896 18.671172499656677 23.593552470207214 823.21342174708843 62.824602618813515 815.32389192283154 89.33396802842617 204.21684305369854 52.224265068769455 623.7281983345747 1092.5035357922316 658.21990238130093 20.540910184383392 37.008280515670776 14.893664538860319 63.421571582555771 342.27523189783096 15.430155038833616 890.65000739693642 11.630794405937193 52.870692953467369 7.0829894393682471
leaf_count=978 3822 2153 3006 3255 3703 7264 47 149 2158 5663 1688 38 5352 6846 10672 330 865 3520 55 747 335 2239 88 140 3558 4460 1238 1647 2830 2822 4997 3889 274 702 5240 5159 2463 627 96 1472 2775 52 110 3260 380 1634 332 538 117 2023 5448 2116 107 188 37 245 966 86 3554 31 188 37
internal_value=0.0472965 0.0539372 0.0313813 0.0453543 0.0503217 0.0622417 0.0204328 0.0363163 0.0417547 0.055996 0.0270451 0.0447716 0.0455523 0.0101429 0.0668309 0.0278237 0.0202825 0.0238176 0.0322776 0.0442917 0.0615589 0.0593695 0.0257995 0.0336368 0.0600562 0.0171693 0.0507243 0.04619 0.0151954 0.0130253 0.0485293 0.044931 0.0474797 0.0412786 0.0358568 0.0460452 0.0612636 0.0367346 0.0281307 0.0416854 0.0448695 0.0138706 0.0294376 0.0313179 0.0136572 0.0581617 0.0393862 0.0415755 0.0376632 0.0351392 0.012722 0.0410119 0.0363059 0.0457443 0.0588839 0.0821952 0.0332735 0.0582533 0.0298303 0.00795779 0.00278303 0.0477239
internal_weight=47587 33576.6 14010.5 16512.2 10655.1 17064.3 6816.66 5857.16 7193.81 7228.72 4149.54 5912.75 7152.05 2667.12 9835.59 1281.06 879.048 1665 2983.11 402.014 210.52 2411.99 1561.37 897.409 3503.04 1599.65 3396.19 2110.76 663.959 720.222 5755.84 3458.17 93.0712 4192.15 1962.19 2229.96 4338.19 2516.56 919.764 1596.79 1432.56 164.234 463.299 867.814 1166.43 1285.44 1421.74 1332.4 1128.19 1075.96 1155.33 1456.1 160.707 140.166 115.324 78.3152 1396.21 84.7237 903.251 211.89 200.26 349.358
internal_count=130811 75577 55234 45123 25757 30454 32434 19366 22800 15390 17306 17517 18944 15128 15064 5283 3871 7068 11431 1412 665 4392 6733 3488 6813 8282 8793 5921 3245 3548 14238 9241 415 12298 6161 6137 8126 8724 3688 5036 4357 679 1582 3400 5875 2872 4698 4366 3828 3711 5828 4274 726 619 470 282 4706 360 3592 921 890 1003
is_linear=0
shrinkage=0.05


Tree=14
num_leaves=63
num_cat=4
split_feature=0 3 3 2 0 2 0 3 3 2 2 3 0 0 0 8 3 0 3 5 3 2 3 0 0 5 8 6 0 0 2 2 5 3 3 3 3 6 5 4 5 2 0 2 3 2 2 3 2 6 8 0 2 4 0 5 5 3 3 8 5 5
split_gain=1806 806.775 631.342 252.341 210.89 176.658 159.724 157.497 131.826 128.063 120.697 106.047 90.8947 87.4324 84.3609 76.7577 72.0849 69.8227 68.526 59.3117 59.2485 57.6582 70.0532 69.5471 56.2178 55.6395 49.9945 49.7698 48.0972 47.1554 46.7289 45.7396 44.2657 58.3269 42.8797 42.8508 42.4808 40.9999 44.7095 50.7261 50.6789 62.9189 40.4671 39.9816 42.2655 39.5141 38.7455 37.1984 36.8391 36.6959 51.2902 35.9093 51.2049 38.3458 35.8228 35.7741 45.4523 35.4365 35.335 55.8273 35.323 35.0815
threshold=38.500000000000007 15.775 10.675000000000002 159355.50000000003 54.500000000000007 184575.00000000003 50.500000000000007 8.9250000000000025 20.315000000000001 79245.000000000015 124491.50000000001 6.5950000000000006 55.500000000000007 25.500000000000004 22.500000000000004 0 22.455000000000002 64.500000000000014 4.2750000000000012 0.15500000000000003 13.485000000000001 60851.500000000007 22.275000000000002 64.500000000000014 23.500000000000004 0.78500000000000014 1 1.0000000180025095e-35 20.500000000000004 55.500000000000007 20463.500000000004 210613.50000000003 0.75500000000000012 18.905000000000005 20.505000000000006 20.935000000000006 13.115 1.0000000180025095e-35 0.29500000000000004 42.000000000000007 0.76500000000000012 217446.50000000003 59.500000000000007 86019.000000000015 2.1050000000000004 87986.500000000015 53980.500000000007 24.435000000000006 39564.500000000007 1.0000000180025095e-35 2 39.500000000000007 46154.000000000007 42.000000000000007 53.500000000000007 0.52500000000000013 0.36500000000000005 20.505000000000006 15.125000000000002 3 0.14500000000000005 0.27500000000000008
decision_type=2 2 2 2 2 2 2 2 2 2 2 2 2 2 2 1 2 2 2 2 2 2 2 2 2 2 1 2 2 2 2 2 2 2 2 2 2 2 2 2 2 2 2 2 2 2 2 2 2 2 1 2 2 2 2 2 2 2 2 1 2 2
left_child=2 3 9 7 10 8 49 12 24 15 26 -8 48 -10 25 19 21 27 -16 -1 36 23 32 35 -4 -11 -3 30 61 -24 54 -20 -23 -34 -7 -6 -19 38 47 -40 41 -41 -42 -14 -45 -46 -26 -18 -2 -5 -51 52 -50 -54 -9 56 -38 -12 59 -48 -61 -17
right_child=1 4 5 6 16 34 11 17 13 14 57 -13 43 -15 18 28 37 20 31 -21 -22 22 29 -25 46 -27 -28 -29 -30 -31 -32 -33 33 -35 -36 -37 55 -39 39 40 42 -43 -44 44 45 -47 58 -49 51 50 -52 -53 53 -55 -56 -57 -58 -59 -60 60 -62 -63
leaf_value=-0.012841364773351557 -4.9572396203499207e-05 0.046403442377981809 0.056692738819513026 0.047974138221336657 0.034626693218532408 0.061874213706130603 0.0072650704029131805 0.022934459190569828 0.068457550235791365 0.049999682000659934 0.049360433598618733 0.030156631675391052 -0.013884871876847272 0.055086433750100541 0.027828628074016259 -0.01672133271905666 0.013119150131599644 0.010801276379661521 0.040222861418919599 0.039737445177139993 -0.022250133202311718 0.037920446505313989 0.076851610877605891 -0.015022072546243451 0.039793358267806361 0.075160351128542496 0.030845476989198345 0.020402042052008285 0.0076044531899605505 -0.043750627764797365 0.03575699304129043 0.053865538451979902 -0.0027095764374184539 0.035417836026077003 0.070661453246356073 -0.0067530909990521195 0.020851453434009962 0.035000849431303355 0.068892386577952644 0.0010487341056546846 0.0040851269123428685 0.076967928231859439 0.10004929015674627 0.11580305159857818 0.080746119374321218 0.0016518186647027614 0.055402125509949801 0.067166873201609648 0.12177767822577795 0.043790671618303093 0.019594333534265693 0.02112091294994185 -0.064459403948221 0.013190928372827671 -0.033707316467589385 9.3746608423566702e-05 0.16632319232152068 0.058902164066538192 0.054087048538092514 -0.01269292896503922 0.037249565091297766 0.05312229999404159
leaf_weight=56.26445609331131 307.09921596199274 1737.3493916094303 2590.1622670292854 1243.0085125267506 308.5590026974678 3847.6124486625195 691.27707990258932 82.67875824868679 2225.1783289909363 1269.8864309936762 1831.2850567549467 1893.9968262761831 486.55582859367132 2740.4072664827108 836.22280697524548 21.352613270282745 113.25670593976974 238.79085088521242 2240.9797757565975 1073.1038777083158 133.922093488276 2025.5053770691156 9.7548839300870878 138.43246633559465 1211.4253330677748 267.53474785387516 1039.3881520777941 1468.0123774260283 509.81492161750793 45.175823226571083 1446.0295382589102 852.78268601000309 168.28795433044434 247.3263576477766 2206.1496489644051 78.191126495599747 9.1814351975917834 656.76615117490292 393.4654742628336 102.64950281381607 14.701567143201826 37.144188329577446 44.799329310655594 8.5201625749468786 16.20880252122879 503.90297219157219 764.09305049479008 44.409041613340378 6.0682765841484061 690.80733507871628 407.88955453038216 1246.9292071387172 34.676295548677444 29.074063703417778 41.99058348685503 12.01546064019203 13.245361953973768 2118.598672196269 2306.988535284996 36.624470040202141 918.53183816373348 109.06085762381554
leaf_count=249 1820 4718 4679 3403 1310 6056 3537 356 2958 2810 4204 7029 3595 4892 2737 85 400 1362 6040 3396 792 6707 17 813 3216 464 3129 6221 1966 209 5535 1816 703 780 2737 363 49 2139 979 397 49 69 96 34 85 3021 1635 120 17 1977 1343 5871 201 128 267 64 34 4002 4438 128 2285 279
internal_value=0.0442957 0.0338016 0.0532136 0.0241996 0.0432796 0.0580347 0.0326122 0.0173865 0.0547007 0.0406568 0.0488601 0.0240381 0.00819131 0.0610806 0.0444429 0.0289543 0.0348009 0.0244268 0.0405506 0.036787 0.00496649 0.0304397 0.0336099 0.0153595 0.0506523 0.0543859 0.0408611 0.0270324 0.0143278 -0.0221419 0.0332245 0.0439866 0.0348674 0.0199706 0.0650785 0.0262482 0.018328 0.044158 0.0521599 0.0584634 0.0378244 0.0212974 0.0764689 -0.00354039 0.00597209 0.00414138 0.0476632 0.0284072 0.0155285 0.0420746 0.0353918 0.0191653 -0.0156706 -0.0290026 0.00380482 0.0701839 0.107347 0.054481 0.0500288 0.0445776 0.0349622 0.0416444
internal_weight=48251.1 22166.9 26084.2 11011.9 11155 18847.2 4926.98 6084.9 12793.4 7237 6726.62 2585.27 2639.03 4965.59 5467.41 1769.6 4428.42 3445.87 3929.99 1129.37 407.155 3021.23 2496.05 525.183 7827.83 1537.42 2776.74 3038.71 640.228 54.9307 1570.7 3093.76 2441.12 415.614 6053.76 386.75 273.233 1407.19 750.426 592.76 199.295 139.794 59.5009 1015.19 528.632 520.112 5237.66 157.666 1623.85 2341.71 1098.7 1316.75 69.8186 63.7504 124.669 34.4423 22.4268 3949.88 4026.24 1719.25 955.156 130.413
internal_count=130811 77945 52866 46741 31204 33024 17289 29452 24231 19842 16053 10566 14772 7850 13867 5975 15151 14680 10593 3645 2301 10902 8416 2486 16381 3274 7847 12379 2330 226 6158 7856 8190 1483 8793 1673 1509 4249 2110 1590 611 466 145 6735 3140 3106 11702 520 8037 6723 3320 6217 346 329 623 147 83 8206 8486 4048 2413 364
cat_boundaries=0 1 2 3 4
cat_threshold=13 13 25 17
is_linear=0
shrinkage=0.05


Tree=15
num_leaves=63
num_cat=0
split_feature=0 1 1 3 3 2 2 0 0 3 6 3 3 7 3 1 1 3 3 2 0 0 2 2 2 1 7 2 2 0 3 4 2 3 1 0 3 2 3 2 0 1 0 3 2 7 3 2 1 7 1 1 1 3 3 2 1 3 2 3 1 3
split_gain=1948.77 803.365 731.951 692.23 474.746 293.765 242.987 225.163 182.795 155.545 148.514 140.476 138.514 118.561 94.72 88.9805 86.9795 83.0147 81.7624 78.5246 73.4655 64.995 62.0271 61.4394 60.3672 60.7277 58.5202 56.7049 55.3703 52.0778 55.6601 51.3977 50.5989 50.5847 49.3663 49.3557 47.3171 47.1233 45.3977 75.3299 49.6614 54.936 45.3175 44.6776 44.3309 44.1777 44.0778 61.0386 43.7334 40.4406 40.0629 40.0379 38.5898 40.9807 40.2955 51.3489 38.5269 73.587 37.647 37.5205 37.3936 46.0222
threshold=46.500000000000007 41611.500000000007 31475.500000000004 14.495000000000003 10.495000000000003 160316.50000000003 91881.000000000015 32.500000000000007 30.500000000000004 10.215000000000002 1.0000000180025095e-35 5.8250000000000011 19.885000000000002 1.0000000180025095e-35 13.115 66142.500000000015 21405.500000000004 15.865 20.055000000000003 95713.500000000015 59.500000000000007 65.500000000000014 214496.50000000003 23323.500000000004 38583.000000000007 19736.500000000004 1.0000000180025095e-35 36578.500000000007 175961.50000000003 56.500000000000007 8.2750000000000004 18.000000000000004 177849.50000000003 21.925000000000004 144223.50000000003 19.500000000000004 2.1950000000000007 42383.500000000007 10.025 220299.50000000003 52.500000000000007 116140.00000000001 60.500000000000007 9.7450000000000028 44346.000000000007 1.0000000180025095e-35 19.975000000000005 182654.50000000003 65608.500000000015 1.0000000180025095e-35 22475.500000000004 73067.500000000015 88973.500000000015 11.495000000000003 5.1450000000000005 23323.500000000004 91732.500000000015 21.655000000000005 5959.5000000000009 17.985000000000003 99762.500000000015 3.9850000000000008
decision_type=2 2 2 2 2 2 2 2 2 2 2 2 2 2 2 2 2 2 2 2 2 2 2 2 2 2 2 2 2 2 2 2 2 2 2 2 2 2 2 2 2 2 2 2 2 2 2 2 2 2 2 2 2 2 2 2 2 2 2 2 2 2
left_child=1 5 6 7 15 9 17 11 18 27 45 13 20 -3 42 23 -7 -2 -5 59 26 22 46 -4 -11 -26 31 -1 -22 30 34 -6 -30 51 -17 -13 -12 -37 40 -40 41 -32 -8 48 -45 -9 47 -14 -25 -18 -29 -21 -47 54 55 -54 -23 -58 -28 -10 -38 -62
right_child=2 3 4 8 12 16 14 10 19 24 36 35 21 -15 -16 29 49 -19 -20 33 28 56 -24 43 25 -27 58 50 32 -31 38 -33 -34 -35 -36 37 60 -39 39 -41 -42 -43 -44 44 -46 52 -48 -49 -50 -51 -52 -53 53 -55 -56 -57 57 -59 -60 -61 61 -63
leaf_value=0.010422033202741203 0.0014233172652740012 0.039043672754223997 -0.033103909810191255 0.050349783798879 0.048005526835236886 0.080384007992693837 0.051071794824583232 0.040228304981218918 0.025579478401277202 0.042275095736803152 -0.062547706700472688 0.055392532185969789 0.088560055624455389 0.01148831220475543 0.064647256055604882 -0.0043754758280317475 0.070538952109416353 0.038241136849191934 0.061037838801255517 0.052723541915549156 0.0073108194738863491 0.02977060098480341 0.052051977123683202 0.020935415358960437 0.074146256661705587 0.056391612956105501 0.11180584852213593 0.054148299535443728 0.097360779578089043 -0.0084690486610374694 0.038131042569079156 0.027694225597780467 0.022562628390782141 0.055649858409013125 0.042199993704239463 0.026856914077831019 0.021765732517401076 0.043563098088984731 -0.041884162596351283 0.085312334346515445 0.05728113998283816 -0.021915630164793917 0.025914251004146072 0.081280840659783929 -0.027288510658421136 0.035982605745752315 0.032671466544175666 -0.071699482026894704 0.097730186698038429 0.058779353630290035 0.033295862484964626 0.040291594358432097 0.11876430556094056 0.038139955100978763 -0.0034082208610722456 0.019477560816580076 -0.045417709640105684 0.019543603303182118 0.018220832706239927 0.040659701315749613 -0.02442360950906769 0.012074777387560194
leaf_weight=180.9984872341156 286.05190050601959 867.00835007429123 58.966661758720875 3341.9330267310143 404.08488170802593 1380.8306649327278 592.95177574455738 1202.8618307560682 571.81803937256336 565.36910296976566 19.330198258161545 776.10444439947605 62.175011113286018 711.37087978422642 1395.9855696111917 711.90947981178761 1614.0081911385059 330.05037917196751 3887.0541005283594 976.64208608865738 1201.8996334001422 283.22087343037128 561.31892751157284 933.58554666489363 616.62534876167774 2263.572982698679 10.75013194978237 363.67034566402435 23.371288597583771 1125.027768060565 95.742164492607117 1377.5290111005306 660.66811254620552 1540.5547640472651 61.729816056787968 480.42165225744247 1145.3208048790693 3620.2634895890951 51.878346301615238 14.887124687433241 116.75630512833595 63.020573645830154 258.32300670444965 10.553806684911249 79.18420472741127 522.17947785556316 2583.5248021036386 6.4588530510663977 18.863293901085854 1362.5342053472996 637.81334795057774 1959.0593744516373 14.596837811172007 161.4477985650301 256.09306590259075 117.38699740916491 59.774371385574341 160.17346541583538 1494.1611880064011 1507.9827110618353 96.916003540158272 782.34160931408405
leaf_count=676 1526 2479 436 6179 1215 1271 1409 3791 1788 1289 120 1541 137 2599 2367 3966 2039 973 5541 1939 6261 991 1288 4502 752 3857 31 730 68 7529 376 4688 2625 2741 285 1499 4092 8416 288 39 472 326 847 43 397 1729 7942 30 69 2045 1808 4672 46 496 1087 509 328 648 5782 3676 517 3009
internal_value=0.0411569 0.0478708 0.0262362 0.0431892 0.020908 0.060665 0.0489934 0.0336918 0.0506113 0.0518858 0.0248501 0.0396055 0.0269482 0.0266292 0.0566212 0.0048408 0.0699871 0.021158 0.0560982 0.0445596 0.021654 0.0343139 0.0369319 0.0164789 0.057259 0.0601969 0.0261698 0.0362214 0.013781 -0.000876156 0.00677427 0.0323062 0.0251394 0.0482942 -0.000647715 0.0438036 0.015063 0.0416078 0.0235595 -0.0133624 0.0325264 0.0142654 0.0434474 0.019292 -0.0143881 0.0336415 0.0337281 0.0733236 0.0224717 0.0651597 0.0408777 0.0444308 0.0262409 0.0169699 0.00814231 0.0305777 0.0175803 0.00185398 0.0189001 0.0365174 0.0158095 0.00804374
internal_weight=48638.7 33544.1 15094.6 24558.7 12231.2 8985.42 2863.36 10773.6 13785 4628.05 4318.47 6455.17 8889.11 1578.38 2247.26 3342.11 4357.37 616.102 7228.99 6556.06 5172.46 3716.65 3213.48 1101.15 3445.57 2880.2 3286.53 1182.48 1885.94 2240.95 1115.92 1781.61 684.039 4476.26 773.639 4876.79 2043.91 4100.69 342.285 66.7655 275.519 158.763 851.275 1042.19 89.738 2274.57 2652.16 68.6339 952.449 2976.54 1001.48 2935.7 1071.7 549.525 388.077 131.984 503.169 219.948 1504.91 2079.8 2024.58 879.258
internal_count=130817 72933 57884 58466 50762 14467 7122 31930 26536 9112 15396 16534 32034 5078 4623 18728 5355 2499 11720 14816 20670 11364 9397 5447 5898 4609 11716 3214 8954 13281 5752 5903 2693 9352 4251 11456 7738 9915 1501 327 1174 702 2256 5011 440 7658 8109 167 4571 4084 2538 6611 3867 2138 1642 555 1967 976 5813 5464 7618 3526
is_linear=0
shrinkage=0.05


Tree=16
num_leaves=63
num_cat=5
split_feature=0 1 3 1 3 0 2 2 0 6 3 3 3 7 1 1 3 8 3 0 1 3 0 3 2 2 2 1 6 2 3 3 7 2 8 1 3 0 8 2 7 2 0 8 3 2 1 1 1 1 1 2 8 1 0 3 0 3 3 2 2 1
split_gain=1747.56 770.344 702.404 614.487 379.221 223.802 215.184 201.456 171.242 129.929 128.037 107.221 99.5058 96.1335 82.3885 76.646 75.9158 81.3147 71.1937 84.3513 69.4308 68.9608 64.0847 60.8731 60.5336 59.425 56.5722 59.3519 84.703 54.2761 64.5175 53.4418 53.0224 51.9473 60.2532 49.2884 49.1821 48.2018 47.6756 47.6205 45.5942 45.1028 44.2024 103.77 55.2612 43.6937 43.4728 43.2709 43.1336 44.2635 56.7705 42.8755 43.9165 41.377 40.4893 40.0445 39.3796 60.3377 80.1242 40.9317 44.9825 40.0738
threshold=47.500000000000007 29907.000000000004 15.965000000000002 32006.500000000004 10.495000000000003 31.500000000000004 84097.500000000015 91881.000000000015 32.500000000000007 1.0000000180025095e-35 21.565000000000001 8.0050000000000008 9.5650000000000031 1.0000000180025095e-35 48079.500000000007 66142.500000000015 7.245000000000001 0 7.1550000000000011 35.500000000000007 18667.500000000004 9.3750000000000018 59.500000000000007 20.055000000000003 194460.50000000003 156356.00000000003 208730.50000000003 50680.500000000007 1.0000000180025095e-35 33692.500000000007 9.7450000000000028 9.0150000000000023 1.0000000180025095e-35 99521.500000000015 1 63990.500000000007 21.835000000000004 50.500000000000007 2 10704.500000000002 1.0000000180025095e-35 246149.50000000003 56.500000000000007 3 6.9750000000000005 191502.50000000003 51723.000000000007 101931.50000000001 106198.50000000001 146913.50000000003 147938.50000000003 114930.00000000001 4 58104.500000000007 27.500000000000004 8.7450000000000028 58.500000000000007 4.1750000000000007 2.9350000000000005 189513.00000000003 35589.000000000007 148421.50000000003
decision_type=2 2 2 2 2 2 2 2 2 2 2 2 2 2 2 2 2 1 2 2 2 2 2 2 2 2 2 2 2 2 2 2 2 2 1 2 2 2 1 2 2 2 2 1 2 2 2 2 2 2 2 2 1 2 2 2 2 2 2 2 2 2
left_child=1 6 5 7 15 11 18 21 23 31 22 13 45 -3 -10 29 17 35 19 -1 -8 37 40 -4 -22 47 27 -12 -29 -5 -31 -7 -33 34 -18 -11 38 -2 -16 -24 -6 -15 44 56 -17 -9 -38 -13 -41 -50 -51 52 -46 -27 -49 -56 57 58 -44 60 -59 -58
right_child=3 2 8 4 10 9 20 12 14 16 26 25 -14 41 36 42 33 -19 -20 -21 24 -23 39 -25 -26 53 -28 28 -30 30 -32 32 -34 -35 -36 -37 46 -39 -40 48 -42 -43 43 -45 51 -47 -48 54 49 50 -52 -53 -54 -55 55 -57 61 59 -60 -61 -62 -63
leaf_value=0.033413030821388384 0.045886209143095158 0.039976516418437975 0.048708087845242942 -0.022978759182450001 0.029867127284007863 0.026446925968311871 0.075664102801549227 0.019019305158961875 0.054645773674952526 0.049198420097335466 0.048351632295136747 0.043641304288374226 0.0579621150945719 0.020162303390874048 0.041150443221919471 -0.0050299905329799126 -0.01888414736821651 -0.0049684546138486956 0.047393518867183987 -0.047885715019755359 0.056386961954605554 0.028445662871282657 -0.040521804600875247 0.057502595403217199 0.070516362309954825 0.060337612433023137 0.049099564818265135 0.036725147702584254 0.013451923096933419 0.022623925075288393 -0.025052600042966902 0.046428944498159083 0.029858776471723275 0.02995582713246854 0.019729175069816893 0.012246562159858072 -0.0028798069922987895 -0.027878884202821398 0.026637176337716662 0.019944828048798623 0.018670457636790833 0.083607828887249158 -0.057375454380674921 -0.020728370737580978 0.025266350799369255 0.04824161536970225 0.04732138155929802 0.036212822391525269 0.0017417784881984845 0.097817106888724692 0.0048033853427649166 0.0300664355080918 -0.021659865344416152 0.045427068148421457 0.070546632728163472 0.0059998468667620108 0.00086729853370202589 0.088944168328840556 0.15393243235451093 0.070378368195882779 -0.04647409330251958 0.1076076307525758
leaf_weight=119.65120700001717 27.934487104415894 1562.3791326731443 3275.2484831809998 84.685173809528351 1972.268320992589 1475.0227244198322 1420.8732358217239 272.19164374470711 1213.0163162499666 138.66967540979385 368.65684521198273 1777.080188781023 1687.3426808416843 1273.6648862957954 1824.5277996957302 513.32419145107269 114.38465145230293 543.95262740552425 1012.7323407828808 43.364179596304893 1824.8004800826311 471.9903566390276 39.126551859080791 4996.0949630439281 1311.4258646965027 655.07285097241402 503.9780598282814 852.36005003750324 724.11166572570801 873.56453965604305 77.052581533789635 1089.755452260375 872.99832172691822 1495.9013278782368 598.38882513344288 259.85260675102472 43.912885427474976 104.89358352869749 1095.7533885836601 1507.4132722988725 1695.1938154995441 28.609817355871201 5.7192013487219837 654.72546999156475 80.276098422706127 242.97555686533451 1919.7035033553839 823.26111090183258 709.41281460225582 28.373578786849976 39.013886600732803 301.79453684389591 101.11416853219271 1645.7061012238264 26.919173911213875 219.94738131761551 372.74309708923101 7.6342361196875563 19.508880831301212 19.991964355111122 29.320310890674591 8.908736586570738
leaf_count=320 122 4033 5800 615 6358 5434 1418 942 2047 443 930 4022 3068 4116 4326 2984 522 2440 2076 232 2803 1664 268 7124 1422 954 1181 2558 2583 4122 400 2738 2620 4242 2193 1133 129 676 2960 6431 6336 50 44 4575 406 561 3837 1975 3591 100 192 1177 605 3228 66 715 2470 41 73 81 210 35
internal_value=0.0387209 0.044797 0.0414822 0.0240752 0.0189904 0.0337575 0.0615456 0.0450648 0.0493317 0.026928 0.0245161 0.0393725 0.052085 0.03161 0.0429678 0.00418504 0.0195894 0.00770017 0.0424559 0.0117398 0.0664687 0.0194873 0.0205758 0.0540214 0.0622989 0.0436904 0.0341514 0.0302734 0.0260399 0.0153318 0.018752 0.0336524 0.0390633 0.0246599 0.0135356 0.0245111 0.0400652 -0.0123052 0.0359397 0.0140724 0.0246938 0.0215663 -0.0012693 -0.00809344 0.00638562 0.0328182 0.0461961 0.0388493 0.0150115 0.00543042 0.0441279 0.0185222 -0.00066345 0.049677 0.0308837 0.0130842 0.0099636 0.0415588 0.105794 0.0128785 -0.0181993 0.00339953
internal_weight=49100.3 34702.7 28969.8 14397.6 11590.3 14601.6 5732.85 2807.33 14368.3 6588.93 8439.91 8012.64 2202.51 2864.65 6096.91 3150.36 3151.15 942.475 1175.75 163.015 4557.1 604.818 5990.8 8271.34 3136.23 5147.99 2449.11 1945.13 1576.47 1035.3 950.617 3437.78 1962.75 2208.67 712.773 398.522 4883.9 132.828 2920.28 2323.34 3667.46 1302.27 2115.06 1118.55 996.509 515.167 1963.62 2847.21 2284.21 776.8 67.3875 483.185 181.39 2300.78 1070.13 246.867 463.826 82.1746 25.2281 56.9465 36.9545 381.652
internal_count=130817 75418 67147 55399 48366 40924 8271 7033 26223 21765 30528 19159 4571 8199 13299 17838 10973 4016 2628 552 5643 2462 23276 12924 4225 10960 7252 6071 5141 5137 4522 10792 5358 6957 2715 1576 11252 798 7286 10582 12694 4166 12701 7529 5172 1503 3966 6778 10314 3883 292 2188 1011 4182 2756 781 2954 449 117 332 251 2505
cat_boundaries=0 1 2 3 4 5
cat_threshold=17 2 21 5 12
is_linear=0
shrinkage=0.05


Tree=17
num_leaves=63
num_cat=0
split_feature=1 3 2 3 7 3 1 6 2 2 5 1 7 1 2 2 5 3 2 3 5 5 2 1 3 2 5 2 3 3 1 1 6 1 3 5 3 2 2 3 1 3 5 2 1 1 3 5 1 2 5 5 1 7 2 1 5 3 2 3 3 1
split_gain=1180.75 958.44 327.604 270.653 198.854 132.803 97.2395 94.0354 93.7685 90.0626 84.7813 75.7771 75.5257 77.1125 81.6882 69.881 66.4245 64.0645 62.5795 51.1144 48.4021 46.3765 46.1791 44.9849 43.5226 43.0147 59.1613 41.7054 40.6395 39.3733 38.214 65.6167 35.1497 34.8131 43.8969 36.2757 33.5031 35.9347 33.4935 38.3233 33.3464 53.244 40.9577 43.2682 40.7588 39.0542 41.8257 34.5339 35.8109 33.3562 33.1838 42.8286 38.9244 32.8317 34.6831 32.5616 32.4553 34.0203 34.9017 31.7995 31.7867 31.585
threshold=30404.500000000004 11.945000000000002 133286.50000000003 20.505000000000006 1.0000000180025095e-35 7.1550000000000011 86343.000000000015 1.0000000180025095e-35 119717.50000000001 144866.50000000003 0.72500000000000009 21405.500000000004 1.0000000180025095e-35 105649.00000000001 58951.500000000007 65593.500000000015 0.32500000000000007 5.8250000000000011 233702.50000000003 9.2850000000000019 0.58500000000000008 0.42500000000000004 71472.500000000015 135318.50000000003 11.675000000000002 38583.000000000007 0.12500000000000003 56928.000000000007 9.1050000000000022 3.1250000000000004 47524.500000000007 45906.500000000007 1.0000000180025095e-35 117801.50000000001 12.305000000000001 0.45500000000000007 8.7450000000000028 22372.500000000004 160316.50000000003 4.9450000000000012 87411.000000000015 8.0050000000000008 0.45500000000000007 109256.50000000001 85268.000000000015 146913.50000000003 7.1550000000000011 0.39500000000000007 34164.500000000007 110233.50000000001 0.27500000000000008 0.22500000000000003 137952.50000000003 1.0000000180025095e-35 219330.50000000003 32562.000000000004 0.22500000000000003 16.795000000000005 62750.500000000007 2.9350000000000005 8.5450000000000017 138466.00000000003
decision_type=2 2 2 2 2 2 2 2 2 2 2 2 2 2 2 2 2 2 2 2 2 2 2 2 2 2 2 2 2 2 2 2 2 2 2 2 2 2 2 2 2 2 2 2 2 2 2 2 2 2 2 2 2 2 2 2 2 2 2 2 2 2
left_child=2 4 5 12 7 22 9 19 20 -5 18 24 13 14 -3 56 -8 -10 59 25 40 -14 -1 -18 -4 55 38 -28 36 -20 31 -22 -23 34 -15 -36 37 -12 -27 -40 41 49 44 60 47 -42 -47 48 -43 -6 51 52 -19 -13 -55 -2 -7 58 -58 -9 -44 -34
right_child=1 3 11 6 8 15 16 10 17 -11 28 53 21 33 -16 -17 23 50 29 -21 30 32 -24 -25 -26 26 27 -29 -30 -31 -32 -33 61 -35 35 -37 -38 -39 39 -41 45 42 43 -45 -46 46 -48 -49 -50 -51 -52 -53 -54 54 -56 -57 57 -59 -60 -61 -62 -63
leaf_value=-0.0018875991094528773 0.092883482267928946 0.027755182395938993 0.058056976841558632 0.042734068519380899 -0.0081108923855534414 0.012909274084758837 0.030202288644797733 -0.0056791872143583623 0.011165292598917321 0.055364974478027587 -0.031720596400950103 0.060419246623746384 0.02567687642758415 -0.042590795457352032 0.043634304478840175 0.051414257900542874 0.045545532862237351 0.026346594213879627 -0.040989020741851068 0.041813023025939554 0.024909709476474098 0.037893669988993191 0.029501377014584419 0.032602346170749801 0.072023007541464984 -0.065400737662315009 0.055580072895949441 0.030720314682860773 0.049775122868061079 0.047002440575260096 0.012031712983099338 0.11139674119139086 0.030981207402915475 0.034176867074127863 0.010878121515981382 0.03306192157896444 -0.034482924770133642 0.03261180528979804 -0.067752810547004258 0.052444752992612323 -0.0085137260946988695 -0.06835888517523192 -0.029383902687742477 -0.069081961350362292 0.093964277526809706 0.073850429305051257 -0.022800505582892597 -0.042700512317861247 0.019764998444956734 0.038109207111365534 0.027858981196004735 -0.012414671305299768 -0.032838568058616367 0.043387474114986918 0.061263249386136677 0.0073973128550800836 0.030624717184926861 0.047112013847354223 -0.048237520958426358 0.016548041199229365 0.063281509636027966 0.0093479197774265412
leaf_weight=194.78040742874146 11.529817178845404 983.52006927132607 844.27723024785519 2885.3016664981842 353.0408423691988 142.53287791460752 1408.5288278609514 173.14303189516068 1230.1689107716084 2779.883059412241 22.610776923596859 1460.1519817858934 2943.5669371411204 25.416537016630173 4660.7374393492937 1748.2906700968742 3206.8946785777807 353.87426978349686 13.350172176957129 1187.3746679201722 151.03192393481731 2428.4445003420115 292.86330533027649 854.7874516248703 1694.9964592903852 23.222703292965889 184.60911521315575 2045.7003481686115 318.06647238880396 221.92659246921539 873.08475261181593 25.647658191621304 2148.3653938546777 2137.4196205958724 312.17269372940063 453.13431158661842 21.116818308830261 466.34587656706572 9.606578394770624 20.748727217316628 672.92473202943802 12.190615363419054 10.030910201370714 7.3712326586246482 14.019933223724363 30.203541412949562 17.586835004389286 30.827426925301552 181.79459664970636 43.768937632441521 2066.4472080916166 120.69501113146544 29.989021733403206 829.41770268976688 408.27053965628147 273.56537736207247 400.4630348533392 520.95156376063824 14.404237717390059 2210.974262624979 103.14128646999598 183.95598792284727
leaf_count=868 25 3004 1267 6143 1883 447 3421 879 5113 4517 124 2129 8610 111 10532 3244 6630 1153 63 3329 584 6287 828 1993 1687 138 634 6958 816 567 3971 70 5890 5732 977 1204 97 1654 52 52 3477 66 49 38 36 114 87 160 724 173 6520 481 136 1519 557 1283 1262 1102 63 8361 307 619
internal_value=0.0364833 0.0329535 0.0533828 0.0383286 0.0220643 0.0410736 0.0443373 0.027746 0.0155948 0.0489338 0.0217775 0.0611707 0.0342173 0.0374496 0.0408688 0.0452318 0.0395753 0.020558 0.0173639 0.0332217 0.00812564 0.0306198 0.0169556 0.0428237 0.0673839 0.0292473 0.0315344 0.0327827 0.0357281 0.0419731 0.0163343 0.0375488 0.0336743 0.0308559 0.0218696 0.0240222 0.0269509 0.0296208 -0.0202981 0.014144 0.00228694 0.00962348 0.0235637 0.047325 0.0115352 -0.005404 0.0382052 0.00633293 0.0141689 -0.00299181 0.0250496 0.0135306 0.0217024 0.0553185 0.0492926 0.0109034 0.0352001 0.038588 0.0278636 0.0149316 0.0550054 0.0292776
internal_weight=49495.3 40943.9 8551.4 27412.1 13531.7 3314.29 11135.4 7203.89 6327.84 5665.18 3447.53 5237.11 16276.7 8572.4 5644.26 2826.64 5470.21 3801.17 2619.39 3756.36 2526.67 7704.33 487.644 4061.68 2539.27 2568.98 2283.89 2230.31 828.14 235.277 1049.76 176.68 4760.77 2928.14 790.724 765.307 510.073 488.957 53.578 30.3553 1476.9 756.186 359.376 120.543 238.833 720.715 47.7904 224.813 193.985 396.81 2571.01 504.558 383.863 2697.84 1237.69 285.095 1078.35 935.819 414.867 2384.12 113.172 2332.32
internal_count=130817 115844 14973 65670 50174 7814 22704 25032 25142 10660 12561 7159 42966 21560 13536 6118 12044 13403 9870 12471 11739 21406 1696 8623 2954 9142 7834 7592 2691 630 4625 654 12796 8024 2292 2181 1875 1778 242 104 7114 3436 1380 394 986 3678 201 950 790 2056 8290 1770 1289 4205 2076 1308 2874 2427 1325 9240 356 6509
is_linear=0
shrinkage=0.05


Tree=18
num_leaves=63
num_cat=4
split_feature=3 3 2 2 7 7 8 2 3 7 5 3 2 2 6 5 3 2 5 3 6 7 3 3 3 5 3 5 4 3 4 6 2 3 2 2 8 4 3 2 2 2 5 2 3 5 2 2 2 5 2 5 6 8 8 3 3 2 2 3 2 5
split_gain=958.533 258.728 205.87 174.47 164.388 102.769 89.9599 84.6632 99.552 83.6692 78.8039 64.0429 54.4608 51.6706 51.4776 48.4437 58.5719 47.1983 46.1567 43.9747 43.6113 41.5247 53.3871 44.1023 38.2132 37.7638 37.5615 62.8944 44.6956 73.4038 40.2678 37.4172 36.113 34.8056 35.3137 33.7852 33.7289 66.722 33.7019 33.5277 58.2545 39.3519 33.1817 33.1714 32.7587 31.1873 30.3067 31.287 30.287 37.5562 36.2467 29.9373 29.8031 39.5779 35.2547 33.0591 29.8024 33.2153 46.8708 36.3864 29.6728 29.6461
threshold=11.945000000000002 20.505000000000006 182654.50000000003 83146.000000000015 1.0000000180025095e-35 1.0000000180025095e-35 0 23323.500000000004 8.0050000000000008 1.0000000180025095e-35 0.42500000000000004 3.5950000000000002 180713.50000000003 153432.00000000003 1.0000000180025095e-35 0.15500000000000003 10.305000000000001 178843.00000000003 0.46500000000000002 15.595000000000001 1.0000000180025095e-35 1.0000000180025095e-35 5.9150000000000009 4.5550000000000006 7.6350000000000007 0.35500000000000004 5.8250000000000011 0.40500000000000008 30.000000000000004 2.7550000000000003 30.000000000000004 1.0000000180025095e-35 232820.00000000003 10.215000000000002 38583.000000000007 9752.5000000000018 1 30.000000000000004 12.305000000000001 37561.000000000007 48080.500000000007 100458.50000000001 0.19500000000000003 104388.00000000001 7.3350000000000009 0.42500000000000004 85049.500000000015 90932.500000000015 73405.500000000015 0.22500000000000003 127441.50000000001 0.27500000000000008 1.0000000180025095e-35 2 3 2.2850000000000006 7.8250000000000011 12603.500000000002 10704.500000000002 7.0650000000000004 249014.50000000003 0.44500000000000006
decision_type=2 2 2 2 2 2 1 2 2 2 2 2 2 2 2 2 2 2 2 2 2 2 2 2 2 2 2 2 2 2 2 2 2 2 2 2 1 2 2 2 2 2 2 2 2 2 2 2 2 2 2 2 2 1 1 2 2 2 2 2 2 2
left_child=2 3 4 19 6 17 10 56 18 12 -1 -4 31 35 -13 16 -8 -3 24 -2 33 23 -23 32 26 -10 28 30 29 48 51 -5 -16 34 42 -7 37 38 -11 61 -41 44 -17 -43 -42 -31 -32 -48 -9 50 -50 -28 54 55 -20 -54 57 58 -6 -60 -19 -12
right_child=1 5 11 9 7 13 15 8 25 36 39 14 -14 -15 21 20 -18 60 52 -21 -22 22 -24 -25 -26 -27 27 -29 -30 45 46 -33 -34 -35 -36 -37 -38 -39 -40 40 41 43 -44 -45 -46 -47 47 -49 49 -51 -52 -53 53 -55 -56 -57 -58 -59 59 -61 -62 -63
leaf_value=-0.0050721926965153425 0.021905370804375841 0.045870069148923914 0.018306856979910961 0.042719671160776858 0.0034379798429416638 0.0041407414063247125 -0.0050130427822903034 -0.035463947307609232 0.013507622796258915 -0.077024882660774133 0.094640863263498687 0.039207599109440938 0.04653835513658159 0.044988114085676774 0.041097910556712733 -0.065124750290046482 0.046512414000381197 0.054977250061592209 0.029835339478975959 0.031382810135486314 0.025380325938347815 -0.00012507779189177069 0.027404939670250501 0.031708947135559259 -0.034787727171145359 0.028086030578236054 0.019946907545069788 -0.036700497140268955 0.0065760404531442261 -0.045864792620566336 -0.022909119768851308 0.033357658029920106 0.09254830618652049 0.04673125830771041 0.034925530500113468 0.036633534633480215 0.036215895108469877 0.03466125772465458 0.012903339665772144 0.080449360531602648 -0.021652015242925298 0.089991376444928592 0.019211065361767893 0.028404614789556484 0.022427037244015156 0.010383603010609527 0.10222713496882802 0.013990150353531084 0.15001243560955968 0.0050893519165429836 0.017485975208435436 0.064677735445999224 0.083535291665121192 -0.0030649490295489514 0.0066586322265533536 0.017082001064678214 -0.023811236662948695 -0.013200695241744168 0.043098491612440878 0.16785910789777311 -0.015640390042123774 -0.011757471744096203
leaf_weight=389.47084042429924 1971.4079721048474 4671.9239619076252 713.37762328237295 2205.9232779592276 73.775953382253647 82.343999654054642 202.42260593175888 14.876913808286188 629.4879590049386 10.557827427983282 6.9579265043139449 2594.2257656976581 3574.8873711079359 2846.1623599976301 89.112187877297401 12.081999912858008 75.639644637703896 2374.085068538785 487.02962166070938 3255.3827146738768 2154.3782531395555 222.02515115588903 844.63505579531193 1114.9878382235765 67.70566413551569 1524.7578282207251 72.561095334589481 48.646417640149593 418.82176904380322 150.05223842710257 54.37437742203474 2090.128176048398 56.093116715550423 516.95219450443983 1558.9823476448655 3346.4993776530027 5578.8469814062119 832.49446484446526 441.25008149445057 48.165118969976902 74.266147814691067 23.461458131670952 263.93197054415941 326.87480711191893 97.111460477113724 29.276831917464733 10.899220295250414 120.45412124693394 12.394128039479257 25.762345992028713 8.9968765527009946 78.318073697388172 20.032104447484016 390.54780420660973 276.99539312720299 278.36282006651163 170.82256419956684 129.04936549067497 21.345407553017143 8.1023779734969121 14.818958908319471 89.689551122486591
leaf_count=1660 6635 9039 2509 4864 392 259 919 96 2333 48 18 6578 6842 5059 272 72 213 3601 1844 8906 7685 881 2356 2921 340 5057 289 249 1933 846 297 5066 97 1341 5024 7533 13048 2010 1231 139 367 54 1133 1029 342 126 24 455 31 112 38 230 66 1783 1182 1150 870 732 99 17 42 433
internal_value=0.0343738 0.0392671 0.0245572 0.0356628 0.0205637 0.0446614 0.0262991 0.0140243 0.0159029 0.0384481 0.012665 0.0323266 0.0419703 0.0399989 0.0343576 0.0292194 0.00899683 0.0488036 0.00924619 0.0278096 0.0305308 0.0289466 0.0216704 0.0350992 0.00157961 0.0238292 0.00394275 0.0163494 -0.00329101 -0.0204293 0.0240396 0.0381669 0.0610577 0.0352451 0.0320042 0.0358548 0.0344074 0.0260605 0.0107743 0.023226 0.0278445 0.022964 0.0154791 0.0325678 0.00329482 -0.0366533 0.00841117 0.021422 0.0263772 0.0460277 0.0948463 0.0432263 0.0151157 0.00756191 0.0219188 0.0208867 -0.00796052 0.00368042 0.0248258 0.0780467 0.0545365 -0.00395597
internal_weight=49895 33296.7 16598.3 19960.9 10963.8 13335.8 5840.39 5123.45 4720.35 14734.1 1056 5634.46 7870.94 6275.01 4921.08 4784.39 278.062 7060.83 2566.11 5226.79 4506.33 2326.85 1066.66 1260.19 1113.14 2154.25 1045.43 385.253 660.181 241.359 336.607 4296.05 145.205 2351.95 1835 3428.84 6863.15 1284.3 451.808 666.526 569.879 521.714 276.014 350.336 171.378 179.329 185.728 131.353 62.0303 47.1534 21.391 150.879 1452.97 688.943 764.025 298.395 403.096 232.273 103.224 29.4478 2388.9 96.6475
internal_count=130817 74183 56634 48650 41020 25533 20429 20591 18481 33109 4042 15614 16772 12851 13105 16387 1132 12682 11091 15541 15255 6527 3237 3290 5066 7390 4726 1544 3182 1249 1295 9930 369 7570 6229 7792 16337 3289 1279 2382 1931 1792 1205 1083 709 972 776 479 277 181 69 519 6025 2999 3026 1216 2110 1240 508 116 3643 451
cat_boundaries=0 1 2 3 4
cat_threshold=2 2 24 13
is_linear=0
shrinkage=0.05


Tree=19
num_leaves=63
num_cat=3
split_feature=0 3 3 0 0 7 2 3 5 2 6 3 2 3 2 3 7 3 8 8 2 5 2 2 0 2 2 0 2 8 3 5 3 0 5 2 0 2 5 0 0 5 5 2 3 3 5 0 2 2 2 2 3 5 0 3 7 2 5 3 2 2
split_gain=1657.57 561.911 369.745 259.748 185.391 175.744 144.939 86.9361 73.9519 68.8073 68.6143 66.867 67.1705 66.6982 66.5327 67.8245 62.651 61.5793 51.639 51.5254 48.3746 48.0234 43.341 42.1339 40.8969 40.6837 39.945 51.235 39.6768 39.4449 44.1028 38.7871 38.2834 37.6577 36.9734 46.9758 51.9481 47.532 36.0917 39.3173 40.274 35.4282 35.2921 44.8854 43.5523 42.4545 35.179 35.1739 35.1253 53.8223 41.7874 68.4263 37.8136 37.4303 34.8831 33.8435 33.2594 57.9255 33.0756 32.9449 32.6935 32.5278
threshold=36.500000000000007 10.405000000000003 15.595000000000001 59.500000000000007 51.500000000000007 1.0000000180025095e-35 180713.50000000003 20.675000000000004 0.59500000000000008 75312.000000000015 1.0000000180025095e-35 23.125000000000004 22372.500000000004 5.8250000000000011 167210.00000000003 2.9350000000000005 1.0000000180025095e-35 15.965000000000002 0 1 194460.50000000003 0.36500000000000005 32659.500000000004 93807.500000000015 40.500000000000007 175961.50000000003 42383.500000000007 23.500000000000004 229982.00000000003 2 9.2850000000000019 0.21500000000000002 2.1950000000000007 26.500000000000004 0.64500000000000013 45236.500000000007 65.500000000000014 215474.00000000003 0.70500000000000007 58.500000000000007 65.500000000000014 0.57500000000000007 0.22500000000000003 40522.500000000007 12.215000000000002 15.215000000000002 0.14500000000000005 30.500000000000004 241500.50000000003 182654.50000000003 167210.00000000003 163220.50000000003 10.215000000000002 0.50500000000000012 48.500000000000007 21.565000000000001 1.0000000180025095e-35 41464.000000000007 0.26500000000000007 16.345000000000002 82107.000000000015 55003.500000000007
decision_type=2 2 2 2 2 2 2 2 2 2 2 2 2 2 2 2 2 2 1 1 2 2 2 2 2 2 2 2 2 1 2 2 2 2 2 2 2 2 2 2 2 2 2 2 2 2 2 2 2 2 2 2 2 2 2 2 2 2 2 2 2 2
left_child=2 4 6 5 10 7 8 20 13 47 48 12 -5 16 29 38 -1 21 24 55 -3 -7 -10 54 -12 -14 41 -28 59 -6 -31 -26 -20 -11 35 -13 37 -37 -16 -40 -41 42 44 45 -15 -44 -17 -4 49 50 51 52 -2 -54 -9 -19 57 -32 -49 -21 -36 -60
right_child=1 3 9 11 14 17 -8 23 22 33 18 34 25 26 15 46 -18 19 32 28 -22 -23 -24 -25 31 -27 27 -29 -30 30 56 -33 -34 -35 60 36 -38 -39 39 40 -42 -43 43 -45 -46 -47 -48 58 -50 -51 -52 -53 53 -55 -56 -57 -58 -59 61 -61 -62 -63
leaf_value=0.027317864865665228 0.018732023738104484 0.029269804443197784 0.044327062136883227 -0.016088137656744571 0.0046256033389708347 0.0065075310152354574 0.042876357398555595 0.041994068438229032 0.021947235296710624 0.05283967125296362 -0.034499021688948799 0.054982731112842458 0.011461801297887299 -0.025909709061862921 -0.044621489891130517 -0.026835176566211968 0.0029191940235173304 0.0077291653585271312 -0.049150012077342278 0.052708691278996439 0.040315570235142782 0.023036856108661283 0.039425737414051913 0.047399140853330114 -0.051729041791630494 0.022747875378674093 0.0416083447616254 0.028158613530135237 0.046532994241083397 -0.014897401094788799 0.095540138199787142 0.012079577241155654 0.016566576016684393 0.046506373202451178 0.012270651679178965 0.0147114466658964 -0.011777136084105794 0.065467289085190727 -0.062623704715855377 0.092849187251039453 -0.060031859312252092 -0.051321095487033709 0.033177252292082626 -0.052587388049277567 0.030599997458761932 -0.051329497504259851 0.016280454867596165 0.0092390468206966208 -0.010144581089849815 0.038179633937633073 -0.00817367278530131 0.077922614463405926 -0.0043349146255563372 0.10265443264446171 0.020767849641809694 0.028109393091525388 -0.010355594478328674 0.0076606116389444315 0.042859491638966823 0.028231125641366806 0.05560519020648224 0.017485921098881151
leaf_weight=592.04046960175037 1065.7745257988572 3633.7309832721949 2270.4105162024498 173.18658839166164 749.22332008183002 635.27750527858734 4269.287205979228 506.36177535355091 406.67221242189407 4822.0392227768898 94.448076143860817 89.030349493026733 2072.7739729955792 77.371054038405418 79.065884977579117 49.259100928902626 474.44789002835751 469.11130210757256 22.385704800486565 144.31956379115582 1369.5274109989405 1432.898067548871 2874.6454874277115 1936.0483992099762 26.874075174331665 1302.5351204276085 1115.6777362823486 1956.0366019457579 373.47843503952026 886.04425210505724 26.57863736897707 202.53932988643646 1403.5094808712602 4643.8328422605991 55.982138410210609 176.18235656619072 124.13750126957893 62.630127385258675 10.351182669401167 17.001656286418442 5.6393702030181876 17.136965081095695 457.41033372282982 16.73024682700634 60.788145661354065 15.229468733072279 1102.2563448995352 132.27716302871704 68.410201966762543 633.23349942266941 116.55873183906078 54.411228626966476 11.721139669418333 26.209386423230171 315.83156585693359 361.34538243710995 81.347586989402771 63.670977272093296 515.17681741714478 3154.4058288633823 201.66246670484543 168.58957366645336
leaf_count=1711 4337 10088 3811 995 4402 2281 8071 1033 1240 6435 430 261 8726 324 485 258 1774 1439 129 348 2904 4619 6592 3423 151 4156 2222 4887 703 5736 106 828 5336 7400 203 565 465 118 65 63 38 73 1232 69 162 61 4661 346 237 1684 434 113 48 51 926 867 477 314 1017 8039 456 392
internal_value=0.0324033 0.0234137 0.0415735 0.0279116 0.0111095 0.0311335 0.0354228 0.0362297 0.0314757 0.0476163 0.0186058 0.0170653 0.0142601 0.0275043 0.00201062 0.0108126 0.0164696 0.0251127 0.0113886 0.0283954 0.0322951 0.0179626 0.0372618 0.0433635 -0.00661562 0.0158191 0.0306691 0.0330465 0.0309755 -0.00414228 -0.0103043 0.0045638 0.0154199 0.0497337 0.0310822 0.0224354 0.014425 0.0280653 -0.0262902 0.0174917 0.0544536 0.01933 0.0212752 0.0275748 -0.0010059 0.0304334 0.0144296 0.0411194 0.0249922 0.0262552 0.0203249 0.0231979 0.0204887 0.0695371 0.03385 0.0164077 0.0127781 0.0336737 0.0321846 0.0293051 0.0462171 0.0366142
internal_weight=50272.8 25387 24885.8 18590.5 6796.51 14332.3 12333.5 7761.5 8064.19 12552.3 3726.08 4258.12 3548.5 4782.87 3070.44 1263.57 1066.49 6570.84 1749.76 4502.66 5003.26 2068.18 3281.32 2758.24 323.861 3375.31 3716.38 3071.71 3672.2 1806.86 1057.64 229.413 1425.9 9465.87 709.625 451.98 362.95 238.812 112.058 32.9922 22.641 644.666 627.529 489.37 138.159 472.64 1151.52 3086.45 1976.32 1907.91 1274.68 1158.12 1103.71 37.9305 822.193 830.457 171.597 90.2496 816.044 3298.73 257.645 683.766
internal_count=130817 82998 47819 52615 30383 36670 28418 18374 20347 19401 13778 15945 13877 12515 16605 5570 3485 18296 6874 11396 12992 6900 7832 5382 1409 12882 9030 7109 9090 11035 6633 979 5465 13835 2068 1409 1148 683 651 166 101 1921 1848 1362 486 1293 4919 5566 6904 6667 4983 4549 4436 99 1959 2306 897 420 1755 8387 659 1409
cat_boundaries=0 1 2 3
cat_threshold=2 2 5
is_linear=0
shrinkage=0.05


Tree=20
num_leaves=63
num_cat=0
split_feature=1 3 2 1 3 3 7 3 6 7 3 2 1 2 1 1 2 3 1 1 2 2 1 1 1 1 7 5 1 2 1 5 2 1 5 1 1 5 1 5 3 1 2 5 3 2 5 3 5 3 1 1 2 5 2 2 2 4 3 3 2 4
split_gain=1239.33 607.03 391.828 215.602 170.923 107.418 101.463 95.813 87.7266 73.0523 69.2673 65.6291 61.1414 52.5626 90.7872 50.5101 55.792 49.5787 49.2054 48.6092 47.6053 47.5561 47.2799 43.7879 42.0883 41.9795 40.6563 40.0859 39.3727 39.3239 38.8629 66.9664 41.7987 38.2553 37.6927 36.8806 58.1465 42.4687 36.8708 36.461 36.4096 44.9686 36.165 39.9628 36.0817 45.4453 34.9057 33.7911 33.3145 37.52 32.4391 34.9384 35.9635 33.0244 52.017 32.7529 34.0067 34.3595 36.2128 32.5416 32.0244 48.5114
threshold=40008.000000000007 11.855000000000002 76263.500000000015 20258.500000000004 18.265000000000004 11.215000000000002 1.0000000180025095e-35 19.975000000000005 1.0000000180025095e-35 1.0000000180025095e-35 2.9350000000000005 195440.00000000003 102995.50000000001 28045.000000000004 54392.500000000007 67250.500000000015 124491.50000000001 3.7850000000000006 46974.000000000007 137952.50000000003 183638.00000000003 194460.50000000003 66692.000000000015 58104.500000000007 70437.500000000015 112026.50000000001 1.0000000180025095e-35 0.55500000000000016 105114.50000000001 13564.500000000002 61847.500000000007 0.27500000000000008 31762.000000000004 141574.50000000003 0.77500000000000013 96007.500000000015 68822.500000000015 0.67500000000000016 64527.500000000007 0.115 20.145000000000003 146913.50000000003 72430.500000000015 0.12500000000000003 13.025 64742.000000000007 0.79500000000000015 7.1550000000000011 0.48500000000000004 17.075000000000003 122028.50000000001 70437.500000000015 245227.00000000003 0.20500000000000004 35589.000000000007 78189.000000000015 64742.000000000007 54.000000000000007 4.3750000000000009 4.2750000000000012 194460.50000000003 54.000000000000007
decision_type=2 2 2 2 2 2 2 2 2 2 2 2 2 2 2 2 2 2 2 2 2 2 2 2 2 2 2 2 2 2 2 2 2 2 2 2 2 2 2 2 2 2 2 2 2 2 2 2 2 2 2 2 2 2 2 2 2 2 2 2 2 2
left_child=2 6 7 21 8 20 10 39 13 19 18 26 42 14 -3 16 -12 60 -2 -6 -5 -4 -15 -18 48 34 -7 40 -14 35 31 -19 -33 50 -20 36 -16 -37 -25 -1 41 -11 43 -10 45 -45 -44 -41 -24 -50 51 52 -32 54 -53 56 57 58 59 -52 61 -8
right_child=1 4 3 5 9 11 17 -9 12 27 15 -13 28 22 29 -17 23 30 25 -21 -22 -23 24 38 -26 -27 -28 -29 -30 -31 33 32 -34 -35 -36 37 -38 -39 -40 47 -42 -43 46 44 -46 -47 -48 -49 49 -51 55 53 -54 -55 -56 -57 -58 -59 -60 -61 -62 -63
leaf_value=-0.040907611783512536 -0.066262086120244326 -0.061137472024635466 0.054882754662716998 0.028188029259934157 0.039012917756533455 0.048894369446090748 -0.011942927401288269 0.041142841465244183 -0.070101822680230366 0.016029741475142696 0.019069175044331952 0.05525022269834369 -0.018486761211486642 0.039554474548050951 0.057039918461319561 0.020096209277348061 0.044427494673205975 -0.0040344811510807021 0.0093442011003235514 0.025602863744733081 0.042689865744570871 0.067998008818450639 -0.023095723956497075 0.0081859082195150611 0.029922240228141234 -0.014770099667009609 0.037514419988659772 0.034759893242687842 0.016189055388985019 0.0063878616554850611 -0.0056719919380134112 -0.012665627584211787 0.031340236577807656 0.026494680174722719 0.056126647148754739 0.073814707249879624 -0.044356898127898163 -0.010023567087914494 0.044901374011858709 0.0063533939843379225 0.029849189774059218 0.074087740473273211 0.031034858947572519 0.047911946305507692 0.012077044703496867 -0.071541006095695164 0.01299250396832953 0.024150367424837119 0.03803812248062239 -0.040022185954538166 -0.0011318743726961952 -0.044662645425825681 0.072613858484781954 0.012761528844337157 0.035832657522489451 0.0070934875890843853 -0.065337343138301543 -0.064226845685163819 -0.0063041074173036411 0.15587767390629237 0.016780122299732993 0.022171918077626321
leaf_weight=24.348275914788246 24.2464983984828 37.408080339431763 1714.2029246389866 1199.9175793081522 6874.2184003069997 1708.4300399273634 489.1190867498517 751.7089582234621 13.113398388028143 864.43694633990526 668.98088007420301 1985.6173235625029 85.093691155314445 1404.7567427158356 28.723057769238949 4436.7227460294962 713.7134275585413 192.19596821069717 241.62118546664715 752.89085830748081 1078.9554526656866 1173.8545243293047 66.892859548330307 189.09058074653149 3678.1424300968647 149.96365709602833 1468.285038843751 3120.108236566186 2026.7155776247382 209.75276823341846 320.66625053435564 57.484269522130489 831.73367363959551 404.69611497223377 52.428029380738735 80.1191536039114 27.62736053019762 18.456676170229912 107.45793759822845 335.36893021315336 2837.164039388299 34.659920781850815 2110.8770053833723 129.47433342039585 575.77424577623606 8.364367410540579 308.45677123963833 1320.1474664434791 78.258565425872803 19.01254415512085 6.2132301181554777 21.41780947893858 15.269627913832663 1945.0710453763604 291.11904543638229 618.10386188328266 30.031145930290222 22.775040104985237 126.26837234944105 6.7870218977332115 241.4645647034049 132.24973487854004
leaf_count=115 138 185 2496 3266 13708 2750 2616 1491 67 2412 2457 2604 312 3171 70 15475 1741 781 1102 1752 2093 1148 235 612 9663 767 2751 6773 6113 747 1312 291 2597 1461 183 188 126 74 285 1442 6383 67 5288 370 1916 41 859 3852 194 72 34 135 30 7604 1018 2379 182 142 612 13 947 627
internal_value=0.0308936 0.0263372 0.0443639 0.0486155 0.0307584 0.0441113 0.0172373 0.0262997 0.0260285 0.0343197 0.0214768 0.0481061 0.0213764 0.0303571 0.0129091 0.022896 0.0302886 0.0123838 0.00292982 0.0376902 0.0350578 0.0602174 0.0316929 0.0377104 0.0288165 0.00673355 0.0436375 0.0305692 0.0147886 0.020533 0.0143337 0.022704 0.0284887 0.0119551 0.0177186 0.0396353 0.00724822 0.0580725 0.0215177 0.0196526 0.0270674 0.0182814 0.0257962 0.0159958 0.0175946 0.0405804 0.0287372 0.0205487 0.00400842 0.0227037 0.0102242 0.0129525 -0.00207816 0.0151913 0.0302879 0.00148355 -0.0165377 -0.00742825 0.00186374 0.0810204 0.00132713 -0.00467161
internal_weight=50488.2 37727.4 12760.8 10329.3 25390.5 7441.21 12336.9 2431.57 10907 14483.5 6584.22 5162.33 5257.87 5649.15 402.087 6115.97 1679.24 5752.67 468.259 7627.11 2278.87 2888.06 5247.06 1010.26 3842.31 444.013 3176.72 6856.37 2111.81 364.679 4889.83 1081.41 889.218 3808.42 294.049 154.926 56.3504 98.5758 296.549 1679.86 3736.26 899.097 3146.06 726.726 713.613 137.839 2419.33 1655.52 164.164 97.2711 3403.72 2593.54 335.936 2257.61 312.537 810.179 192.075 162.044 139.269 13.0003 862.833 621.369
internal_count=130335 106327 24008 17108 60786 13464 45541 6900 29691 31095 22760 8105 14966 14725 1390 20570 5095 22781 2190 15460 5359 3644 13335 2638 10164 2052 5501 15635 6425 1205 18591 3669 2888 14922 1285 458 196 262 897 5409 8862 2479 8541 2394 2327 411 6147 5294 501 266 13461 10099 1342 8757 1153 3362 983 801 659 47 4190 3243
is_linear=0
shrinkage=0.05


Tree=21
num_leaves=63
num_cat=0
split_feature=0 1 1 3 3 1 0 3 1 3 0 0 0 6 7 1 1 1 1 0 3 1 3 5 3 3 3 1 3 3 3 6 0 3 5 3 0 3 0 3 1 5 1 0 1 5 3 1 0 5 4 3 5 1 0 3 3 1 1 1 5 5
split_gain=1593.51 810.384 440.745 316.58 301.396 191.647 183.74 120.078 118.908 118.836 102.017 77.4312 73.1302 68.1801 67.1013 62.3331 57.7885 54.5163 48.0327 47.9578 47.8912 47.572 45.2891 44.2802 43.9936 43.6265 43.4278 42.6884 42.5171 42.4342 42.319 41.1386 41.0964 40.9292 40.1155 38.0183 37.479 37.3763 40.7722 44.3763 41.5601 37.1417 36.0267 57.2353 45.2737 59.3391 54.7828 40.9993 37.3686 39.7617 37.1626 36.7434 36.1347 35.9903 35.8277 35.1819 33.6398 47.6367 38.5251 32.7435 32.4736 32.2436
threshold=36.500000000000007 40008.000000000007 29907.000000000004 19.175000000000004 10.405000000000003 18109.000000000004 51.500000000000007 4.2750000000000012 61847.500000000007 19.615000000000006 55.500000000000007 52.500000000000007 27.500000000000004 1.0000000180025095e-35 1.0000000180025095e-35 92767.500000000015 143671.50000000003 143136.50000000003 120430.00000000001 25.500000000000004 20.585000000000004 41087.000000000007 5.5250000000000012 0.12500000000000003 8.1850000000000005 11.215000000000002 10.305000000000001 79999.000000000015 12.665000000000001 23.795000000000005 4.5550000000000006 1.0000000180025095e-35 53.500000000000007 10.215000000000002 0.27500000000000008 3.4050000000000007 38.500000000000007 16.795000000000005 53.500000000000007 10.585000000000003 117801.50000000001 0.35500000000000004 99762.500000000015 54.500000000000007 58646.500000000007 0.12500000000000003 15.305000000000001 60260.500000000007 56.500000000000007 0.36500000000000005 30.000000000000004 11.855000000000002 0.13500000000000004 132115.50000000003 59.500000000000007 11.215000000000002 23.045000000000005 116688.00000000001 110978.50000000001 86343.000000000015 0.87500000000000011 0.36500000000000005
decision_type=2 2 2 2 2 2 2 2 2 2 2 2 2 2 2 2 2 2 2 2 2 2 2 2 2 2 2 2 2 2 2 2 2 2 2 2 2 2 2 2 2 2 2 2 2 2 2 2 2 2 2 2 2 2 2 2 2 2 2 2 2 2
left_child=2 5 55 7 10 -2 20 17 26 11 15 22 28 14 -8 -3 24 34 37 -5 21 -6 -7 -11 36 -15 33 -22 -10 -21 -14 -30 -18 -9 -4 -13 -17 38 40 -40 -16 -23 44 -44 46 -46 -27 -47 50 54 -45 -51 -49 -43 -50 -1 -56 58 -58 -12 -20 -24
right_child=1 4 3 19 6 9 13 8 12 23 59 35 30 25 18 16 32 -19 60 29 27 41 61 -25 -26 42 -28 -29 31 -31 -32 -33 -34 -35 -36 -37 -38 -39 39 -41 -42 53 43 48 45 47 -48 52 49 51 -52 -53 -54 -55 56 -57 57 -59 -60 -61 -62 -63
leaf_value=0.046466926006127049 0.053421425570439211 0.016476437878684812 -0.00026677935004169721 0.048251235138978922 -0.036445996928710617 0.014714436677125528 0.024345678827044456 0.032954161995496938 0.028501945221808669 -0.021079046780639221 0.0022386410429655079 -0.015103437377194129 0.058677051639677714 -0.022363156962439033 -0.05848880344950616 -0.034921495087554516 0.019747966728308603 -0.032935808779064081 -0.0084972304233732442 0.036975110493341477 0.037231301752834949 0.014850511294497515 0.025446465329499401 0.043455690248308115 0.011857753538945165 -0.027764526306466853 0.043353612891496279 0.02445395136680753 0.043697547806475834 0.049440174112263237 0.022969522621278396 0.030899147940284657 0.092124339411956011 -0.054774884846451571 0.022819163648945606 0.019931140921983739 -0.0033406993745846917 0.021688294010103012 0.094252058688977458 0.0049866645743449319 0.10232929243590963 0.026659139685154255 0.022919477101164348 -0.00081669389368652665 -0.055409280961437705 0.061713892878715329 0.010273280932788967 0.085721312999187491 0.011549964538292287 -0.063273198197707797 -0.053654207161039469 0.0098318042587563596 0.017096262117020714 0.011851842418049392 -0.038295250760195555 0.056544908235538621 -0.017431472921816724 -0.044625681430089846 0.12590209875194863 -0.011640653693352935 0.060940796470482207 0.039977524487067123
leaf_weight=1283.4199079722166 1215.6041125357151 1717.8484482839704 232.18000288307667 3333.0669437944889 35.283378660678864 301.79679052531719 1782.3217858597636 1244.7905898541212 2579.9989417493343 26.849774539470673 792.68145027011633 81.353931337594986 85.066586151719093 118.25472570210695 39.762943640351295 105.34466406702995 188.99164715409279 53.847588732838631 363.75480450689793 2843.6670519709587 1094.4589192569256 1401.0021558105946 546.96841533482075 1670.1178373396397 470.06419952213764 125.03670009970665 2612.3572537750006 1637.3517845869064 1332.7690504789352 904.62140710651875 3617.5769641846418 1198.3488277345896 21.865710400044918 13.309578478336332 983.10510461032391 1521.1431643739343 867.60218877345324 765.46778301894665 14.395897835493086 359.52715434134007 4.3559964150190345 2889.0015286654234 264.72323670983315 65.379650861024857 26.191763713955879 57.402841567993164 388.4077231362462 19.481171950697899 84.44239829480648 17.592252463102341 68.097890168428421 586.99298497289419 1066.9009555354714 480.10351081192493 148.58457440137863 2739.5764518231153 7.6665550917387035 17.432501390576363 11.660730570554732 914.56723140180111 17.542961627244949 1288.7103505581617
leaf_count=2059 1961 6798 871 4483 129 982 5809 2886 6046 80 4407 396 224 612 199 500 761 246 1551 4880 2147 4191 1285 2943 1816 585 4401 3751 2275 1301 9351 2354 74 50 3069 4865 4291 2446 48 1563 9 7753 809 241 126 153 1298 45 308 105 316 2336 3768 1466 822 3183 33 86 20 6049 53 2670
internal_value=0.0291947 0.0204438 0.0381662 0.0352651 0.0151937 0.0354669 0.0189887 0.0308936 0.0323612 0.0314507 0.00476267 0.0264665 0.0291502 0.0127717 0.0177103 0.00980554 0.00287298 0.0162201 0.0101484 0.0438776 0.0242844 0.0212746 0.032699 0.0424305 -0.000697054 0.00739262 0.0396711 0.029576 0.0330297 0.039986 0.0237928 0.0376416 0.0273171 0.0320178 0.0184048 0.0181486 -0.00676845 0.0151215 0.00308281 0.008461 -0.0423022 0.0217033 0.00858541 0.00223171 0.0133851 0.0188169 0.000996774 0.0205256 -0.00319895 0.000558285 -0.0278309 0.00768621 0.0183392 0.024551 -0.0153936 0.0533323 -0.0276956 0.0150006 0.0689915 -0.00519377 -0.00527424 0.0356521
internal_weight=50747.8 25690.1 25057.7 21034.7 19037.5 6652.54 13958.6 13953.4 12684.2 5436.94 5078.97 3739.97 8813.76 6421.38 3347.13 3371.72 1653.87 1269.13 1564.81 7081.36 7537.2 4805.39 2137.48 1696.97 1443.01 3074.25 3870.46 2731.81 5111.12 3748.29 3702.64 2531.12 210.857 1258.1 1215.29 1602.5 972.947 1183.51 418.042 373.923 44.1189 4770.11 2955.99 1272.57 1683.42 1169.98 513.444 1143.78 1007.85 874.372 133.478 604.585 1086.38 3369.11 269.787 4023 185.344 36.7598 19.3273 1707.25 381.298 1835.68
internal_count=130335 82656 47679 42437 67474 15182 42778 31773 27587 13221 24696 10198 20250 23341 11678 14240 7442 4186 5869 10664 19437 13539 4937 3023 6607 11663 7337 5898 10675 6181 9575 4629 835 2936 3940 5261 4791 4265 1819 1611 208 13410 11051 5076 5975 4092 1883 3966 4267 3710 557 2441 3813 9219 1269 5242 961 139 53 10456 1604 3955
is_linear=0
shrinkage=0.05


Tree=22
num_leaves=63
num_cat=6
split_feature=1 3 2 3 2 6 1 2 3 8 1 1 2 5 2 2 3 1 3 8 2 6 5 1 1 3 1 3 3 3 8 3 1 1 1 2 1 8 3 1 1 3 8 1 1 2 2 2 1 2 1 5 2 4 5 2 5 3 8 2 4 2
split_gain=1031.99 548.159 306.278 173.101 107.087 103.772 84.1553 134.971 72.2552 68.0248 65.6739 59.4203 57.0931 57.0674 54.0316 51.8197 51.6205 50.5279 47.1345 50.9305 46.2999 43.419 43.1946 41.7974 40.6329 40.6271 39.7326 46.5881 38.6792 37.9688 36.3855 35.7647 35.6746 50.856 36.7793 37.8264 35.4895 34.8717 36.7352 34.62 34.5279 37.7249 49.0583 40.1313 62.7448 48.7087 39.0243 34.7297 34.3603 34.1336 33.582 33.5512 73.7603 39.0569 38.3961 33.5013 33.26 40.8187 31.9769 35.703 30.9019 36.5822
threshold=30404.500000000004 11.035000000000002 65593.500000000015 20.225000000000005 194460.50000000003 1.0000000180025095e-35 66692.000000000015 176874.50000000003 11.215000000000002 0 49132.500000000007 90081.500000000015 115815.50000000001 0.50500000000000012 58951.500000000007 95713.500000000015 10.945000000000002 20258.500000000004 21.465000000000003 1 175961.50000000003 1.0000000180025095e-35 0.51500000000000012 17105.000000000004 70437.500000000015 3.3150000000000004 61311.500000000007 8.8350000000000026 10.675000000000002 5.5250000000000012 2 2.8450000000000002 97053.500000000015 127834.50000000001 74114.000000000015 191502.50000000003 147447.50000000003 3 18.075000000000003 102455.50000000001 50680.500000000007 3.5950000000000002 4 138981.00000000003 128394.00000000001 43348.500000000007 34623.000000000007 140155.00000000003 70972.500000000015 130319.50000000001 36842.500000000007 0.19500000000000003 41464.000000000007 54.000000000000007 0.58500000000000008 198279.00000000003 0.80500000000000016 10.215000000000002 5 43348.500000000007 42.000000000000007 146797.50000000003
decision_type=2 2 2 2 2 2 2 2 2 1 2 2 2 2 2 2 2 2 2 1 2 2 2 2 2 2 2 2 2 2 1 2 2 2 2 2 2 1 2 2 2 2 1 2 2 2 2 2 2 2 2 2 2 2 2 2 2 2 1 2 2 2
left_child=2 5 18 6 8 11 7 14 -4 16 15 13 -11 20 51 -5 36 -6 19 -1 28 24 48 -10 -8 -19 -14 32 -2 -24 -12 39 34 -34 35 -28 40 -26 -39 -13 47 42 43 44 45 -42 -46 49 -15 -7 -22 52 -3 54 -53 -32 57 -29 -56 -60 61 -49
right_child=1 3 4 10 17 9 21 -9 23 12 30 31 26 22 -16 -17 -18 25 -20 -21 50 -23 29 -25 37 -27 27 56 -30 -31 55 -33 33 -35 -36 -37 -38 38 -40 -41 41 -43 -44 -45 46 -47 -48 60 -50 -51 -52 53 -54 -55 58 -57 -58 -59 59 -61 -62 -63
leaf_value=-0.010022692643674856 0.0084979069570197026 -0.057049921755982315 0.033250688067744651 0.028915611913689618 0.063026403881983037 0.0163750848717098 0.0063261500977690177 0.039631738122858674 0.059285934661847298 -0.0061735470442032632 0.023908316924366207 0.031687966687173774 0.022699608116446349 0.087953682080299092 0.027613598791876189 0.045765729275545106 -0.044144104664107307 0.0033161994629463138 0.039155517920296784 0.020399212895311603 0.055230997486159096 0.019421450142139321 0.018560818959201357 0.044132834051430335 0.031113423328031894 0.050687900677146618 0.010655142919792861 0.027367864130286485 0.04757488402920871 0.034349894887792158 0.030760963668752396 0.016385385445265729 -0.029533227674627183 0.0075649871034632089 0.022262309082055665 -0.053341245968392563 0.044873355182638151 0.019618885470702216 0.031345725087828229 -0.015542889514842801 -0.061753235595580505 0.014660500126383723 -0.026584011595140251 -0.063582213432703608 0.1695159740749356 0.01263615400916971 0.046998158696728271 0.10842902302507362 -0.0065113781761853944 -0.052104631417267969 0.023399342054198552 0.031370926931289123 0.032123126785876879 -0.0065581962125294798 0.019682794621715759 0.038360548130173859 0.059923798288686186 -0.016524994753950705 0.0022664239467006732 -0.063029548013342332 0.015880645372036314 0.039000860186878678
leaf_weight=161.71506354957819 946.30268419533968 48.5908472687006 1432.7755766659975 658.1956343203783 1157.9681412130594 314.37159494310617 265.80933837592602 2213.3658857196569 556.73708787560463 861.39888741821051 1805.5076987892389 50.326774463057518 436.46480295062065 52.880950808525085 2843.4165274947882 1508.3167083114386 36.33315347135067 46.831659317016602 268.79333487153053 826.44453597068787 98.556805014610291 5752.8384697809815 570.26351595669985 2582.5310390889645 2470.616588152945 1592.9553081840277 56.469147220253944 171.00917710363865 67.859040632843971 1159.084541991353 6039.3040500730276 2814.0174534842372 207.68510799854994 165.96075011044741 201.74438939988613 38.824047490954399 101.02650099992752 2485.7604874372482 916.83836685121059 167.78122629970312 24.597928032279015 2398.2927242442966 125.34185200184584 17.221740461885929 8.0852069929242116 201.08137796074152 33.467756152153015 20.661512389779091 11.628965474665163 19.188435137271881 531.61938792467117 429.653375454247 44.120446264743805 146.7844105437398 204.32603508234024 1921.3163989782333 46.437480062246323 76.485979750752449 85.572969511151314 27.55646139383316 148.01847892999649 239.61437524855137
leaf_count=611 3815 232 3160 1387 1148 1169 784 4131 659 4085 4017 209 1280 102 6777 2294 155 115 516 2438 176 16185 2104 4052 6188 2123 218 531 174 3250 12855 10366 982 668 706 180 317 6964 2128 861 169 8854 677 107 22 871 131 35 46 89 1573 1210 116 522 600 3402 102 281 278 124 426 588
internal_value=0.0276415 0.024426 0.0434029 0.0280971 0.0472942 0.015597 0.0249908 0.0297983 0.0425721 0.0108288 0.0327654 0.0199806 0.00393476 0.0244828 0.0241134 0.0406505 0.015006 0.0550075 0.020581 0.01552 0.0177455 0.022547 0.0306544 0.0468236 0.0254748 0.0493383 0.0101811 0.00450984 0.011122 0.0291476 0.0310153 0.0148732 -0.00275842 -0.0130445 0.0101637 -0.0153942 0.0156383 0.0263404 0.0227143 -0.00461228 0.0148037 0.0122648 -0.00174389 0.00978012 0.0149145 0.00448217 0.071307 0.0244044 0.0708637 0.0124063 0.0283936 0.014019 -0.0145705 0.0169911 0.0216248 0.0325553 0.0211065 0.0137818 0.00841271 -0.0125295 0.0341886 0.044571
internal_weight=50914.7 42288 8626.75 29867.9 7369.8 12420.1 17935.3 6043.39 4572.04 5949.78 11932.6 6470.32 2262.48 3438.2 3830.02 2166.51 3687.3 2797.76 1256.95 988.16 1644.34 11891.9 1793.86 3139.27 6139.02 1639.79 1401.08 964.616 1014.16 1729.35 9766.13 3032.13 670.683 373.646 297.038 95.2932 3650.97 5873.22 3402.6 218.108 3549.94 2808.09 409.796 284.454 267.232 225.679 41.553 741.854 64.5099 333.56 630.176 986.605 92.7113 893.893 747.109 7960.62 293.933 247.495 317.455 113.129 408.294 260.276
internal_count=130335 115513 14822 70194 11257 45319 46239 13990 7871 22643 23955 22676 9033 11240 9859 3681 13610 3386 3565 3049 5738 32249 5502 4711 16064 2238 4948 3668 3989 5354 20274 11436 2754 1650 1104 398 13455 15280 9092 1070 13138 10831 1977 1300 1193 1040 153 2307 148 1258 1749 3082 348 2734 2212 16257 914 812 1002 402 1049 623
cat_boundaries=0 1 2 3 4 5 6
cat_threshold=21 2 2 5 17 13
is_linear=0
shrinkage=0.05


Tree=23
num_leaves=63
num_cat=5
split_feature=0 3 3 0 0 0 8 6 3 7 3 8 3 7 3 6 6 3 0 7 8 3 0 5 0 3 3 3 5 0 3 3 5 5 3 5 5 3 6 5 3 5 5 5 8 8 6 3 3 0 3 0 4 5 3 5 3 3 4 6 0 5
split_gain=1475.43 321.8 291.056 193.796 141.891 90.7837 74.8571 63.0843 58.6476 57.8854 56.0586 73.6197 55.257 45.5127 40.2121 43.3054 39.3982 38.2328 34.3892 31.7834 36.5498 35.4703 35.2657 31.3742 45.0776 31.279 35.0969 30.8451 39.4994 29.4745 29.0093 28.7015 28.1699 27.7869 27.7188 26.7893 26.4525 44.7779 28.2991 26.4504 26.2909 25.8446 25.0094 25.9976 24.439 24.1983 46.4184 43.322 33.7163 73.399 32.799 41.0472 30.2016 33.5889 29.4881 31.5968 30.3254 28.6852 28.0285 27.6474 34.1851 30.468
threshold=36.500000000000007 16.795000000000005 13.115 52.500000000000007 51.500000000000007 27.500000000000004 0 1.0000000180025095e-35 7.0650000000000004 1.0000000180025095e-35 6.9750000000000005 1 23.125000000000004 1.0000000180025095e-35 19.705000000000002 1.0000000180025095e-35 1.0000000180025095e-35 3.7850000000000006 22.500000000000004 1.0000000180025095e-35 2 17.535000000000004 60.500000000000007 0.23500000000000001 59.500000000000007 6.785000000000001 6.5950000000000006 19.615000000000006 0.56500000000000006 68.500000000000014 2.1950000000000007 20.415000000000003 0.16500000000000004 0.74500000000000011 18.905000000000005 0.22500000000000003 0.75500000000000012 3.4050000000000007 1.0000000180025095e-35 0.88500000000000012 4.3750000000000009 0.37500000000000006 0.53500000000000014 0.30500000000000005 3 4 1.0000000180025095e-35 11.215000000000002 7.6350000000000007 63.500000000000007 14.595000000000001 64.500000000000014 30.000000000000004 0.19500000000000003 11.675000000000002 0.7350000000000001 8.2750000000000004 7.3350000000000009 54.000000000000007 1.0000000180025095e-35 55.500000000000007 0.42500000000000004
decision_type=2 2 2 2 2 2 1 2 2 2 2 1 2 2 2 2 2 2 2 2 1 2 2 2 2 2 2 2 2 2 2 2 2 2 2 2 2 2 2 2 2 2 2 2 1 1 2 2 2 2 2 2 2 2 2 2 2 2 2 2 2 2
left_child=2 3 6 7 13 14 36 -2 25 18 11 30 -7 -3 15 -4 19 39 -8 27 -21 -22 -23 24 34 26 -5 28 -6 -29 -9 33 40 -24 -18 -36 -1 -38 -39 42 -20 -14 43 -11 -15 48 50 52 49 -10 58 -52 53 -48 55 59 -57 -51 -47 60 61 -50
right_child=1 4 5 8 16 12 9 10 45 17 -12 -13 41 44 -16 -17 23 -19 32 20 21 22 31 -25 -26 -27 -28 29 -30 -31 -32 -33 -34 -35 35 -37 37 38 -40 -41 -42 -43 -44 -45 -46 46 47 -49 54 57 51 -53 -54 -55 -56 56 -58 -59 -60 -61 -62 -63
leaf_value=0.015639543145918575 0.021976863556373117 0.032884770686101308 0.043858150532853871 -0.0022593175758305623 0.0018684692147438585 0.032478814550037614 0.040976527591126799 -0.065028520804974371 -0.013808703220232758 0.0011694181334460782 0.016722126780596844 -0.0084354831585399682 0.033220996738858227 0.01373385988826599 0.04591372013660544 0.03387653428343549 0.044892862632403732 0.027512943008884429 -0.028213238018275067 0.031996154717404413 0.04058213911659217 0.017305322708484203 -0.010438251460656753 0.015881811102518174 -0.01679214240794534 -0.030755692872011794 0.031498128615300637 0.033647410727977493 0.031622843539400279 -0.0062242758500784534 0.021081057141798226 0.0071863856448287373 0.032551151114908146 -0.070404339241806543 0.010502578831414158 -0.07657295952930708 -0.027327674822054018 0.048704472490767134 0.018851225668181107 0.077807271536737083 0.021004044953433117 0.048803615466794154 -0.0035153835606566717 0.034615069715295044 0.026590257333479451 0.023491306608810755 -0.049457221003439022 0.010782515228941799 -0.039492295446236558 0.026421421442362231 0.01298124144409315 -0.022458913363339134 -0.015564546100241739 0.012454050669617087 0.0061219767632510963 0.021419464766317651 -0.066168495613640785 0.14116291194262856 0.0056986007756905941 0.011229750793130079 -0.039436244543675933 0.056511245463763876
leaf_weight=1467.5619486570358 4249.9402080178261 3438.5675539970398 2284.0883523374796 1460.1933214887977 234.10110014677048 5375.7995783537626 1299.1334854364395 9.8947535380721074 29.434052653610706 100.73706404864788 2870.9972478896379 586.66647145152092 385.49153535068035 533.36456529796124 4306.57106128335 2092.4343729615211 61.535641670227051 3207.6399989128113 31.763082563877106 295.30752181261778 98.055828467011452 552.34465916454792 113.20998678356409 2199.5740222483873 192.31816221028566 90.212471589446068 81.177288927137852 997.18182596564293 213.63518416881561 48.35996250808239 415.46239481121302 280.8546898663044 2790.8405509740114 23.290042206645012 139.93728867173195 9.3205594420433027 30.149175614118576 190.1687166839838 137.75006127357483 14.6596352905035 180.52828082442284 886.33540312945843 196.43629558384418 138.23716942965984 2383.2238827049732 1129.6972179487348 23.970048196613789 1090.9067649766803 13.354759283363817 8.3973437175154704 338.32210844755173 107.54520717263222 346.32427609711885 241.7203664034605 500.19430372864008 12.504178315401075 44.973609291017056 16.36186172068119 276.33818107098341 119.89187090098858 86.422477938234806 21.209918960928917
leaf_count=3873 12850 6713 3499 8391 797 9917 2420 61 154 370 8649 2648 638 1363 5672 3626 148 7674 125 821 273 1518 462 6636 783 518 359 2394 601 165 1603 917 6263 119 407 42 115 359 336 27 454 1207 698 406 5262 4424 144 4167 66 42 1168 507 1818 1110 1911 52 261 37 1165 583 481 66
internal_value=0.0261611 0.0178082 0.0348031 0.0127271 0.0239027 0.0391044 0.0280636 0.0177658 0.00594057 0.0301904 0.013155 0.0030298 0.0347012 0.0289827 0.0424744 0.0390879 0.0179875 0.0255968 0.0341641 0.0220452 0.0165131 0.0118134 0.00901708 0.0135317 0.000695118 -0.00215532 -0.000476288 0.0270901 0.0160807 0.031798 0.0186139 -0.00194146 0.0312141 -0.0207505 0.0166738 0.00498395 0.0185199 0.0308206 0.0361887 0.0119266 0.0136068 0.0440874 0.00967961 0.0205437 0.0243797 0.0089386 0.0107406 0.00480796 0.00127955 0.0394246 0.0162507 0.00441859 -0.00583343 0.00683322 -0.00129148 -0.0137348 -0.047023 0.102711 0.0199986 -0.00575466 -0.022622 0.0192672
internal_weight=51102.6 25986.3 25116.3 14172.1 11814.2 15330.7 9785.61 8132.96 6039.15 7959.98 3883.02 1012.02 6647.63 6355.16 8683.09 4376.52 5459.03 3657.71 4302.27 2856.34 1363.06 1067.76 969.699 2602.69 403.112 1631.58 1541.37 1493.28 447.736 1045.54 425.357 417.355 3003.13 136.5 210.793 149.258 1825.63 358.068 327.919 450.07 212.291 1271.83 435.411 238.974 2916.59 4407.57 3554.82 1702.92 852.744 54.1933 1851.9 445.867 612.015 265.69 798.551 298.357 57.4778 24.7592 1406.04 240.879 120.987 34.5647
internal_count=130335 82656 47679 53235 29421 24559 23120 25811 27424 18437 12961 4312 11762 13338 12797 7125 16083 9175 9262 8067 4110 3289 3016 8016 1380 9268 8750 3957 1398 2559 1664 1498 6842 581 597 449 4683 810 695 1501 579 1845 1474 776 6625 18156 14503 7239 3653 233 7264 1675 3072 1254 3420 1509 313 79 5589 1196 613 132
cat_boundaries=0 1 2 3 4 5
cat_threshold=2 17 1 2 8
is_linear=0
shrinkage=0.05


Tree=24
num_leaves=63
num_cat=0
split_feature=0 1 1 0 2 1 2 0 2 1 2 2 1 2 0 1 0 7 5 7 2 0 5 5 1 4 5 5 6 5 2 5 1 5 7 6 7 6 1 1 5 0 5 5 2 2 5 0 1 4 2 1 2 0 5 1 5 1 2 0 0 1
split_gain=1340.33 685.802 393.235 262.824 204.06 120.768 110.787 114.988 110.309 103.987 95.4429 74.6315 72.8279 72.3774 62.8658 62.7201 58.6132 48.1948 42.6936 37.7522 37.5473 37.1811 47.237 36.3891 36.1381 36.4915 55.8106 33.9111 33.3409 47.8315 38.3482 37.8598 32.7218 38.2023 32.3694 32.3461 32.1384 31.727 36.4018 34.7106 40.1766 63.7142 33.7447 38.3315 31.6742 31.1897 30.9539 30.695 29.4353 28.9839 58.1799 29.4445 45.6195 40.2992 32.5864 32.5675 28.5013 42.6518 28.495 28.4053 28.3964 27.9851
threshold=36.500000000000007 26129.500000000004 29907.000000000004 48.500000000000007 65593.500000000015 71528.500000000015 178843.00000000003 27.500000000000004 141170.00000000003 74114.000000000015 139151.50000000003 197298.50000000003 122028.50000000001 141170.00000000003 60.500000000000007 66142.500000000015 59.500000000000007 1.0000000180025095e-35 0.85500000000000009 1.0000000180025095e-35 139151.50000000003 56.500000000000007 0.85500000000000009 0.49500000000000005 74665.500000000015 30.000000000000004 0.22500000000000003 0.76500000000000012 1.0000000180025095e-35 0.29500000000000004 122593.50000000001 0.64500000000000013 143671.50000000003 0.40500000000000008 1.0000000180025095e-35 1.0000000180025095e-35 1.0000000180025095e-35 1.0000000180025095e-35 53303.500000000007 75215.000000000015 0.27500000000000008 28.500000000000004 0.39500000000000007 0.84500000000000008 247106.50000000003 39564.500000000007 0.16500000000000004 53.500000000000007 18109.000000000004 42.000000000000007 21403.500000000004 83723.500000000015 228049.50000000003 40.500000000000007 0.76500000000000012 104007.50000000001 0.8650000000000001 118882.50000000001 123563.00000000001 49.500000000000007 32.500000000000007 72041.500000000015
decision_type=2 2 2 2 2 2 2 2 2 2 2 2 2 2 2 2 2 2 2 2 2 2 2 2 2 2 2 2 2 2 2 2 2 2 2 2 2 2 2 2 2 2 2 2 2 2 2 2 2 2 2 2 2 2 2 2 2 2 2 2 2 2
left_child=2 4 10 5 -2 8 7 23 28 34 45 14 13 16 48 19 18 21 -5 -15 61 22 27 -4 25 -17 47 35 29 30 -3 -30 -19 44 -8 46 49 -9 -39 40 41 -40 -42 -44 -34 -1 -14 -27 -6 51 -51 52 53 54 -7 -53 -38 -58 -20 -29 -11 -18
right_child=1 3 6 12 11 36 9 37 -10 60 -12 -13 17 15 -16 24 20 32 58 -21 -22 -23 -24 -25 -26 26 -28 59 31 -31 -32 -33 33 -35 -36 -37 56 38 39 -41 42 -43 43 -45 -46 -47 -48 -49 -50 50 -52 55 -54 -55 -56 -57 57 -59 -60 -61 -62 -63
leaf_value=0.025553018342391237 0.0056166826508133203 0.0093593559767275961 0.028068974734856561 0.0093800795503225717 0.050072816904916731 0.023035906501756284 0.047309936639016927 0.025996110019401747 0.033729321499876695 0.032174101458848241 0.054245188434467365 0.051952459803786002 -0.033522614509973118 0.026830249419868914 0.017397835080659466 0.013363525430342508 -0.0054108174733069683 -0.010921033521551354 0.024649217737266905 0.014174797233753115 -0.064244685599160856 -8.2791382950967744e-05 0.061791653463458877 0.034825130953789356 0.012129104534501473 -0.042006222917190562 -0.030048103866005572 0.046332153718877334 0.017153321097453291 0.029082587927380846 -0.062459808918928307 -0.0048699790769965818 -0.023873694832566877 0.021261274438805176 0.036819941705877719 0.0031072441110378919 0.01209856291965951 0.029095332408113173 0.059010754843054118 0.018867579058642482 0.039413858815571683 -0.054569647340024445 -0.0055227791195569071 0.040674988053300581 0.11913412050499601 0.042078645896203248 0.032323952014280802 0.052403929238688099 0.035309858359119782 0.062954390433607912 0.021305470494947701 0.027639901544763919 0.048685572366897828 -0.028381632857777062 -0.078328489588104899 0.012089176998393979 0.0069475812894221793 -0.061855215950140152 0.074773298954080261 -0.03796274482868852 0.02125088025068108 0.0064206578222256025
leaf_weight=364.72669753432274 439.94720286130905 186.7633653730154 3768.4750707000494 2702.5263693109155 519.03247083723545 90.628891706466675 1620.3208472132683 3152.1039148271084 2237.6920401901007 3387.3485648483038 2250.8204343318939 1174.6616300940514 18.975390993058681 1254.9994815587997 371.20933328568935 169.31846974790096 980.15554429590702 886.36993411928415 154.47222720831633 1116.3541631698608 22.46263575553894 734.34560214728117 52.50255373865366 4271.3889319747686 2276.0159170553088 11.071195051074026 180.07469779998064 12.215310990810393 661.87526945024729 826.5926369279623 20.534613013267517 276.22101733088493 89.495668314397335 192.51424821466208 1364.9523778855801 244.22389879077673 2648.2349604293704 655.52686651051044 15.559199169278143 1768.0360856205225 77.392360955476761 57.913389682769775 257.24034890532494 54.273949041962624 3.9390279054641715 1355.7949882000685 266.4744281321764 36.99361215531826 987.31989347934723 90.146115802228451 1218.4961250498891 494.67098794877529 39.241024389863014 126.40905509889126 8.5737830996513349 1061.7517153397202 72.039673030376434 32.596011653542519 34.895189315080643 52.24963491410017 726.51377037167549 1019.4067891910672
leaf_count=770 1613 578 7652 10323 768 231 2284 7204 4504 6193 2420 1507 80 3395 986 559 4608 4204 526 3437 132 3412 120 7978 8157 45 765 29 1956 2142 84 893 451 770 2264 890 8383 1373 27 4535 171 232 748 112 7 2052 782 110 1922 200 3305 1293 72 485 38 3111 228 153 70 222 1664 5110
internal_value=0.0247827 0.0168442 0.0330203 0.0136578 0.0374666 0.0196613 0.0303118 0.0277414 0.0261287 0.0354077 0.0474609 0.0420554 0.00881485 0.0107464 0.0358585 0.0149541 0.0064255 0.00127891 0.0109916 0.0208754 -0.000102669 0.00760945 0.0163514 0.0316594 0.00969936 -0.00420137 -0.0172596 0.0123178 0.0175002 0.023697 0.00219427 0.0106634 -0.00617419 0.00852103 0.0425167 0.0164909 0.015032 0.0225233 0.0187278 0.0156773 0.00346608 -0.0304014 0.00988338 0.00252051 -0.0176704 0.03858 0.0279191 0.0305117 0.0404029 0.0185005 0.0241829 0.0144137 -0.000979704 -0.00965796 0.0141549 0.0170363 0.0110861 -0.0144767 0.0339467 -0.0218654 0.0302468 0.000618565
internal_weight=51245.1 26096.7 25148.4 22604.5 3492.17 10092.5 21177 14077.9 4209.68 7099.14 3971.34 3052.22 12512.1 9958.75 1877.56 5044.83 4913.92 2553.31 2891.89 2371.35 2022.02 1380.99 646.641 8039.86 2673.47 397.458 228.14 594.139 1971.99 1033.89 207.298 938.096 1172.32 285.949 2985.27 529.674 5882.79 6038.05 2885.94 2230.42 462.379 73.4726 388.907 311.514 93.4347 1720.52 285.45 48.0648 1506.35 3129.92 1308.64 1821.28 264.853 225.612 99.2027 1556.42 2752.87 104.636 189.367 64.4649 4113.86 1999.56
internal_count=130335 82656 47679 75860 6796 27656 42437 30032 10157 12405 5242 5183 48204 37237 3676 16468 20769 10967 10919 6832 9850 5535 2123 15630 9636 1479 920 2003 5653 2804 662 2849 5432 1228 4548 1752 17499 14402 7198 5825 1290 259 1031 860 458 2822 862 155 2690 8735 3505 5230 826 754 269 4404 8764 381 596 251 7857 9718
is_linear=0
shrinkage=0.05


Tree=25
num_leaves=63
num_cat=0
split_feature=0 3 3 0 2 2 0 2 2 2 2 0 5 2 3 2 0 3 5 3 0 5 3 2 3 3 4 3 3 3 3 5 3 3 5 2 5 5 2 5 4 2 3 4 5 5 0 2 2 5 2 5 3 2 4 3 0 5 7 0 2 3
split_gain=1029.27 319.318 280.993 147.731 141.797 128.739 95.6562 87.5318 87.1695 68.6457 65.1767 63.7681 60.0639 54.8113 45.778 45.1519 44.7043 44.3088 43.412 42.6189 37.2852 37.0033 36.8373 36.6176 35.1816 33.7836 32.5458 39.7662 31.5488 35.3091 59.1567 41.1868 40.5789 36.2067 38.3218 36.1377 48.4077 35.4977 37.9779 35.0663 34.3882 31.1913 29.7038 39.3702 31.2917 29.9842 31.4051 29.6155 33.4479 41.1003 29.2845 34.3041 45.4003 31.7939 37.9629 30.3483 28.8191 28.7814 28.5615 31.9441 31.8674 28.3028
threshold=36.500000000000007 15.775 15.595000000000001 60.500000000000007 181680.50000000003 190488.50000000003 52.500000000000007 189513.00000000003 178843.00000000003 42383.500000000007 28045.000000000004 27.500000000000004 0.30500000000000005 36578.500000000007 8.3650000000000002 83146.000000000015 22.500000000000004 16.155000000000005 0.41500000000000004 15.305000000000001 59.500000000000007 0.34500000000000003 23.285000000000004 73405.500000000015 3.3150000000000004 18.995000000000001 54.000000000000007 20.935000000000006 2.1050000000000004 2.8450000000000002 3.2250000000000005 0.21500000000000002 7.0650000000000004 14.865 0.57500000000000007 167210.00000000003 0.76500000000000012 0.60500000000000009 128393.00000000001 0.7350000000000001 18.000000000000004 126526.50000000001 9.0150000000000023 30.000000000000004 0.28500000000000009 0.36500000000000005 61.500000000000007 120659.00000000001 103407.00000000001 0.52500000000000013 59911.000000000007 0.22500000000000003 21.465000000000003 94710.000000000015 54.000000000000007 21.925000000000004 61.500000000000007 0.20500000000000004 1.0000000180025095e-35 20.500000000000004 18456.500000000004 15.215000000000002
decision_type=2 2 2 2 2 2 2 2 2 2 2 2 2 2 2 2 2 2 2 2 2 2 2 2 2 2 2 2 2 2 2 2 2 2 2 2 2 2 2 2 2 2 2 2 2 2 2 2 2 2 2 2 2 2 2 2 2 2 2 2 2 2
left_child=2 4 5 7 6 9 -2 12 11 19 -8 25 17 14 21 -5 -11 23 -14 58 50 -12 -13 -3 -6 -4 -20 -28 -15 47 31 -31 -32 40 -35 36 -33 -36 39 -39 -34 -25 -16 45 -45 46 -44 48 -30 -50 57 -52 53 54 -53 -54 -46 -19 59 -1 -61 -41
right_child=1 3 8 15 24 -7 10 -9 -10 16 13 22 18 28 42 -17 -18 20 26 -21 -22 -23 -24 41 -26 -27 27 -29 29 30 32 35 33 34 37 -37 -38 38 -40 61 -42 -43 43 44 56 -47 -48 -49 49 -51 51 52 55 -55 -56 -57 -58 -59 -60 60 -62 -63
leaf_value=0.040559820247127412 0.011922696243177613 0.088398863162429175 0.030811805756223404 0.00094020748851542796 0.0024674206168017031 0.033330408155986022 -0.018392471208721627 0.03186545476459892 0.042093188915786645 0.030232519795654611 0.050276354090302539 0.025413628335471068 0.033226718454570196 0.06262702321110912 0.13271898813838376 0.015617710619234901 0.021722555456963839 -0.012521183968886008 0.02428050103751658 -0.051503872997550895 -0.031581029261676059 -0.031125204511738509 0.037675254404073433 -0.04584722905608743 0.019572231047110245 0.03990358693668037 0.0025361666152478881 0.02411350382859706 -0.024386250108483457 -0.060488894617350311 -0.0090590812332781972 0.014753098916682092 0.020055823271832154 -0.030616054372249277 0.080752079010259936 0.12813171862050396 0.11788531101505786 -0.032277216657499087 -0.055286785194736836 -0.026902890963065113 0.0036414851723756492 0.046345505954819809 0.030935099557503877 -0.061904105567065749 0.060043581316713092 0.03768724964559695 0.15462400120160982 -0.053625007148872972 0.09743868327098025 -0.058565877646406507 0.023567641885431347 -0.068912988959151225 0.063618241920243887 0.0010755844047029264 0.024019692287621949 0.014082231215678712 -0.031030511971777155 0.014166284572338182 0.0059204882681466418 0.028570024612462216 0.0057001363864976531 0.070745711674673778
leaf_weight=152.76672719419003 4950.5624089613557 35.087616726756096 1507.0172218233347 706.62023260444403 324.62885466217995 3774.0358726680279 378.34778632223606 3141.8887796252966 4158.7020190060139 2205.748826995492 20.895045764744282 2764.2674176096916 1120.8392561078072 21.196656778454781 9.7534133717417699 2035.4833421111107 5183.835976138711 189.56820070743561 3627.6013970375061 25.481256276369095 47.411905601620674 41.521107353270054 790.76368807256222 12.713504582643507 4188.1477406099439 3232.5464165657759 424.14620520174503 431.13804304599762 55.084065549075603 8.4658127352595312 696.73346003144979 49.174491047859192 404.38686025887728 138.25440382957458 14.945156231522558 13.813265435397623 14.779672130942343 21.764745682477951 24.303638160228729 9.7292193174362165 1517.4706809073687 31.971957236528397 7.864652723073962 11.54180210828781 27.28615827858448 29.608714871108532 15.654109105467795 51.179644137620926 14.04881836473942 5.8966734185814849 773.45413182675838 38.636854469776154 37.855894804000854 182.30411851406097 15.186075583100317 170.12193696200848 12.565572187304495 215.96418814361095 663.55321827530861 257.91015432775021 373.72486856579781 29.752120554447174
leaf_count=312 17469 66 2622 2945 1361 6939 2479 6011 5657 4489 131 5334 2502 95 36 6212 12626 646 8649 96 203 311 1235 51 12450 4561 1234 958 406 60 4165 272 1694 635 36 40 58 104 116 47 6902 67 32 73 96 120 38 357 51 43 1816 165 60 513 43 390 75 628 2156 674 1114 84
internal_value=0.0236 0.0166974 0.030848 0.0221754 0.0111651 0.0255935 0.00739632 0.0248756 0.0361794 0.0222981 0.00124888 0.0332134 0.0218883 0.00352509 0.0306039 0.0118374 0.0242638 0.013795 0.024415 0.0124354 0.0120507 -0.00375761 0.0281434 0.050198 0.018343 0.0370145 0.02221 0.0134204 0.00197461 0.00155216 0.00266439 0.0434438 0.00143046 0.00481562 -0.0135374 0.0548853 0.0388116 0.00991572 -0.00248053 0.0184485 0.00709877 0.0199602 0.0494026 0.0414607 0.0101113 0.071617 0.11378 -0.0243305 -0.00423656 0.0510061 0.0133302 0.0172064 0.00611357 -0.0088733 -0.0426035 0.023149 0.0311962 0.00167875 0.0135676 0.0200286 0.0150494 0.0465491
internal_weight=51437.7 26347.4 25090.4 13238 13109.4 12637.1 8596.58 10495.9 12453.3 8863.02 3646.02 8294.59 7354 3267.67 176.691 2742.1 7389.58 1750.28 5603.72 1473.44 1670.5 62.4162 3555.03 79.7731 4512.78 4739.56 4482.89 855.284 3090.98 3069.78 2943.57 86.2332 2857.34 2160.61 238.749 77.7674 63.9542 100.495 85.5497 61.2461 1921.86 44.6855 114.274 104.521 51.3935 53.1275 23.5188 126.209 75.0296 19.9455 1623.09 1217.56 444.105 236.127 53.8229 207.978 39.8517 405.532 1447.95 784.402 631.635 39.4813
internal_count=130810 82995 47815 33159 49836 28406 36025 24002 19409 21467 18556 13752 17991 16077 912 9157 17115 4648 13343 4352 4464 442 6569 184 13811 7183 10841 2192 15165 15070 14213 430 13783 9618 1022 370 330 387 351 235 8596 118 470 434 244 190 70 857 500 94 4261 2987 1171 721 208 450 171 1274 4256 2100 1788 131
is_linear=0
shrinkage=0.05


Tree=26
num_leaves=63
num_cat=4
split_feature=0 1 1 3 2 2 3 0 3 0 8 1 0 1 7 0 2 2 2 3 3 1 2 8 1 0 2 3 0 1 1 0 3 2 1 1 3 2 8 3 3 7 1 3 2 3 8 3 2 2 1 1 1 1 1 1 2 1 2 2 6 0
split_gain=941.72 471.865 442.097 293.616 192.424 187.917 151.741 90.924 75.378 71.795 70.618 66.2713 65.7321 65.1865 57.8717 55.0116 52.3286 49.3402 49.2561 46.7092 46.3922 44.5307 43.5471 43.4067 42.6489 41.3301 88.7213 37.1597 46.4987 35.423 53.2071 34.5678 34.0821 33.869 33.61 38.5714 33.5909 33.3395 42.6952 38.9181 33.2403 32.778 32.276 32.1066 31.7673 34.8144 36.1274 31.2903 39.2212 33.8291 36.6841 45.7682 31.2705 30.8322 55.4012 31.5331 30.6896 38.5935 30.7314 30.6189 29.66 46.5453
threshold=42.500000000000007 35272.000000000007 37927.500000000007 15.595000000000001 86969.500000000015 157378.50000000003 11.855000000000002 25.500000000000004 17.075000000000003 32.500000000000007 0 21405.500000000004 38.500000000000007 48079.500000000007 1.0000000180025095e-35 59.500000000000007 30846.000000000004 39564.500000000007 80194.000000000015 22.095000000000002 6.205000000000001 18109.000000000004 249014.50000000003 1 21932.000000000004 54.500000000000007 222155.50000000003 12.935 25.500000000000004 38991.500000000007 58104.500000000007 65.500000000000014 23.875000000000004 158370.00000000003 93272.500000000015 146358.50000000003 8.2750000000000004 131315.50000000003 2 15.495000000000003 4.2750000000000012 1.0000000180025095e-35 145838.50000000003 2.1050000000000004 55966.500000000007 2.1050000000000004 3 15.775 8834.5000000000018 32659.500000000004 74114.000000000015 138981.00000000003 35810.500000000007 79999.000000000015 72041.500000000015 55455.500000000007 113951.50000000001 136936.50000000003 87986.500000000015 14553.000000000002 1.0000000180025095e-35 50.500000000000007
decision_type=2 2 2 2 2 2 2 2 2 2 1 2 2 2 2 2 2 2 2 2 2 2 2 1 2 2 2 2 2 2 2 2 2 2 2 2 2 2 1 2 2 2 2 2 2 2 1 2 2 2 2 2 2 2 2 2 2 2 2 2 2 2
left_child=1 5 4 7 19 12 16 18 11 23 29 -6 17 -11 -9 22 42 27 -3 -2 -14 -22 47 33 -7 -13 -27 28 -1 -8 -31 34 -15 -5 60 36 -36 38 -16 -39 43 -19 -4 -20 53 -46 56 48 -12 50 -50 -52 -28 54 55 -33 57 -47 -59 -44 61 -18
right_child=2 3 6 9 8 24 10 14 -10 13 15 25 20 32 37 -17 31 41 40 -21 21 -23 -24 -25 -26 26 52 -29 -30 30 -32 44 -34 -35 35 -37 -38 39 -40 -41 -42 -43 59 -45 45 46 -48 -49 49 -51 51 -53 -54 -55 -56 -57 -58 58 -60 -61 -62 -63
leaf_value=0.027373904630611214 0.0028268235127742866 0.015980751365044701 -0.017522968537958494 0.018292477544194857 0.037235179714075077 0.055932947516242421 0.058469670170188684 0.019991876063855982 0.040209228503283151 0.039525283308639914 -0.06616509263718047 0.027513183075679837 -0.037635004311733694 0.020330135904045733 -0.01157368758462074 0.0089944176445595336 0.026998702246519631 0.042646502653924556 -0.073897549637789758 0.029738018745496808 0.051773884984797784 0.0079912307544887113 -0.061234561955216427 0.034764642521077561 0.043922677842383101 -0.0010244628472407201 0.049197586200139413 0.030104137134957243 -0.023095503638981427 -0.015603278360472969 0.0073244641018628768 0.070572982379433644 0.033734122810585181 0.033491236290138879 -0.0070917900316983893 0.02568418490634683 0.0069084129655176754 0.016096064906267023 0.0096656174109512882 -0.087502683242473234 0.02959965272225186 0.030913380257531133 0.12105027352031256 0.016646707399485174 0.096914644126874672 -0.046559679099500546 -0.03045876181511923 0.020152900112718752 -0.0093304722779364857 0.010340795307304385 0.061075149446638367 -0.065858030679630003 -0.025233284596717039 -0.0046697285713676604 0.20287975144158313 -0.057955202413664489 0.0062032025127591733 0.13008447671313533 -0.056279742333876864 -0.013866488845249495 0.0038083305924880798 0.0065747690083443437
leaf_weight=90.446701720356941 839.42775884270668 1183.7864151597023 387.37723037600517 879.62987264990807 825.2503005117178 1268.8746366202831 29.849925667047501 4143.7932928800583 1681.833983823657 652.85091581940651 15.822063922882078 707.15226577222347 41.946112453937531 3129.2785135954618 279.61804728209972 2504.3985894471407 502.49155949056149 1286.6651638448238 9.9193985462188703 199.65440140664577 75.580167829990387 251.64224871993065 17.247724592685699 6602.9681212753057 1799.5461134910583 471.50588957965374 145.13830208778381 327.68457895517349 91.886067643761635 301.16684679687023 1577.955668322742 14.435553148388868 560.96195055544376 632.16726119816303 1001.5948330238461 145.46292772889137 748.38522861897945 1997.0575344413519 1324.3855897039175 8.9942459762096387 3062.3747818619013 1120.4133815020323 8.2672103643417376 401.67350581288338 7.145805984735488 59.578626960515976 179.69958653301001 4482.6961413174868 32.582440450787544 1377.7585277408361 93.823338493704796 7.5642806887626639 15.47604365646839 35.316338770091534 5.7262491732835761 6.977306365966796 235.60076875984669 5.9455758109688741 3.3716840222477913 8.2994058355689031 995.09048581123352 629.0170107036829
leaf_count=214 3366 3062 2541 1676 1474 1247 60 10860 2641 1019 85 1574 180 6752 1085 9499 1624 1869 45 459 111 625 66 10264 2326 1652 283 592 323 1065 5220 70 958 960 5506 612 3198 5239 4413 37 5889 1917 31 1113 30 442 1131 11424 137 4414 268 40 58 254 20 53 1200 27 26 54 4523 2907
internal_value=0.0223785 0.0278296 0.0139962 0.0247218 0.027104 0.0399907 0.00984302 0.0192774 0.032262 0.0301454 0.0132685 0.0260831 0.0316761 0.0249507 0.0159584 0.0152098 0.00265989 0.0341927 0.0248012 0.00800485 0.0117735 0.0181319 0.0178165 0.0329246 0.0488925 0.0192052 0.00990034 0.0200382 0.00191387 0.00448593 0.00364654 0.00418369 0.0223699 0.024491 0.00579699 0.000952603 -0.00110164 0.0113267 0.00594757 0.0156247 0.0278049 0.0371887 -0.014586 0.014435 -0.00752307 -0.0118006 -0.013435 0.0180452 0.0118557 0.0126799 0.0366725 0.0515001 0.0419834 0.0260136 0.0659962 0.0283854 -0.00229013 -0.0317058 0.0622315 0.0534831 0.0101122 0.0156508
internal_weight=51530.2 31224.1 20306.1 24869.5 4885.44 6354.69 15420.6 12411.6 3846.36 12457.9 10440.9 2164.52 3286.26 4343.09 7753.85 8531.89 4979.78 2917.1 4657.75 1039.08 369.169 327.222 6027.49 8114.77 3068.42 1339.27 632.12 510.017 182.333 1908.97 1879.12 4575.84 3690.24 1511.8 4022.04 1895.44 1749.98 3610.06 1604 2006.05 3473.97 2407.08 403.944 411.593 553.797 491.342 484.196 6010.25 1527.55 1511.73 133.97 101.388 160.614 62.4554 27.1391 21.4129 304.497 68.8959 9.31726 16.5666 2126.6 1131.51
internal_count=130810 62776 68034 53372 11507 9404 56527 31743 7682 21629 32278 5041 5831 8729 21634 25933 24249 4915 10109 3825 916 736 16434 12900 3573 3567 1993 1129 537 6345 6285 21623 7710 2636 18370 9316 8704 10774 5498 5276 7047 3786 2626 1158 3253 2856 2826 16368 4944 4859 445 308 341 397 143 123 1695 495 53 85 9054 4531
cat_boundaries=0 1 2 3 4
cat_threshold=2 2 2 13
is_linear=0
shrinkage=0.05


Tree=27
num_leaves=63
num_cat=4
split_feature=1 3 1 3 8 7 3 7 1 3 6 1 7 8 4 1 5 3 1 5 8 3 4 1 1 1 5 8 3 5 3 3 1 3 1 1 3 5 5 5 3 4 1 1 5 1 1 3 3 3 3 5 3 6 3 1 1 3 3 1 5 5
split_gain=783.589 363.451 146.202 127.749 106.691 96.6861 72.8836 52.1695 49.242 47.7371 45.7122 49.8415 45.4732 40.7513 39.2851 38.5506 35.7566 35.3737 44.8794 35.1152 43.1948 34.8033 34.379 33.494 31.501 31.2256 30.8703 30.2836 34.0333 30.4726 30.5935 30.0912 29.6959 28.7222 29.4135 28.5248 25.8585 25.6363 49.9966 27.3372 33.5013 49.5439 26.0508 25.4861 38.5194 39.5279 27.4684 25.0755 30.199 30.8433 49.0313 25.5633 25.0715 24.9163 40.0582 24.0703 24.0348 23.9108 25.7722 32.5201 36.2472 23.7801
threshold=39499.500000000007 15.775 21405.500000000004 11.215000000000002 0 1.0000000180025095e-35 2.9350000000000005 1.0000000180025095e-35 54948.500000000007 5.7150000000000007 1.0000000180025095e-35 67784.500000000015 1.0000000180025095e-35 1 30.000000000000004 68316.500000000015 0.89500000000000013 22.875000000000004 103514.00000000001 0.77500000000000013 2 19.885000000000002 18.000000000000004 46974.000000000007 102995.50000000001 108298.50000000001 0.33500000000000008 3 5.5250000000000012 0.77500000000000013 6.5950000000000006 12.035000000000002 132675.50000000003 5.1450000000000005 126272.50000000001 146913.50000000003 3.1250000000000004 0.59500000000000008 0.58500000000000008 0.25500000000000006 5.4350000000000014 42.000000000000007 119390.50000000001 73067.500000000015 0.36500000000000005 40524.500000000007 72545.000000000015 3.2250000000000005 6.4050000000000011 4.3750000000000009 4.8450000000000006 0.54500000000000015 15.305000000000001 1.0000000180025095e-35 21.655000000000005 47524.500000000007 16045.000000000002 5.3450000000000006 7.8250000000000011 32006.500000000004 0.13500000000000004 0.13500000000000004
decision_type=2 2 2 2 1 2 2 2 2 2 2 2 2 1 2 2 2 2 2 2 1 2 2 2 2 2 2 1 2 2 2 2 2 2 2 2 2 2 2 2 2 2 2 2 2 2 2 2 2 2 2 2 2 2 2 2 2 2 2 2 2 2
left_child=2 5 31 13 53 6 23 17 -9 14 11 27 21 26 19 -13 36 18 -6 20 32 -5 -19 -2 -25 -21 57 28 -8 30 -30 -1 -7 34 -16 -27 -12 38 39 -35 -41 -42 -43 44 45 -11 -47 -29 49 -49 -51 -50 -45 54 -3 -24 -33 -4 -59 -60 -61 -32
right_child=1 4 3 12 7 9 10 8 -10 43 16 15 -14 -15 33 -17 -18 22 -20 25 -22 -23 55 24 -26 35 -28 47 29 -31 61 56 -34 37 -36 -37 -38 -39 -40 40 41 42 -44 52 -46 46 -48 48 51 50 -52 -53 -54 -55 -56 -57 -58 58 59 60 -62 -63
leaf_value=0.034287138998570298 -0.054647491853796637 0.012492446445486742 -0.0059702476161547086 0.032195572513294468 0.028664928834223044 0.022329284219396658 -0.032942264518733382 0.030669897071344432 0.019611827938774043 -0.076828813689621106 0.044841152201104635 -0.054762009304040987 0.0278637730427744 0.010813900547459437 0.0064637542429027417 0.017670868310861506 -0.041311425293237281 0.018915522531888926 0.019860227424371435 0.031428140433010149 -0.018645991699822947 0.04290694378589438 0.053514459125763719 0.011410095857866745 -0.015291562235244258 -0.042290154073308252 0.02824125810644907 0.076950036384012988 -0.070899852160133628 0.05400714491181096 0.076843040589008982 0.053064070960276627 -0.045380940195099591 -0.044599348693652646 0.026601313052223897 0.060334901010221036 0.013519978644276055 -0.039656117102827439 0.15412212306916614 -0.026444964131434719 -0.039966039691877182 0.095979317117754329 -0.012940167452027713 0.0098170889134535678 0.019418027858861382 0.0054405441073549273 0.072264907603790687 0.035639816763807182 0.026501564516172627 -0.060729381509449044 0.014058870381685351 0.042920210884312346 -0.0072180500372421678 0.010307462315698342 0.027199308396411815 0.03362192298692198 0.040878769160253431 0.036933063455303367 0.021852905988047431 0.04908979740262856 -0.051306867509222857 0.0089588302135875358
leaf_weight=1447.6064946949482 28.98151733726263 1108.5717926993966 123.7346493974328 1846.0432387143373 3672.3922652378678 121.24544690549374 36.623695768415928 1201.7356449514627 6283.062627017498 14.2448513507843 66.906650803983212 18.333272114396095 2820.412844017148 986.54634199291468 799.77390495687723 3716.7561378031969 29.299771629273891 380.79257871210575 2399.6382673084736 97.796515434980392 478.89066960662603 1299.541725769639 168.94674089550972 274.90210973471403 184.47533939778805 32.074283741414547 1220.5689617842436 29.970126271247864 11.023595854640005 48.569764845073223 14.013494193553923 513.46356648206711 18.553211808204651 31.286603651940823 234.89614068716764 8.4508205056190473 4673.4826894775033 53.667663127183914 5.0657125860452643 34.944993823766708 13.926251523196695 25.228503279387951 6.881441317498683 4640.2998093217611 1680.4288621991873 643.76087714731693 15.672121688723562 99.766283743083477 488.944784514606 27.301551200449467 109.31747245788574 466.56446451693773 226.12001908570528 1694.1636092066765 797.96284976601601 1643.8061560988426 2005.4283096045256 128.54757403582335 110.27176243811846 11.715986117720602 37.154499143362045 155.12394405156374
leaf_count=2734 156 2770 425 3373 7535 483 154 2436 14682 68 234 84 5305 2806 3459 11077 119 787 5543 357 2360 1849 223 1139 922 178 2981 65 58 94 22 599 104 163 965 22 14713 282 9 160 73 68 31 15642 4802 2121 39 290 1233 129 364 978 748 4257 1562 2926 2878 300 269 27 151 427
internal_value=0.021245 0.0177487 0.0321125 0.0284415 0.0226138 0.0129606 0.0162432 0.0244008 0.0213883 0.00921364 0.017165 0.0203992 0.0324838 0.0192289 0.00229579 0.0173125 0.0136226 0.0271573 0.0251866 -0.00662743 -0.011724 0.0366236 0.032609 -0.00260795 0.000675452 0.0161244 0.0240978 0.0281462 0.0112732 0.0188786 0.00935581 0.0400552 0.0123954 0.00790269 0.0110424 -0.0206705 0.013964 -0.011061 0.00199826 -0.00495238 0.0103394 0.0383668 0.072514 0.0110933 0.0153675 0.00525489 0.00704699 0.0314555 0.0305649 0.0145185 -0.000883514 0.0345275 0.00902439 0.0146866 0.0186516 0.0354815 0.0433667 0.012375 0.0202819 0.00678574 -0.027085 0.0146548
internal_weight=51565.7 39014.6 12551 8584.54 19351.1 19663.6 10480.4 15750.4 7484.8 9183.21 9992 5222.31 5966 2618.54 1962.68 3735.09 4769.69 8265.58 6072.03 757.011 618.689 3145.58 2193.55 488.359 459.377 138.322 1631.99 1487.22 265.354 228.731 180.161 3966.5 139.799 1205.67 1034.67 40.5251 4740.39 171.001 117.334 112.268 80.9812 46.0362 32.1099 7220.53 2354.11 673.678 659.433 1221.86 1191.89 236.385 136.619 955.509 4866.42 3600.7 1906.53 1812.75 2518.89 411.424 287.69 159.142 48.8705 169.137
internal_count=130810 107113 23697 17486 42721 64392 32258 34132 17118 32134 30041 14975 10527 6959 8714 11161 15066 17014 13078 3504 2947 5222 3936 2217 2061 557 4153 3814 755 601 507 6211 587 5210 4424 200 14947 786 504 495 332 172 99 23420 7030 2228 2160 3059 2994 783 493 2211 16390 8589 4332 3149 3477 1172 747 447 178 449
cat_boundaries=0 1 2 3 4
cat_threshold=2 13 16 2
is_linear=0
shrinkage=0.05


Tree=28
num_leaves=63
num_cat=5
split_feature=0 1 1 2 2 0 0 2 2 1 1 7 0 8 6 1 0 7 0 2 1 2 5 2 1 2 2 2 8 5 2 0 5 2 5 1 1 1 6 5 0 5 1 2 8 5 5 2 5 1 6 8 1 2 1 2 5 2 8 2 2 6
split_gain=880.126 439.317 351.939 275.488 120.178 118.751 98.8845 90.3052 68.8044 67.6356 56.1135 55.2641 48.6932 45.1281 44.774 44.0876 44.2702 43.8953 38.4277 37.7484 37.1395 34.4896 33.6611 33.0252 32.5501 31.3148 30.7733 43.7417 30.6842 34.4777 30.5275 29.4336 35.1333 33.3614 30.3218 37.5537 29.1935 40.5757 30.0347 44.0297 33.5459 29.8674 29.1894 50.4157 28.2389 29.9489 67.7945 27.7159 30.0369 27.6216 26.1601 37.0326 26.1399 36.5932 41.1351 35.525 31.9955 32.2552 31.2983 32.2593 26.1146 26.703
threshold=36.500000000000007 43258.500000000007 35272.000000000007 85049.500000000015 133286.50000000003 48.500000000000007 22.500000000000004 188535.50000000003 174029.50000000003 20825.500000000004 55991.500000000007 1.0000000180025095e-35 58.500000000000007 0 1.0000000180025095e-35 36308.500000000007 39.500000000000007 1.0000000180025095e-35 52.500000000000007 21403.500000000004 20825.500000000004 76263.500000000015 0.87500000000000011 39564.500000000007 25589.000000000004 78189.000000000015 200145.50000000003 160316.50000000003 1 0.57500000000000007 65593.500000000015 65.500000000000014 0.33500000000000008 245227.00000000003 0.37500000000000006 59717.000000000007 49630.500000000007 49132.500000000007 1.0000000180025095e-35 0.22500000000000003 66.500000000000014 0.77500000000000013 26655.500000000004 206882.00000000003 2 0.46500000000000002 0.41500000000000004 83146.000000000015 0.66500000000000015 54392.500000000007 1.0000000180025095e-35 3 71528.500000000015 146797.50000000003 55455.500000000007 60851.500000000007 0.8650000000000001 168181.50000000003 4 9752.5000000000018 22372.500000000004 1.0000000180025095e-35
decision_type=2 2 2 2 2 2 2 2 2 2 2 2 2 1 2 2 2 2 2 2 2 2 2 2 2 2 2 2 1 2 2 2 2 2 2 2 2 2 2 2 2 2 2 2 1 2 2 2 2 2 2 1 2 2 2 2 2 2 1 2 2 2
left_child=2 3 4 14 23 11 25 12 17 -9 -10 28 24 -7 15 -2 -17 -8 -11 -15 -6 30 -13 -1 -5 -4 27 -24 29 -3 -18 32 -21 36 35 -34 37 -33 39 -38 41 -40 -20 -44 -26 46 -46 48 -19 -41 -37 -52 53 -30 56 58 57 -55 59 -54 61 -61
right_child=1 5 6 7 20 13 8 9 10 18 -12 22 -14 19 -16 16 21 47 42 31 -22 -23 26 -25 44 -27 -28 -29 52 -31 -32 33 34 -35 -36 50 38 -39 40 49 -42 -43 43 -45 45 -47 -48 -49 -50 -51 51 -53 55 54 -56 -57 -58 -59 -60 60 -62 -63
leaf_value=0.017981245061728431 0.0067857377995634962 0.00041195163337715414 0.023256620080312308 0.033706409895204542 0.053212263035353147 -0.00051982189834661114 0.022307833466949603 0.048743583512118965 0.036217640956638528 0.03723400498436439 0.023483355501228303 0.010649828216164031 0.0132610456604286 -0.0061669170896067891 -0.0030426917712123654 0.079715428152202922 0.020297940718007362 0.0061896801037211822 0.035396715662420045 0.0042723046550286079 0.04123709834391788 0.069891934953033433 -0.02996917206686224 0.033033312091105251 0.02765964707057594 0.031491066915872799 -0.080094000409782345 0.047725986595077687 0.017197824110900855 0.020635592606785522 -0.049953677133526907 0.016615822875574851 0.054210758576708477 -0.054231475210193052 0.011015850540964043 0.030822309191299208 0.038269033481283653 0.11259807144427617 -0.040742288366985464 -0.05228920895375723 -0.0009877705624496279 0.024726770436699061 -0.012795865021034995 0.024226694763354092 0.0073184960032181062 0.022333366087794713 -0.08572699492326917 0.018801741934669988 0.019925553186437215 0.004786747863198282 0.034329717830017974 -0.015558206693353267 -0.037897166074237654 0.045386659648477615 0.046171816173242099 0.014132141987531537 0.071496792649909421 -0.0010762068929326947 0.019209097543993796 0.034443623012364387 0.041113515174920214 0.11267527371155175
leaf_weight=468.28647133708 620.37522947788239 485.46605388075113 1578.4025603681803 1079.2159031033516 999.33008949458599 1982.2963834553957 4797.8959333896637 755.17827013134956 1117.7140021771193 1040.0845627635717 3866.5994897335768 3842.306326970458 843.36653787642717 454.2686166241765 759.96532502770424 40.846250042319298 135.62382714450359 1229.0140863955021 282.85693150758743 1967.6930325701833 1875.9976979643106 31.307268939912319 59.029128804802895 1676.6782750636339 846.47247923910618 4377.4510487765074 16.801233604550362 25.996897116303444 540.86384498327971 373.02411314845085 17.324494659900665 83.259533427655697 88.204524651169777 25.965696953237057 4567.9209049791098 164.70797396451235 101.98153734207153 12.64154978841543 107.54239251464605 22.005163781344891 426.97637774795294 20.614504426717758 121.04288055002689 379.92405050992966 188.63273402303457 296.57123456895351 21.739318251609802 2454.8455366641283 589.85734760761261 511.79426378756762 46.450592204928398 98.726071700453758 9.7313510030508024 50.73899744451046 345.12331108748913 2001.6784838438034 24.909087806940079 140.05845221877098 409.48914895951748 17.061494126915932 104.54419587552547 31.868332877755165
leaf_count=1019 2096 1500 3220 1852 995 8222 10297 899 1739 1640 7613 11609 2429 2317 2825 58 487 3366 489 7577 2426 72 239 2713 1847 7458 74 54 1453 970 82 308 227 130 16400 528 407 33 594 108 2027 83 390 907 486 668 96 5525 1444 2247 148 426 38 93 609 5328 32 357 1187 46 261 40
internal_value=0.0201472 0.013818 0.0268782 0.0241121 0.0387168 0.00980971 0.0239078 0.0291434 0.0216182 0.0361461 0.0263406 0.0142285 0.0236279 0.00630216 0.00575905 0.0136759 0.0326314 0.0190227 0.0309251 0.00784855 0.0454026 0.022129 0.00989691 0.0297505 0.0272192 0.0293101 -0.0184469 -0.00612681 0.0179946 0.00910057 0.0122804 0.0086308 0.00993073 0.00176097 0.0121716 0.0254152 0.00289881 0.0294243 0.000756297 0.00817922 -0.00773593 -0.0301613 0.0225434 0.0152706 0.0220405 0.0118649 -0.002309 0.015333 0.0106478 0.00241515 0.0171879 0.00167424 0.0199909 0.0265001 0.0354576 0.0172801 0.0182786 0.0112708 0.0282698 0.046899 0.0553833 0.0856243
internal_weight=51654.3 26622.3 25032.1 7460.53 5020.29 19161.7 20011.8 5855.08 14055.9 2579.09 4984.31 8478.69 3276 10683 1605.44 845.477 225.102 9071.61 1823.91 8700.75 2875.33 184.256 3944.13 2144.96 2432.63 5955.85 101.827 85.026 4534.56 858.49 152.948 8246.48 6933.7 1312.78 4966.01 398.089 1286.82 95.9011 1190.91 635.781 555.133 128.157 783.824 500.967 1353.42 506.943 210.372 4273.72 1818.87 533.799 309.885 145.177 3676.07 1101.69 560.83 2574.37 215.707 190.797 572.695 163.205 153.474 48.9298
internal_count=130810 82995 47815 17323 7153 65672 40662 11703 29984 4325 9352 23890 7378 41782 5620 2795 699 20632 3426 33560 3421 641 11976 3732 4949 10678 367 293 11914 2470 569 31243 25306 5937 17729 1329 5807 341 5466 2762 2704 677 1786 1297 3097 1250 582 10335 4810 2355 1102 574 9444 2544 1091 6900 482 450 1572 385 347 86
cat_boundaries=0 1 2 3 4 5
cat_threshold=2 2 13 1 1
is_linear=0
shrinkage=0.05


Tree=29
num_leaves=63
num_cat=5
split_feature=1 3 3 7 8 1 1 3 7 7 1 8 1 3 4 3 3 3 1 1 1 3 5 5 7 1 4 8 5 5 1 5 5 5 5 5 3 1 3 1 3 1 3 3 4 1 1 8 3 3 5 5 5 3 4 5 1 8 1 5 6 3
split_gain=659.642 335.566 135.83 85.5638 84.9852 81.8214 66.1106 65.0593 46.591 46.0509 45.3227 44.9475 41.8766 40.6066 35.3176 35.2643 34.8315 34.1593 38.5624 33.9555 46.6296 43.0913 33.556 31.7293 31.1671 31.0631 30.9975 30.4288 35.7413 33.9026 29.9618 34.4634 28.6847 27.2151 26.6225 26.3389 25.7958 41.0802 25.7293 25.8061 24.1632 37.9899 25.9103 27.9734 24.2423 24.1629 23.924 23.8438 23.6 29.225 23.5015 41.7722 24.9447 29.819 43.202 22.795 22.3486 22.1142 23.1844 21.9847 23.7409 33.0516
threshold=39499.500000000007 15.595000000000001 11.675000000000002 1.0000000180025095e-35 0 19180.500000000004 25589.000000000004 2.9350000000000005 1.0000000180025095e-35 1.0000000180025095e-35 54948.500000000007 1 67250.500000000015 5.7150000000000007 30.000000000000004 19.885000000000002 11.495000000000003 22.875000000000004 103514.00000000001 74114.000000000015 74665.500000000015 12.935 0.54500000000000015 0.7350000000000001 1.0000000180025095e-35 46974.000000000007 18.000000000000004 2 0.59500000000000008 0.57500000000000007 49630.500000000007 0.55500000000000016 0.89500000000000013 0.19500000000000003 0.78500000000000014 0.20500000000000004 15.305000000000001 64527.500000000007 5.1450000000000005 126272.50000000001 11.585000000000003 147447.50000000003 12.935 12.755000000000001 54.000000000000007 27234.500000000004 134273.00000000003 3 3.4950000000000006 2.2850000000000006 0.59500000000000008 0.58500000000000008 0.25500000000000006 5.4350000000000014 42.000000000000007 0.56500000000000006 72545.000000000015 4 41087.000000000007 0.53500000000000014 1.0000000180025095e-35 13.205000000000002
decision_type=2 2 2 2 1 2 2 2 2 2 2 1 2 2 2 2 2 2 2 2 2 2 2 2 2 2 2 1 2 2 2 2 2 2 2 2 2 2 2 2 2 2 2 2 2 2 2 1 2 2 2 2 2 2 2 2 2 1 2 2 2 2
left_child=2 3 6 7 -3 -4 -1 25 17 15 -10 -8 22 14 23 -7 24 18 55 21 -21 34 57 27 45 -2 -19 28 29 -5 31 -27 -24 -17 -14 -11 40 -38 39 -16 -15 42 43 44 -42 -13 -45 -37 49 56 51 52 -40 -54 -55 -6 -25 58 -9 -49 -61 -62
right_child=1 4 5 13 8 9 11 12 10 35 -12 16 19 36 38 33 -18 26 -20 20 -22 -23 32 48 -26 30 -28 -29 -30 -31 -32 -33 -34 -35 -36 47 37 -39 50 -41 41 -43 -44 46 -46 -47 -48 59 -50 -51 -52 -53 53 54 -56 -57 -58 -59 -60 60 61 -63
leaf_value=0.027897473451541695 -0.053952531500481696 0.013530819275530818 0.042265111751087638 0.011013804576633954 0.022496679970716513 0.029873175363116233 0.021021518445718271 -0.077891823960143602 0.028124186656159445 0.012838604481781903 0.01761684530334753 -0.022085897838346833 -0.012586606795876767 0.007387441604567598 0.005329356600619662 0.018040830066385027 -0.087273813604658357 0.01707523237534762 0.017939722237066746 0.056634730464549622 0.013861696605631852 0.023344159803955499 0.027196369443297615 0.094057417088063297 -0.0048569891815977888 -0.021443165898711883 0.032817755607311677 -0.01889692277123017 -0.050422212470678407 0.10389565745157868 -0.0029527432822640878 0.11202130355740064 -0.050346295302192527 0.042315887885835228 0.021665565641347778 0.031248364704473078 0.027277659246847455 -0.023698295553914152 -0.043786509065983512 0.024031567999761062 0.012227361133302476 -0.030605907884195045 0.010524897261912415 0.044235147357847643 0.031527509100313371 0.019474441448721388 -0.02338243871551042 0.02771712597897465 0.023926923729728763 -0.034623165957205292 -0.038933565359863212 0.13464519091407018 -0.026090957257387127 -0.039284735315923774 0.065628293691442796 0.030352049652362587 -0.017820632311615243 0.018120066361449704 0.0044070910881209039 0.022980692126035852 -0.071533571767586776 0.0058647790520845108
leaf_weight=2168.590145431459 28.484343446791172 3673.4161972254515 1808.9418997913599 99.677555173635483 2083.5717189088464 1988.4576537162066 1279.6692415624857 8.7635607942938787 1224.8365455195308 351.64538966119289 6408.5798203125596 38.276570118963718 345.76496467739344 3883.1171952262521 807.08343294262886 127.63343612849712 9.877667307853697 380.26181580126286 2462.8782894611359 64.335245445370674 6544.664338350296 163.57296995818615 1264.6872951835394 9.25465275347233 326.4014695584774 7.8612415045499828 1808.6147781014442 442.63584788143635 21.219790235161781 10.832223907113073 442.77806909382343 12.137523151934145 11.906951442360876 1313.6602695733309 67.681709952652454 1697.7996490299702 55.879546865820885 133.98316670209169 30.797321185469627 239.48768595606089 702.10860249400139 48.208093613386154 1893.2389887869358 158.79839944094419 212.55668921768665 384.6896567940712 14.093382582068442 517.99725459516048 120.94345417618752 46.053467430174351 52.948004141449928 5.4813530147075644 34.752350375056267 13.749206267297266 33.324537813663483 1675.7835266441107 8.3672972619533521 1183.6517105773091 245.86841613799334 260.53755076229572 14.701909378170965 202.12666612863541
leaf_count=4393 156 8767 2441 417 4457 3566 3328 42 2480 740 14999 124 1260 13670 3459 234 44 787 5681 142 20224 391 3169 22 1076 34 3149 2193 111 22 2006 21 49 1823 199 2950 137 487 163 965 2079 188 5439 383 552 1018 53 958 458 235 282 9 160 73 99 3269 46 3360 769 502 58 442
internal_value=0.0191315 0.0159419 0.0291376 0.0112852 0.0205399 0.0328551 0.0218172 0.0143838 0.022122 0.0302246 0.0193038 0.0153468 0.0152651 0.00773762 0.00139603 0.0342032 0.00542588 0.0247051 0.022811 0.013264 0.0142797 0.00162197 0.0205591 -0.00706557 0.00673834 -0.00336769 0.0300861 -0.0128651 0.00817707 0.020249 -0.000232365 0.0594638 0.0264653 0.0401711 -0.00696351 0.0257403 0.00950184 -0.0086625 0.00667467 0.00961566 0.0100016 0.0133509 0.0140645 0.0202203 0.0167209 0.0156973 0.038684 0.0274225 0.0109474 -0.0136259 -0.0112854 0.00108979 -0.00547964 0.00891293 0.0348612 0.0260004 0.0408523 0.015312 0.00146792 0.0203707 0.012811 0.000563233
internal_weight=51679.7 39188.7 12491 19470.8 19717.9 8283.5 4207.5 10392.2 16044.5 6474.56 7633.42 2038.91 9900.9 9078.59 1976.61 3429.75 759.245 8411.11 6222.23 7186.02 6609 577.02 2714.88 758.984 749.368 491.261 2188.88 574.365 131.73 110.51 462.777 19.9988 1276.59 1441.29 413.447 3044.81 7101.98 189.863 1217.62 1046.57 6912.12 3029 2980.8 1087.56 914.665 422.966 172.892 2693.16 184.619 63.6754 171.053 118.105 112.623 81.8261 47.0737 3759.36 17.622 1438.28 254.632 995.363 477.366 216.829
internal_count=130810 107113 23697 63524 43589 13714 9983 31822 34822 11273 17479 5590 29605 31702 8714 5623 2262 17343 13407 22216 20366 1850 7389 3504 2218 2217 3936 2743 550 439 2061 55 3218 2057 1459 5650 22988 624 5210 4424 22364 8694 8506 3067 2631 1142 436 4910 761 303 786 504 495 332 172 7726 68 4171 811 1960 1002 500
cat_boundaries=0 1 2 3 4 5
cat_threshold=2 13 16 21 2
is_linear=0
shrinkage=0.05


Tree=30
num_leaves=63
num_cat=6
split_feature=0 2 2 0 0 0 7 8 7 6 2 0 5 2 2 5 4 5 8 5 7 2 2 0 5 5 2 2 2 5 5 5 2 2 6 2 8 8 2 2 7 5 2 2 5 5 8 2 0 5 5 2 5 8 2 2 5 5 5 7 2 0
split_gain=808.35 176.496 139.015 100.833 96.0277 73.415 62.0547 53.8526 60.2537 47.402 45.3395 40.625 39.5176 39.3949 36.8586 37.1556 35.9834 35.9094 35.0861 34.4103 32.4546 48.0273 32.4001 32.2438 52.9184 45.4134 40.0376 38.0939 55.0924 31.0218 30.6206 29.723 29.6059 28.9663 28.8763 28.1918 33.8266 28.0675 28.002 26.6091 28.4264 45.7146 25.4143 53.0936 31.7764 25.1644 24.9288 24.6238 23.9968 56.0409 27.6249 23.8463 23.7527 23.47 43.5135 28.52 28.1081 23.1845 22.9642 22.7232 27.4919 22.6229
threshold=38.500000000000007 156356.00000000003 186616.00000000003 27.500000000000004 59.500000000000007 50.500000000000007 1.0000000180025095e-35 0 1.0000000180025095e-35 1.0000000180025095e-35 44346.000000000007 22.500000000000004 0.84500000000000008 6913.5000000000009 18456.500000000004 0.67500000000000016 18.000000000000004 0.85500000000000009 1 0.89500000000000013 1.0000000180025095e-35 22372.500000000004 61847.500000000007 47.500000000000007 0.60500000000000009 0.43500000000000005 9752.5000000000018 24302.500000000004 48080.500000000007 0.45500000000000007 0.57500000000000007 0.34500000000000003 14553.000000000002 6913.5000000000009 1.0000000180025095e-35 152456.00000000003 2 3 13564.500000000002 156356.00000000003 1.0000000180025095e-35 0.12500000000000003 23323.500000000004 28045.000000000004 0.41500000000000004 0.65500000000000014 4 63731.500000000007 45.500000000000007 0.35500000000000004 0.21500000000000002 107267.50000000001 0.83500000000000008 5 25271.500000000004 12603.500000000002 0.46500000000000002 0.59500000000000008 0.62500000000000011 1.0000000180025095e-35 222155.50000000003 54.500000000000007
decision_type=2 2 2 2 2 2 2 1 2 2 2 2 2 2 2 2 2 2 1 2 2 2 2 2 2 2 2 2 2 2 2 2 2 2 2 2 1 1 2 2 2 2 2 2 2 2 1 2 2 2 2 2 2 1 2 2 2 2 2 2 2 2
left_child=2 4 3 6 7 -3 19 8 12 14 -8 -4 52 -10 15 16 -9 -17 -13 37 57 38 29 24 25 26 -11 -28 -29 42 53 -18 -27 -33 39 36 -32 -1 -22 40 41 -5 44 -44 -15 -26 -12 -24 -30 50 -50 -52 -2 54 -25 56 -55 -6 -16 60 -7 -60
right_child=1 5 11 34 20 59 10 9 13 23 46 18 -14 22 58 17 31 -19 -20 -21 21 -23 47 30 45 32 27 28 48 -31 35 33 -34 -35 -36 -37 -38 -39 -40 -41 -42 -43 43 -45 -46 -47 -48 -49 49 -51 51 -53 -54 55 -56 -57 -58 -59 61 -61 -62 -63
leaf_value=0.03391718096396263 0.0082934598695294584 0.020630549707588503 0.035253170349131432 -0.030209270061590122 0.0004614074550219949 0.018470652572923987 0.010616639758689886 -0.037104852283405619 0.069049260488226946 -0.071522625714953547 0.014032764738040937 0.03046511201678391 0.042432438506176583 -0.067108240442382491 0.013912081006681221 -0.053016790969930866 -0.007371342221836036 0.026052213895546045 0.021887527128980951 -0.035224657368082155 -0.01134530792538024 -0.0020028491650132779 0.056118269078805544 -0.052085467937085322 -0.021629261669945284 -0.031766998545921805 0.042147370802098932 -0.025001412633341276 0.008909612571145897 -0.040592947926962455 0.024105690907026425 0.090836172455079633 0.033130280121659222 0.022380391072137542 0.01496070882146823 0.050168913703523499 0.002164230884724555 0.025596928588578538 -0.056085253754319712 0.028201452924809273 0.014016266197302625 0.02380509467094602 0.098463454241197609 -0.0082884613422296635 0.061942988269981104 0.0053467692388970804 0.025358951053971037 -0.0042719223119553401 0.015666148131191326 -0.040746780691109763 0.089469053243582064 0.029105301748422394 -0.074769789309797899 0.048845856543329923 0.015855128498359832 -0.0080064379974285043 -0.065399296080771468 0.012005841523106974 0.024739518719262804 0.0092051533007231796 0.0081444364059317948 0.0086771567475712099
leaf_weight=2178.0537071079016 935.80750929564238 5106.3049168437719 2235.7723282277584 39.792935818433762 1091.4751109033823 2178.4233512878418 860.38125596940517 35.54854179173708 16.360042601823807 14.243346653878687 694.79615457355976 3710.0747656226158 88.709590770304203 26.14462569355965 2549.5596227347851 54.529022753238678 70.917714782059193 19.315349370241165 2232.8190450519323 20.645605757832527 74.350055143237114 1470.0230618044734 17.305392816662788 25.553274348378181 101.86595580726862 18.109047323465347 96.424234911799431 103.47948142141104 440.12114579975605 132.742705963552 240.0903008133173 18.621177405118942 465.20315764844418 91.709628157317638 4373.4150982648134 42.848063603043556 617.31723868101835 2987.1763226091862 66.627395413815975 929.93303687870502 1729.3350409865379 1997.4726256877184 13.690683662891386 74.569525331258774 5.7074967920780173 567.35171915590763 3043.0864731371403 551.63525845855474 43.933173783123493 21.526111051440239 43.233673214912415 26.975593075156212 8.5762585923075658 38.553788222372532 286.70466945320368 825.70740199834108 6.1322845593094817 723.93686532229185 1194.1249899417162 2831.8805709555745 918.66169901937246 269.94557023793459
leaf_count=3612 3056 11579 3300 133 4831 6314 2075 171 48 73 1469 6285 213 148 7765 258 287 64 4132 59 443 6852 47 142 360 74 234 398 1307 643 762 43 1167 314 10312 90 2212 5428 459 1757 4222 4174 40 322 18 1689 5742 1977 133 88 75 67 41 126 971 3212 36 2964 3137 9131 2709 923
internal_value=0.0180801 0.0115337 0.0240522 0.0216894 0.00772657 0.0162345 0.0252114 0.0101591 0.00243599 0.0118763 0.0209776 0.0294982 0.010532 -0.00750803 0.0155394 -0.00163849 0.00877866 -0.03226 0.0273318 0.0289639 0.000482945 -0.00468097 -0.0090464 0.00798734 0.0126222 0.0186051 0.0112066 0.0127412 0.00855392 -0.023937 0.00366222 0.0178209 0.0306823 0.0340511 0.0178893 0.0106109 0.00862253 0.0292222 -0.0325501 0.0206149 0.0187399 0.0227462 -0.00546961 0.00830671 -0.0437059 0.00123048 0.0233608 -0.00241672 0.0145964 0.0329878 0.0469606 0.0664218 0.007526 -0.00162344 0.00994597 -0.00582774 0.0329453 0.00506818 0.0167846 0.0124472 0.0154097 0.0217821
internal_weight=51695.3 24662.6 27032.8 18854.1 13627.3 11035.3 9784.14 10200.9 1871.25 8329.65 4598.26 8178.67 1033.09 838.156 4304.27 290.641 216.797 73.8444 5942.89 5185.88 3426.41 1611 821.796 4025.37 1942.47 1273.25 789.937 775.693 679.269 252.855 2082.91 181.249 483.312 110.331 9069.95 900.256 857.408 5165.23 140.977 4696.53 3766.6 2037.27 120.112 88.2602 31.8521 669.218 3737.88 568.941 575.79 135.669 114.142 70.2093 944.384 1182.65 312.258 870.393 44.6861 1815.41 4013.63 5928.97 3097.09 1464.07
internal_count=130713 78013 52700 38983 48280 29733 18385 32731 6553 26178 9286 13717 3310 3243 12962 1137 815 322 10417 9099 15549 7754 3195 13216 5665 3616 2375 2302 2068 1171 7551 644 1241 357 20598 3064 2974 9040 902 10286 8529 4307 528 362 166 2049 7211 2024 1670 363 275 142 3097 4487 1113 3374 162 7795 11825 18154 9023 4060
cat_boundaries=0 1 2 3 4 5 6
cat_threshold=2 21 8 5 2 16
is_linear=0
shrinkage=0.05


Tree=31
num_leaves=63
num_cat=0
split_feature=0 1 1 3 3 2 2 3 0 1 1 2 0 0 2 5 3 1 0 1 0 2 5 1 3 3 1 5 1 1 1 3 3 1 5 2 2 7 3 1 5 0 3 2 1 4 5 3 3 2 2 2 0 3 5 2 1 5 5 2 0 2
split_gain=736.127 408.15 304.714 266.947 207.027 147.312 118.471 84.934 69.7195 63.5686 63.3077 62.9867 60.266 55.1286 53.632 46.6042 46.5062 53.6438 39.9508 39.7875 38.3137 37.4193 37.2726 36.9073 42.1421 76.0883 36.5509 37.0563 35.2462 34.6572 34.6102 44.3516 34.5061 33.9601 44.2615 36.0376 34.0133 42.7182 40.1801 49.4904 57.5443 48.3518 42.6259 35.0825 37.6354 34.0048 42.3473 33.7037 40.5551 33.0247 30.7659 30.6014 30.5835 31.1709 30.5554 30.3198 43.362 29.9146 29.3232 39.9434 28.8139 28.7693
threshold=38.500000000000007 27234.500000000004 29907.000000000004 19.175000000000004 15.965000000000002 170192.00000000003 133286.50000000003 10.675000000000002 50.500000000000007 43258.500000000007 61847.500000000007 41464.000000000007 52.500000000000007 25.500000000000004 65593.500000000015 0.23500000000000001 10.495000000000003 59170.500000000007 20.500000000000004 146358.50000000003 26.500000000000004 180713.50000000003 0.12500000000000003 57053.500000000007 7.6350000000000007 5.0450000000000008 131617.50000000003 0.31500000000000006 55991.500000000007 62364.500000000007 18667.500000000004 3.3150000000000004 14.315000000000003 135318.50000000003 0.57500000000000007 123563.00000000001 78189.000000000015 1.0000000180025095e-35 23.205000000000002 55455.500000000007 0.70500000000000007 68.500000000000014 16.255000000000006 76263.500000000015 58104.500000000007 54.000000000000007 0.13500000000000004 6.3050000000000006 2.9350000000000005 72430.500000000015 30846.000000000004 39564.500000000007 68.500000000000014 20.315000000000001 0.39500000000000007 11682.500000000002 96531.500000000015 0.14500000000000005 0.49500000000000005 240526.50000000003 56.500000000000007 224132.00000000003
decision_type=2 2 2 2 2 2 2 2 2 2 2 2 2 2 2 2 2 2 2 2 2 2 2 2 2 2 2 2 2 2 2 2 2 2 2 2 2 2 2 2 2 2 2 2 2 2 2 2 2 2 2 2 2 2 2 2 2 2 2 2 2 2
left_child=2 5 6 7 12 14 51 18 9 -6 11 15 -3 -5 47 -9 17 22 -4 50 29 -13 -14 28 25 -25 27 -11 -24 -12 -7 -32 -18 36 -35 -36 43 61 39 40 -39 -40 -41 44 -10 46 -46 48 -2 -26 -19 -1 53 54 -16 56 -22 -48 -28 -60 -42 -38
right_child=1 4 3 13 8 30 -8 10 33 26 20 21 16 -15 52 -17 32 19 -20 -21 55 -23 23 24 49 -27 58 -29 -30 -31 31 -33 -34 34 35 -37 37 38 41 42 60 -43 -44 -45 45 -47 57 -49 -50 -51 -52 -53 -54 -55 -56 -57 -58 -59 59 -61 -62 -63
leaf_value=0.012979467515877127 0.032165209465794938 0.0068873301767824096 0.021156474567018618 0.033414851204245276 0.030462333767667438 0.047140912444458616 0.042805378459769783 -0.068087938168691714 -0.0086163186487234616 0.0081086468132130652 -0.069681341614468664 0.024079392970743616 -0.063029813647352689 0.024701494945276993 0.0060038432429414977 0.0094994357441432285 0.0084274493736298927 -0.034021859074351013 0.010885729887827354 0.022696391000546066 -0.015811150552079913 0.036884158909238976 0.0060709415944638131 -0.029372321630740002 0.0861535350828357 0.12290138237248914 0.013900488619922394 0.020163126529435381 -0.062428023667846055 0.021761083210195681 -0.024723772688918077 0.033987888158740397 -0.0048833587730917824 -0.014473266344322281 0.031313839047207484 -0.0057415108247742411 0.020621280377921911 0.0053781992168218185 0.023809007586651311 0.045719133651415694 0.066806669767104268 -0.073331791182893 -0.00561137908903705 -0.049101926492003997 -0.052361870819626954 -0.010483290066944805 0.097281700204467247 0.007391573876914752 -0.062155923226396008 -0.065554182770694677 -0.0097114711160665584 0.029071942892307863 -0.028762797009358094 0.03574138641958656 0.024558371027870157 0.012685883837088262 0.063068599048016413 0.015910612376644675 -0.013070963808932988 0.060488103565771591 0.020032182203414822 0.0036228547678734836
leaf_weight=379.50202751159668 16.007859289646149 5754.5038120746613 1143.5386588722467 3170.6254399120808 812.89962732791901 616.18443301320076 2342.5886696279049 20.935429736971855 357.77717804908752 851.19896712899208 10.278338566422461 1464.2263303250074 19.224483042955399 4272.7414792478085 326.67053818702698 241.29243157804012 1639.7877863571048 142.10611879080534 5547.0014969259501 88.031375780701637 23.513171225786209 940.82559338212013 703.40761401504278 11.778196416795252 5.0497608482837704 26.336381368339062 338.15437078475952 2560.9330178797245 19.185414254665375 2931.7677486091852 33.098615497350693 972.73292227089405 691.89872701466084 317.78287780284882 134.61533193290234 127.49655376374722 1735.3679790943861 316.89172157645226 421.06783765554428 42.283244982361794 69.595922440290451 13.093256220221518 878.54221346974373 30.501289010047913 22.420538567006588 157.52816323935986 11.411494940519331 410.58079381287098 38.567889884114265 11.650136359035967 1565.711564078927 1357.5539492666721 28.833762764930725 362.17440968751907 697.4559621065855 3098.4525252729654 65.792557805776596 700.49274442344904 263.2287075817585 19.730209201574326 63.37174454331398 291.50885207951069
leaf_count=837 77 19518 2529 4465 1369 734 2772 81 1300 2125 35 2669 125 7283 848 566 6401 1149 15178 430 75 1301 3168 72 20 75 822 5643 124 5487 97 1533 2776 1219 400 416 4430 860 1014 121 96 61 2999 129 109 620 27 1357 249 65 9132 2189 101 565 1536 7116 117 2389 757 27 162 766
internal_value=0.0171659 0.0109306 0.022872 0.0206313 0.00831976 0.0267444 0.0354646 0.0168904 0.0132919 0.0177006 0.0201205 0.0265546 0.00341266 0.0284142 0.0172139 0.00326246 -0.000646965 -0.00525601 0.0126422 -0.0100472 0.0173196 0.0290919 0.00553833 0.00724827 0.0467741 0.0757611 0.0151266 0.0171578 0.00423693 0.0214376 0.0377877 0.0320486 0.00447545 0.00953695 -0.00192234 0.013275 0.0108379 0.0131958 0.00759574 0.00339208 0.0169848 0.0208517 -0.0032442 0.00377578 0.00507426 0.0105723 0.0150968 0.0024723 -0.0343905 -0.019143 -0.0117391 0.02556 0.0220555 0.0231181 0.018646 0.013517 0.0422501 0.0172355 0.00395908 -0.0079046 0.0445836 0.0181793
internal_weight=51729.5 24718.9 27010.6 22931 21216.6 3502.31 4079.64 15487.6 10537.9 4846.14 8797.08 2667.28 10678.7 7443.37 1880.29 262.228 4924.17 2592.48 6690.54 1795.85 6129.8 2405.05 796.632 777.408 54.8145 38.1146 4033.25 3412.13 722.593 2942.05 1622.02 1005.83 2331.69 5691.75 579.895 262.112 5111.85 3831.72 1804.85 1370.68 449.859 434.161 920.825 1280.13 1249.63 891.853 734.325 465.157 54.5757 16.6999 1707.82 1737.06 1415.13 1386.3 1024.13 3187.76 89.3057 711.904 621.113 282.959 132.968 2026.88
internal_count=130713 78013 52700 46902 70916 7097 5798 35154 27861 10743 17447 4617 43055 11748 4733 647 23537 14360 17707 10711 12830 3970 3649 3524 232 147 9374 7768 3292 5522 2364 1630 9177 17118 2035 816 15083 10509 5313 4238 1118 1075 3120 4574 4445 3145 2525 1683 326 85 10281 3026 3050 2949 2384 7308 192 2416 1606 784 258 5196
is_linear=0
shrinkage=0.05


Tree=32
num_leaves=63
num_cat=0
split_feature=0 3 3 0 2 2 2 2 0 3 2 0 3 5 0 3 7 2 2 3 3 2 0 6 0 5 2 5 3 5 5 6 6 2 5 5 3 5 3 2 2 0 2 2 0 2 0 3 7 0 3 2 5 7 6 2 3 5 2 3 5 2
split_gain=674.956 252.801 196.92 125.112 101.325 93.1934 70.2297 65.105 64.4257 53.0278 43.1202 43.7462 40.6813 40.51 39.3157 36.5605 33.9644 53.3285 32.7643 32.1603 32.0123 31.4806 34.4519 30.7826 33.6257 32.653 30.6162 30.3436 35.444 30.0384 28.9247 28.438 28.2499 45.0252 44.5912 35.8534 37.3227 28.1373 26.821 26.6085 26.1045 25.8298 25.1505 24.8055 24.0334 38.0133 31.0864 30.9443 23.9064 28.4683 23.4498 30.0224 39.5154 50.7524 28.574 32.7596 28.3154 25.8163 25.2233 23.342 23.2785 23.2403
threshold=33.500000000000007 15.685 19.175000000000004 50.500000000000007 216451.50000000003 158370.00000000003 170192.00000000003 42383.500000000007 56.500000000000007 9.9350000000000005 146797.50000000003 64.500000000000014 9.4650000000000016 0.88500000000000012 25.500000000000004 6.4050000000000011 1.0000000180025095e-35 124491.50000000001 146797.50000000003 15.305000000000001 16.055000000000003 22372.500000000004 67.500000000000014 1.0000000180025095e-35 61.500000000000007 0.72500000000000009 157378.50000000003 0.76500000000000012 9.8350000000000026 0.14500000000000005 0.28500000000000009 1.0000000180025095e-35 1.0000000180025095e-35 241500.50000000003 0.19500000000000003 0.78500000000000014 15.495000000000003 0.13500000000000004 17.165000000000003 157378.50000000003 18456.500000000004 62.500000000000007 149605.50000000003 49035.500000000007 68.500000000000014 180713.50000000003 50.500000000000007 4.9450000000000012 1.0000000180025095e-35 54.500000000000007 21.655000000000005 42383.500000000007 0.82500000000000007 1.0000000180025095e-35 1.0000000180025095e-35 73405.500000000015 19.975000000000005 0.69500000000000006 124491.50000000001 20.315000000000001 0.87500000000000011 161269.00000000003
decision_type=2 2 2 2 2 2 2 2 2 2 2 2 2 2 2 2 2 2 2 2 2 2 2 2 2 2 2 2 2 2 2 2 2 2 2 2 2 2 2 2 2 2 2 2 2 2 2 2 2 2 2 2 2 2 2 2 2 2 2 2 2 2
left_child=2 5 4 6 7 8 31 -1 12 27 11 37 13 -2 -4 -10 39 29 21 42 -13 -17 -23 24 -20 41 -16 28 -9 -18 -11 40 33 44 -34 36 -35 48 60 -14 -3 -26 -19 -29 46 -46 -7 61 49 -5 51 -22 54 -54 55 56 57 -53 -52 -57 -12 -48
right_child=1 3 14 10 -6 32 -8 9 15 30 38 20 16 -15 26 18 17 19 23 -21 50 22 -24 -25 25 -27 -28 43 -30 -31 -32 -33 34 35 -36 -37 -38 -39 -40 -41 -42 -43 -44 -45 45 -47 47 -49 -50 -51 58 52 53 -55 -56 59 -58 -59 -60 -61 -62 -63
leaf_value=0.0090647919958891966 0.0024806831628626778 0.00085621532808152236 0.033726551414594727 -0.056061553090113903 0.029015101597809196 0.019622398905348393 0.025985957108705483 0.01348698598603525 -0.014777046174005843 0.01573344495715576 0.0050883163223389176 -0.06474233584680171 0.015093976259889959 -0.0444935344783699 0.021774289667961935 -0.019381913904551629 -0.043277365285634743 0.028909863177825252 -0.053413495832476621 -0.054907145718818988 -0.036419680343922421 0.0074056109009839948 -0.015568700404633724 -0.052124530169269517 0.11672408932265575 -0.065879196201946058 0.031815604564390657 0.064640740356965695 -0.041839024052156872 7.7199194802289389e-05 0.024114172079788693 0.012819122815635339 -0.0091451919459237998 -0.017387087432656195 0.0099410431781204057 0.030685660259063899 0.085318221254581106 0.011081815419090434 0.016892362913034448 -0.081652360354578499 0.021372750448791257 0.018326341953969021 0 0.022110296938729949 -0.035677817567957529 0.058744854080518098 0.072536724675631534 0.012849588091847726 -0.046221206391583274 0.023135262126287463 0.013763829350782773 -0.024700143104972875 0.085251698232267137 -0.02568725965807794 -0.026270804433701583 0.0033091587428813319 0.086022498985652548 0.084836640822779252 -0.028525464616247699 -0.048128949799511565 -0.07907105045529611 -0.011730855005819925
leaf_weight=1757.9978441298008 2803.3870231509209 165.51964032649994 3637.8365251421928 14.922974064946173 2507.3626616895199 1831.5238051265478 3172.7500607222319 3309.6650347113609 570.84819089621305 1305.3102026432753 417.97559159994125 20.5814478546381 1718.2689291089773 46.552892945706844 1787.4610743671656 156.07864391058683 41.473667107522488 310.72486141324043 22.850717194378376 13.964727982878683 82.598625622689724 1203.5302970558405 188.56898041069508 56.08078308403492 8.2660449743270856 9.1127371788024885 1329.219971165061 36.119224980473518 29.066164076328278 1019.061889693141 4960.2968637645245 2588.5428987592459 342.16130951792002 222.34348156303167 2872.1196506917477 57.807952463626862 9.1000709682703 2657.1452437788248 2835.4159033000469 7.02308365702629 2576.3108685016632 34.136433601379395 99.312615260481834 705.0847337692976 12.579530566930769 65.723842978477478 8.4230611026287061 1100.9710056856275 39.313678994774818 46.180692821741104 282.86165177822113 18.760832458734516 26.24086794257164 16.785433769226074 135.77570530772209 91.426696255803108 19.54283832013607 7.4156120866537085 40.122421458363533 28.902895256876945 8.2764316797256452 197.92308215796947
leaf_count=4613 11573 446 5016 58 4212 4353 5601 8114 3829 2608 1255 121 4819 229 3096 1004 191 774 115 55 466 5609 1024 313 22 50 1905 63 93 3618 8930 5906 1224 768 8854 141 15 7940 6831 30 5296 126 290 1550 66 182 37 3598 170 135 911 94 53 73 591 339 46 20 153 125 38 936
internal_value=0.0163213 0.0115249 0.0231283 0.016051 0.0198633 0.00691908 0.020093 0.0179667 0.00337729 0.0194788 0.0109883 0.00715454 0.00606003 0.00171009 0.0301899 -0.00384737 0.00992052 0.00437061 -0.000126888 0.0193569 -0.00336888 0.0018984 0.0042891 -0.0241849 -0.00300618 0.0193164 0.0260593 0.0150382 0.0130026 -0.00161745 0.0223693 0.0165841 0.0112972 0.0144027 0.00790753 -0.00447818 -0.0132921 0.0100987 0.015134 0.0146925 0.0201361 0.0378554 0.0219111 0.024198 0.0161019 0.0434858 0.0154158 0.00951767 -0.0158504 0.00365182 -0.00167058 -0.00935822 -0.00285329 0.041897 -0.00926094 0.00462511 0.0406261 0.00634538 0.0084878 -0.00903435 0.00342432 -0.00823336
internal_weight=51688.7 30323.3 21365.4 15293.4 14610.9 15029.9 8503.12 12103.5 8309.24 10345.5 6790.25 3528.58 6059.77 2849.94 6754.52 2249.47 3209.83 1484.54 1678.62 424.002 771.015 1548.18 1392.1 130.447 74.3659 51.5152 3116.68 4079.94 3338.73 1060.54 6265.61 5330.37 6720.68 3506.4 3214.28 289.252 231.444 2757.56 3261.67 1725.29 2741.83 42.4025 410.037 741.204 3217.14 78.3034 3138.84 1307.32 100.417 61.1037 750.434 427.45 344.851 43.0263 301.825 166.049 45.7193 26.1764 322.984 120.33 426.252 206.346
internal_count=130713 90513 40200 36668 30183 53845 17249 25971 33671 21358 19419 11295 21579 11802 10017 12092 9777 4928 8263 1119 2992 7637 6633 626 313 198 5001 9820 8207 3809 11538 11648 20174 10096 10078 924 783 8303 8124 4849 5742 148 1064 1613 9172 248 8924 4571 363 193 2871 1807 1341 126 1215 624 160 114 1064 464 1293 973
is_linear=0
shrinkage=0.05


Tree=33
num_leaves=63
num_cat=3
split_feature=1 3 2 2 7 8 7 1 2 1 3 3 3 1 6 2 1 3 3 2 5 5 6 3 1 3 3 3 1 2 5 1 2 2 3 2 8 2 6 1 1 3 1 2 1 1 1 5 8 5 5 3 5 3 5 1 1 3 3 1 5 1
split_gain=604.207 343.356 231.972 84.6982 81.7674 73.2287 70.0075 58.873 55.8492 53.048 50.35 48.229 48.5316 42.1112 40.9982 45.5585 42.0306 47.1047 40.5291 44.6363 39.8332 36.8282 35.8108 38.0976 39.128 33.6969 32.4022 32.1604 31.6665 42.1773 47.8228 31.2083 31.0253 36.3181 28.72 28.4369 27.4132 27.2484 26.996 26.5828 26.1209 43.9848 30.1046 26.3854 26.0363 25.9299 25.7811 27.3464 25.3767 25.1831 25.0953 24.9166 24.8758 24.6254 26.4773 24.2995 26.5278 32.3933 24.0027 23.8047 23.6844 48.9502
threshold=30404.500000000004 15.685 156356.00000000003 65593.500000000015 1.0000000180025095e-35 0 1.0000000180025095e-35 21405.500000000004 79245.000000000015 66142.500000000015 2.9350000000000005 7.0650000000000004 6.785000000000001 54948.500000000007 1.0000000180025095e-35 234668.50000000003 67250.500000000015 6.205000000000001 21.565000000000001 52967.000000000007 0.54500000000000015 0.33500000000000008 1.0000000180025095e-35 17.895000000000003 145838.50000000003 6.205000000000001 22.715000000000003 3.6850000000000005 54392.500000000007 196387.50000000003 0.46500000000000002 68316.500000000015 157378.50000000003 213553.50000000003 9.9350000000000005 78189.000000000015 1 73405.500000000015 1.0000000180025095e-35 111518.50000000001 121472.50000000001 17.255000000000006 118365.50000000001 76263.500000000015 26655.500000000004 148945.50000000003 26129.500000000004 0.15500000000000003 2 0.89500000000000013 0.21500000000000002 19.175000000000004 0.80500000000000016 14.405000000000003 0.28500000000000009 74114.000000000015 97560.500000000015 18.635000000000002 2.6650000000000005 147447.50000000003 0.36500000000000005 108853.00000000001
decision_type=2 2 2 2 2 1 2 2 2 2 2 2 2 2 2 2 2 2 2 2 2 2 2 2 2 2 2 2 2 2 2 2 2 2 2 2 1 2 2 2 2 2 2 2 2 2 2 2 1 2 2 2 2 2 2 2 2 2 2 2 2 2
left_child=2 6 3 25 9 32 10 -4 -8 18 -2 12 -5 35 16 45 17 27 19 -3 -19 26 -15 24 37 44 -11 -12 29 -10 36 -17 40 60 -30 48 -31 -24 -32 -35 42 -42 -6 -44 58 49 -27 -48 -7 -16 55 -9 -33 54 -38 -25 -57 -58 -1 -36 61 -34
right_child=1 4 7 11 5 13 8 51 28 21 14 -13 -14 22 15 31 -18 20 -20 -21 -22 -23 23 50 -26 46 -28 -29 34 30 38 52 33 39 59 -37 53 -39 -40 -41 41 -43 43 -45 -46 -47 47 -49 -50 -51 -52 -53 -54 -55 -56 56 57 -59 -60 -61 -62 -63
leaf_value=0.01758767063388144 -0.0034388233790998376 0.0034242533458598238 0.042583230746443455 0.012837431559731965 0.0019638840358879284 0.022053517703889539 -0.00069540945707592108 0.026964300549607675 0.007612630714516776 0.0084781693963130872 0.028414706944451869 0.027088370068467954 -0.069354725390727914 0.01802678980073821 0.0073715564389211065 0.039904200639487304 0.011929881531343474 0.017057061685180803 0.031410888786617394 0.023857931584368386 0.032985905461700188 0.02027236669742042 -0.016870544133998307 0.026282979915799361 -0.081185751856037283 0.016353545551082985 0.022353543224381538 -0.0033095611084317227 0.0025825538907294047 0.022830584443334051 0.046051491369642275 0.017888619594692189 0.019540236288771089 0.0080556773229369053 0.010306017746852553 0.026203460753459806 0.0031775683441608322 0.0075581365588645718 0.020241536196160287 -0.024767707495288904 -0.078335463791935234 -0.0074470654423874367 0.076007370343188121 -0.016935645103393692 0.02117188927877817 0.042643714973095673 -0.077293855929118568 0.0023072757206446912 -0.0013149748293738656 -0.040432655646571281 0.015238425949460297 0.038585655660345691 -0.03579281637477507 0.036262854758688463 -0.043593821964716652 -0.038516139687441713 0.057288558323427469 -0.0070491870284063625 -0.038030912046220194 -0.020655991766069755 0.027798976925413971 -0.049043473404931086
leaf_weight=24.796234712004662 546.55202707648277 312.79099687188864 1949.3605360388756 446.44884496927261 820.15737134218216 260.22718834877014 2567.6191767528653 1491.2982669919729 1127.4772359505296 1481.7839144989848 110.6005784869194 2487.2774742245674 18.598650872707367 3326.1568586975336 4725.0162013545632 184.72309476137161 3785.1446659639478 808.53315083682537 1605.7357211858034 1861.3933115154505 767.15415220707655 5436.3200062066317 152.25705055147409 65.669518411159515 14.581009551882742 859.93959872424603 588.89926978945732 286.23775232583284 2970.0921535342932 133.99008910357952 221.56184032559395 242.72004103660583 115.85410045087337 237.01958708465099 2781.9782960489392 1493.6065489798784 68.345983937382698 454.73659716546535 188.8505072593689 83.26480208337307 24.432263143360615 205.45752859115601 25.56827612221241 10.711231067776678 40.429133169353008 51.813602656126022 11.106079980731009 289.41581722348928 209.29106902331114 27.582049690186977 2121.6181432753801 673.84360165894032 23.538326054811478 25.733771190047264 53.924440950155258 54.717824399471283 22.45691642165184 147.16386888921261 86.490296386182308 63.301040768623352 366.22611367702484 33.428731232881546
leaf_count=87 2375 840 2386 1117 2184 592 10553 2510 3333 3643 312 4386 75 7449 14825 321 11139 2013 2646 3514 1603 11417 518 133 67 2127 1168 968 11097 291 381 629 239 520 7838 2698 183 1185 435 241 117 598 41 34 155 123 54 812 575 112 4790 870 86 41 185 182 37 408 410 223 704 118
internal_value=0.01551 0.0131311 0.0278004 0.0196253 0.0176079 0.0143718 0.00870157 0.0362716 0.00568195 0.0205446 0.0113663 0.024324 0.00952537 0.0164005 0.0121015 0.0089057 0.0150174 0.0209388 0.0253791 0.0209208 0.0248171 0.0181094 0.0144415 0.0105079 -0.000522006 0.00904867 0.0124276 0.00552447 0.00782719 0.0135854 0.0233013 0.024104 0.00547118 0.0127412 0.00602414 0.0228264 0.00742244 0.00142049 0.0341951 -0.000466927 -6.79045e-05 -0.0150335 0.00394469 0.0484581 -0.0130893 0.00747755 0.0119481 -0.000642562 0.0120697 0.00709222 0.0133527 0.0305851 0.0131125 -0.00753196 -0.0174277 -0.000426011 -0.00827491 0.00146807 -0.0255887 0.00961472 0.0209556 0.00412634
internal_weight=51673 43294 8379 4264.5 21531.5 10244.6 21762.5 4114.5 10202.9 11286.9 11559.6 2952.32 465.047 8322.48 11013.1 5255.39 5757.67 1972.53 3779.92 2174.18 1575.69 7507 6359.36 3033.2 621.575 1312.18 2070.68 396.838 7635.26 1819.88 692.407 450.981 1922.12 835.793 5815.37 1963.12 281.994 606.994 410.412 320.284 1086.33 229.89 856.437 36.2795 151.716 4804.41 1160.46 300.522 469.518 4752.6 2411.63 2165.14 266.258 148.004 122.27 290.008 224.339 169.621 111.287 2845.28 515.509 149.283
internal_count=130713 115724 14989 9223 46658 23430 69066 5766 34560 23228 34506 5578 1192 18634 32131 16096 16035 4896 7000 4354 3616 16228 14769 7320 1770 3645 4811 1280 24007 4849 1516 1036 4796 1822 19158 3865 700 1703 816 761 2974 715 2259 75 652 15060 2993 866 1167 14937 5550 3380 715 409 368 760 627 445 497 8061 1061 357
cat_boundaries=0 1 2 3
cat_threshold=2 5 20
is_linear=0
shrinkage=0.05


Tree=34
num_leaves=63
num_cat=2
split_feature=1 3 2 2 7 8 8 3 1 1 1 2 3 3 3 3 3 2 3 1 5 2 2 2 6 5 6 3 2 1 5 2 2 5 2 1 2 1 5 2 2 3 3 5 3 2 1 2 2 2 1 3 2 7 2 5 5 1 3 5 5 5
split_gain=554.742 311.274 216.383 76.9713 74.0275 67.8576 66.0175 65.4253 55.8967 48.6424 44.1513 62.8145 47.9308 60.9118 43.947 44.1835 39.4774 39.4087 42.8235 38.3759 35.546 35.4153 34.1043 33.8342 33.8763 33.1982 32.1995 35.0784 58.1231 46.467 38.9514 36.6026 32.0194 30.7047 42.6304 41.5146 49.7348 31.587 33.4316 30.5781 30.4471 30.4206 30.2618 29.9484 29.3471 29.2139 28.4224 28.0187 32.7866 27.7359 27.7009 26.9152 26.6832 26.1323 25.8261 25.3445 40.8538 47.8107 30.9158 27.2618 25.0481 26.8647
threshold=30404.500000000004 15.685 156356.00000000003 65593.500000000015 1.0000000180025095e-35 0 1 5.4350000000000014 21405.500000000004 66142.500000000015 80527.500000000015 27095.500000000004 8.9250000000000025 10.855000000000002 7.0650000000000004 6.785000000000001 10.305000000000001 194460.50000000003 20.935000000000006 54948.500000000007 0.84500000000000008 233702.50000000003 143015.50000000003 237613.50000000003 1.0000000180025095e-35 0.33500000000000008 1.0000000180025095e-35 19.175000000000004 86969.500000000015 138466.00000000003 0.21500000000000002 209655.50000000003 131315.50000000003 0.64500000000000013 229052.00000000003 47524.500000000007 31762.000000000004 42713.500000000007 0.62500000000000011 229052.00000000003 53980.500000000007 6.205000000000001 14.315000000000003 0.74500000000000011 22.455000000000002 144866.50000000003 47524.500000000007 157378.50000000003 213553.50000000003 229982.00000000003 76810.000000000015 7.0650000000000004 15505.500000000002 1.0000000180025095e-35 78189.000000000015 0.24500000000000002 0.74500000000000011 90593.000000000015 16.895000000000003 0.16500000000000004 0.22500000000000003 0.20500000000000004
decision_type=2 2 2 2 2 1 1 2 2 2 2 2 2 2 2 2 2 2 2 2 2 2 2 2 2 2 2 2 2 2 2 2 2 2 2 2 2 2 2 2 2 2 2 2 2 2 2 2 2 2 2 2 2 2 2 2 2 2 2 2 2 2
left_child=2 5 3 41 9 10 47 20 -4 17 11 12 -2 -14 15 -5 22 18 40 54 21 39 32 -23 43 44 -21 28 55 -30 -29 -31 -13 34 -9 36 -35 -36 46 -7 52 -1 50 -25 -11 -24 -39 -6 -49 -48 -18 -38 -3 -12 -8 59 58 -58 -57 -28 61 -43
right_child=1 4 8 14 6 7 19 33 -10 25 53 16 13 -15 -16 -17 42 -19 -20 26 -22 23 45 24 -26 -27 27 30 29 31 -32 -33 -34 35 37 -37 51 38 -40 -41 -42 60 -44 -45 -46 -47 49 48 -50 -51 -52 -53 -54 -55 -56 56 57 -59 -60 -61 -62 -63
leaf_value=-0.012508336816224805 -0.02727626292343794 0.026831220734393865 0.04098471598231495 0.012176605307646596 -6.641093128105883e-05 -0.0038222356070669685 0.011473671281733461 0.0027734024025412333 0.029237767382563465 0.0077784731595045677 0.010680916136793389 0.0077252957631929247 0.047995667545030506 -0.0090460495163959525 0.025799533375734259 -0.066665636105939896 0.020794883530201709 0.032544774519465719 0.027326025122810474 0.017105541989261747 -0.033414545408733953 0.05947065887574518 0.065699673217381752 -0.05232945884694773 0.02978799349395855 0.019248429672925602 -0.047505103557486286 -0.0054855221202440652 0.013953898341620681 -0.057480928084724763 0.016211768543140225 0.024243702544237675 -0.018193958202606192 -0.044010023561372742 0.046850747816516589 0.0084618703747064167 0.058112457178426974 -0.061669552886163874 -0.085045261131080532 -0.059259365527651445 0.018567230781381644 6.5890847118454127e-05 0.0099049474138125527 0.041567166102863484 0.020623594528848932 0.015001981862222928 0.065506068330246164 0.019914065029383528 -0.00044329815399907105 0.013395136116708485 0.042734950193482876 0.024041094548377349 -0.0087783448176643099 0.0046983887892875706 0.024940875088614329 -0.012207794128795017 -0.059471981345977393 0.033792120475372799 -0.056000856142709436 0.036061174314951004 0.014175271474092511 -0.065089633550779319
leaf_weight=150.90462183952332 156.51362036168575 70.027139611542225 1924.7592218369246 447.13111734390259 1085.9989573061466 1367.9448175951838 470.07672620564699 4028.8138597011566 2152.0584271103144 1423.2435578554869 3905.8844652026892 1224.4347156658769 68.453215509653091 147.14574639499187 2481.1181859374046 18.390713959932327 1818.6567883789539 1023.7843648195267 1364.3503655791283 3329.9319627732038 98.05394285172224 41.044621855020523 28.891526758670807 32.25295028090477 61.718237318098545 5439.1605773419142 12.92138274759054 233.15761364996433 645.16519482433796 42.397430524230003 1807.4143930822611 20.049427703022957 131.80796290934086 23.723931141197681 80.115783244371414 1863.4922147542238 71.448371164500713 11.74548092484474 8.4652805775403959 25.251972787082195 1103.611823990941 133.33277344703674 625.74755427241325 11.372653990983961 648.28320920467377 1636.8959500566125 27.282720386981964 515.33472116291523 320.1598574668169 394.66337969899178 156.80036821961403 314.89364787936211 210.45565167814493 3435.058651663363 1490.8327335864305 71.061032623052597 18.741509601473808 50.545967981219292 94.255370400846004 38.572449222207069 1010.7978351712227 17.827139675617218
leaf_count=652 805 170 2386 1117 2974 5822 1167 12997 3380 3518 12065 4456 193 539 4386 75 4324 1576 2385 7449 453 92 64 142 174 11417 56 626 1546 170 3969 47 516 103 118 5572 140 43 37 115 2257 384 1534 21 1293 4490 47 1061 761 1016 332 699 612 12157 2698 236 80 118 376 96 2532 77
internal_value=0.0147379 0.0124651 0.0265503 0.0186661 0.0167297 0.00825284 0.0136511 0.00473036 0.0347859 0.0195248 0.0104761 0.0136686 -0.00621572 0.00905551 0.0231535 0.00903751 0.0149854 0.024161 0.0210352 0.0155766 -0.00423687 -0.00237329 0.0110941 0.0210065 0.00593031 0.0171954 0.0137084 0.00997808 0.00226789 0.00996121 0.01373 -0.0311654 0.00520146 0.00688983 0.00451743 0.0116362 0.0260435 0.0179582 0.0127024 -0.00483481 0.0148289 0.00858963 0.0195037 -0.0276983 0.0118016 0.0158882 0.014641 0.00519794 0.0121081 0.0167912 0.022541 0.0303684 0.000100743 0.00788229 0.0217158 -0.0167395 -0.0237184 0.00844378 -0.0372255 0.0149435 0.0113348 -0.00762316
internal_weight=51664.4 43328.1 8336.32 4259.5 21529.5 21798.6 10246.6 8462.28 4076.82 11282.9 13336.3 5995.35 372.113 215.599 2946.64 465.522 5623.23 3772.23 2748.44 8325.12 1637.64 1539.59 3022.03 146.388 105.344 7510.69 6364.21 3034.28 993.71 707.612 2040.57 62.4469 1356.24 6824.64 4551.09 2273.56 410.066 522.273 442.157 1393.2 1384.09 1312.86 2601.2 43.6256 2071.53 1665.79 433.692 1921.49 835.495 421.946 1975.46 386.342 280.483 7340.94 1960.91 286.098 234.604 69.2875 165.316 51.4938 1161.96 151.16
internal_count=130713 115724 14989 9223 46658 69066 23430 27591 5766 23228 41475 17253 1537 732 5578 1192 15716 7000 5424 18634 6819 6366 9526 429 337 16228 14769 7320 2725 1763 4595 217 4972 20772 14258 6514 942 1261 1143 5937 3039 3645 6190 163 4811 4554 1106 4796 1822 1063 4656 839 782 24222 3865 962 810 198 612 152 2993 461
cat_boundaries=0 1 2
cat_threshold=25 2
is_linear=0
shrinkage=0.05


Tree=35
num_leaves=63
num_cat=4
split_feature=0 1 3 1 0 7 3 0 3 3 5 8 5 8 5 3 3 1 0 0 1 1 3 1 0 5 1 3 3 1 3 8 5 3 0 3 3 3 0 5 1 0 1 8 0 3 3 0 5 5 1 1 3 1 7 0 3 3 5 6 5 1
split_gain=599.248 336.541 261.786 214.748 106.138 95.9537 78.6687 67.5575 59.8921 57.3028 55.1035 49.9392 50.7984 48.4729 42.1038 42.028 39.1685 38.5357 38.1287 36.6331 35.5664 34.9546 33.5272 40.2141 32.0541 38.4179 37.9791 58.1732 35.6978 31.596 30.9843 30.8956 30.3322 29.8552 28.9463 61.6482 36.1937 28.9047 43.5856 43.8633 28.7028 27.1673 26.874 25.8836 43.6833 25.6552 25.1781 24.9877 27.4055 24.8291 24.8167 24.6249 24.5367 47.7589 23.8561 23.7028 29.8221 26.8162 23.1279 32.4562 56.6908 38.1758
threshold=48.500000000000007 29907.000000000004 14.405000000000003 34164.500000000007 32.500000000000007 1.0000000180025095e-35 18.365000000000006 25.500000000000004 12.665000000000001 13.115 0.12500000000000003 0 0.78500000000000014 1 0.26500000000000007 12.845000000000001 20.055000000000003 16045.000000000002 28.500000000000004 55.500000000000007 73067.500000000015 130001.50000000001 7.7250000000000005 59170.500000000007 65.500000000000014 0.32500000000000007 91177.000000000015 23.045000000000005 24.435000000000006 19736.500000000004 9.9350000000000005 2 0.13500000000000004 22.795000000000005 22.500000000000004 11.035000000000002 3.0350000000000006 5.6150000000000011 34.500000000000007 0.85500000000000009 19180.500000000004 67.500000000000014 96531.500000000015 3 34.500000000000007 11.305000000000001 23.125000000000004 22.500000000000004 0.34500000000000003 0.23500000000000001 37381.500000000007 89545.500000000015 6.9750000000000005 51723.000000000007 1.0000000180025095e-35 36.500000000000007 8.0050000000000008 8.1850000000000005 0.31500000000000006 1.0000000180025095e-35 0.44500000000000006 49630.500000000007
decision_type=2 2 2 2 2 2 2 2 2 2 2 1 2 1 2 2 2 2 2 2 2 2 2 2 2 2 2 2 2 2 2 1 2 2 2 2 2 2 2 2 2 2 2 1 2 2 2 2 2 2 2 2 2 2 2 2 2 2 2 2 2 2
left_child=1 8 5 9 13 7 -5 -3 18 15 45 14 34 -4 30 -2 -15 -11 -1 -19 33 47 32 -24 25 -8 28 -28 51 -10 52 55 -12 -6 35 36 -13 38 39 -14 -20 42 -29 -42 -45 -9 -21 -18 -49 -44 -37 -26 -7 -54 -35 56 -25 -57 -16 60 -60 -61
right_child=3 2 4 6 20 11 24 10 29 17 22 12 37 16 58 -17 21 19 40 46 -22 -23 23 31 26 -27 27 41 -30 -31 -32 -33 -34 54 -36 50 -38 -39 -40 -41 43 -43 49 44 -46 -47 -48 48 -50 -51 -52 -53 53 -55 -56 57 -58 -59 59 61 -62 -63
leaf_value=0.030539639972410007 0.009879692390949938 0.021146180918952193 0.015393335984978935 -0.00058682480462005321 0.016711665700345466 -0.00092471950383465483 0.001286005942938726 -0.0086501469578735106 0.03990683367288167 0.045770134465232898 0.050609664728187426 -0.074518473793710072 0.036251952822748658 0.021398723505050243 0.025902626442899514 -0.063987745883360467 0.03636980649430914 0.029403527674643899 0.027500857563522288 0.01090536750474372 0.012620783666448818 0.017124806583291702 0.024035775017514457 0.055377429906093595 0.010143542130522808 0.012498855752330128 -0.031450944137638916 0.070081189317865486 -0.047962605096724675 0.02960888710580406 0.010160708818711181 0.014171159204189274 0.0058937171737579886 0.035438943048137751 -0.0057467559784173229 -0.056766754520547691 -0.0013740506033037786 0.024433313539718032 -0.066792462227687255 -0.074721953162603591 0.018430095982688074 0.032055407976758113 0.035305242331266938 0.022658528372965506 -0.014519188364544161 -0.06097023457322287 0.029583371665976101 0.01764187574632262 0.030726485885636059 -0.051582277358233376 0.035520759648517447 0.08189672276980714 0.025469122142244949 -0.04097733089959852 0.017521348999852915 -0.070327315143409272 -0.02139396220259758 0.013971267268241478 -0.003990428241935926 0.020948720285249082 0.020153708982458305 0.00088361269185673421
leaf_weight=886.2520914375782 1193.4033684208989 2433.9337381273508 1723.0671489536762 7354.6830532327294 2345.7044216841459 256.39620444178581 1042.6119545996189 99.103288933634758 1162.2654450535774 163.59713804721832 38.622731789946556 17.995229780673981 45.117706179618835 3640.3044189065695 270.517075330019 19.457060888409615 1204.8519559800625 695.20426808297634 435.14247566461563 881.31933963298798 4670.2116567790508 564.03704780340195 899.3423790037632 13.609461501240729 347.77676092088223 2868.4977146536112 198.92027293145657 7.7106457203626624 25.939531221985817 2106.3241599649191 326.99919711053371 1738.375055372715 1928.5828221514821 453.60554656386375 1641.9110424146056 7.4835605025291434 261.54880604147911 297.70301003009081 23.324386283755302 10.972192466259001 523.58893439173698 71.961850836873055 10.729488059878348 131.90322481095791 196.70078340172768 30.735460847616196 227.53449833393097 545.69766514003277 1528.7513774633408 33.572254374623299 169.57859593629837 12.312501356005667 34.664956584572792 120.76434588432312 317.70039284229279 9.8043832927942258 159.92597845196724 193.15417155623436 299.81727334856987 300.79446227103472 1277.5655662491918 1120.1442110687494
leaf_count=1366 3584 4829 3126 32094 4769 921 3114 349 1452 223 93 83 105 6407 684 82 1563 1194 753 2074 10498 958 1852 24 1048 7531 888 15 102 3132 829 4349 6057 661 5433 24 696 713 130 50 1082 204 33 228 546 117 413 925 2217 142 276 27 85 465 599 48 480 547 911 691 3256 3467
internal_value=0.0140495 0.0175226 0.0155103 0.00569253 0.0196838 0.0104541 0.00262458 0.0142877 0.0289921 0.0172414 0.0110205 0.00599161 0.000384623 0.023319 0.00942936 0.00868539 0.0250889 0.0225121 0.0225506 0.0203978 0.0153849 0.0286475 0.0118594 0.0151745 0.00773784 0.00951116 -0.00203838 -0.0146955 0.00853685 0.0332733 -0.00132069 0.011403 0.00677671 0.0195243 -0.0026482 0.00848176 -0.00612546 0.0172809 -0.00946595 0.0143601 0.0170448 0.0121524 -0.0152972 0.0116973 0.000379716 -0.0211112 0.0147449 0.0306272 0.0272879 -0.0303942 0.0315621 0.0126329 -0.0104496 -0.026119 0.0280684 -0.00169671 -0.015316 0.00984178 0.0118894 0.0106226 0.0155614 0.00513583
internal_weight=51619.8 36464.6 31022.4 15155.2 16993.9 14028.5 11974.7 7545.19 5442.18 3180.52 5111.26 6483.3 2475.63 9206.71 4007.66 1212.86 7483.64 1967.66 2173.59 1804.06 7787.22 3843.34 4981.42 3014.21 4620.03 3911.11 708.923 322.895 386.029 3268.59 738.825 2114.87 1967.21 3117.01 2098.52 456.606 279.544 377.117 79.4143 56.0899 1287.34 123.974 52.0124 852.193 328.604 129.839 1108.85 3279.3 2074.45 44.3017 177.062 360.089 411.826 155.429 771.306 376.494 173.535 202.959 3268.84 2998.32 1577.38 1420.94
internal_count=130614 77846 69287 52768 31723 37564 45198 18745 8559 7570 13916 18819 7510 15196 11309 3666 12070 3904 3975 3681 16527 5663 13450 7300 13104 10645 2459 1282 1177 4584 2300 5448 6150 6029 6512 1079 779 998 285 155 2609 394 190 1856 774 466 2487 4705 3142 175 300 1075 1471 550 1260 1099 504 595 9009 8325 4167 4158
cat_boundaries=0 1 2 3 4
cat_threshold=25 2 2 13
is_linear=0
shrinkage=0.05


Tree=36
num_leaves=63
num_cat=0
split_feature=0 1 3 1 1 2 3 2 0 3 1 0 3 1 0 0 2 5 2 2 4 3 3 2 2 6 1 2 0 0 2 3 3 1 2 5 0 5 3 3 1 0 2 5 2 1 5 0 2 2 3 1 5 3 1 0 2 2 1 2 3 1
split_gain=551.69 264.482 242.184 143.944 121.485 114.994 107.687 99.6405 77.1403 61.2266 60.2386 52.4201 51.7843 50.1388 47.8893 44.8068 44.1529 42.9353 42.479 42.3456 41.8283 39.5802 39.3546 36.252 34.4589 33.4656 50.6864 33.3038 37.5711 32.3989 32.1942 32.226 32.0107 43.7716 31.0857 30.9848 34.7108 30.2226 29.6001 39.8172 38.2531 37.2737 30.4646 37.3504 40.0268 34.9747 29.3194 28.8388 27.5932 27.4676 27.205 26.8315 27.8056 30.8578 26.255 30.6424 25.8183 43.096 33.1083 29.2015 39.4465 35.3513
threshold=38.500000000000007 26129.500000000004 11.945000000000002 61847.500000000007 32006.500000000004 132267.50000000003 18.175000000000004 203972.50000000003 48.500000000000007 19.255000000000006 49132.500000000007 65.500000000000014 4.2750000000000012 25589.000000000004 22.500000000000004 25.500000000000004 199222.50000000003 0.31500000000000006 21403.500000000004 81148.500000000015 18.000000000000004 6.5950000000000006 13.205000000000002 40522.500000000007 65593.500000000015 1.0000000180025095e-35 133214.00000000003 233702.50000000003 35.500000000000007 55.500000000000007 10704.500000000002 23.715000000000003 21.835000000000004 46974.000000000007 227080.50000000003 0.19500000000000003 32.500000000000007 0.41500000000000004 20.675000000000004 18.455000000000002 24007.000000000004 44.500000000000007 32659.500000000004 0.80500000000000016 39564.500000000007 21932.000000000004 0.27500000000000008 53.500000000000007 74304.000000000015 229982.00000000003 10.215000000000002 139489.00000000003 0.52500000000000013 3.5950000000000002 130001.50000000001 36.500000000000007 171167.50000000003 153432.00000000003 148945.50000000003 61847.500000000007 20.505000000000006 116140.00000000001
decision_type=2 2 2 2 2 2 2 2 2 2 2 2 2 2 2 2 2 2 2 2 2 2 2 2 2 2 2 2 2 2 2 2 2 2 2 2 2 2 2 2 2 2 2 2 2 2 2 2 2 2 2 2 2 2 2 2 2 2 2 2 2 2
left_child=2 7 4 5 16 23 8 24 -3 25 19 17 27 -7 -11 -14 -1 49 -10 48 21 -20 -9 32 38 35 -27 34 -29 50 31 -16 33 -4 46 36 -5 -19 39 42 -41 -40 47 44 -44 -45 -6 -2 -8 -12 -26 -48 -53 -54 55 -32 57 58 59 60 -13 -62
right_child=1 6 3 9 12 13 10 22 18 14 11 56 15 -15 30 -17 -18 37 20 -21 -22 -23 -24 -25 29 26 -28 28 -30 -31 54 -33 -34 -35 -36 -37 -38 -39 41 40 -42 -43 43 45 -46 -47 51 -49 -50 -51 -52 52 53 -55 -56 -57 -58 -59 -60 -61 61 -63
leaf_value=0.019219770667211245 0.0035425464826837633 0.0078881530050769842 0.011999875267793343 0.011042246458074613 -0.015919318889508153 0.042885104760841022 0.0080907094985294865 0.022684321817241393 -0.015851486737404909 0.029969866650386107 7.0461506672427594e-05 -0.047419058213357484 0.015972384042840456 0.029858733219133682 -0.045418481019920021 0.0074949022427097459 0.037632941788372301 0.020918179573629167 -0.0072410402644459988 0.022358454814699912 -0.0010095544165350915 0.012132501771667397 0.044211869125105718 0.023434575084137117 0.011758763871140929 0.013432824172732475 -0.00546919078018605 0.031930138567460804 -0.072415409407998441 0.010612379418540858 0.023557388398911618 0.035887988922652631 0.026418094770853547 -0.022200061942307402 -0.048696601936803002 0.019966908784521686 -0.033624202495801225 0.010126071684158454 -0.061772285322052402 -0.081507165000496803 0.032906084085931001 0.031795419326431311 0.051246920709686609 -0.00071993644797514809 -0.010616724315549539 0.11441663112080087 0.0055569462536730046 -0.048721789441009855 -0.040466587804551576 0.022678043872655554 0.029065430789637983 -0.069992580342857755 -0.034778840605159532 0.045715821879865351 0.011429816967914046 0.0063287614864762035 0.0069351443828985521 -0.073831279595270138 0.10026051778015739 -0.023769619315987936 0.036167697050660315 -0.034056023943260551
leaf_weight=1214.6834089308977 60.682420253753662 5262.3497834429145 394.43113557994366 223.30934791266918 247.05968172848225 1022.2196228802204 402.69560843706131 354.25776375830173 397.27512041479349 1400.2407088279724 1365.3344850689173 26.630804471671581 2778.631782501936 2697.0372571349144 37.084629148244858 3558.7705095857382 446.32159204781055 791.33793133497238 332.52086331695318 1460.1307934522629 5942.3648117333651 1266.402404204011 536.00511500239372 2376.3361160606146 316.87695620954037 2135.6454177647829 424.8142821341753 122.85478033125401 9.1579609513282758 717.15462191402912 2617.4103726744652 17.977385729551315 227.08059500157833 122.48592489957809 34.221856936812401 2514.0679981708527 53.89276210963726 3633.4281449764967 11.565067082643507 28.705305635929108 9.653834253549574 118.83660577237606 34.585578992962837 10.849227905273439 105.92330029606819 16.386429876089096 944.92596226930618 46.375850416719913 31.427320748567581 148.97422403097153 813.09935779869556 23.85222914814949 31.585730239748955 18.955926701426506 765.75718830525875 287.31928144395351 234.37782528996468 28.016652897000313 6.6446712464094153 196.61805772781372 81.045290365815163 22.847054079174995
leaf_count=2276 230 16145 810 464 940 1146 1091 601 2391 1993 3906 167 5963 3854 111 9531 559 1852 1850 2735 25185 4512 621 3935 720 4479 1049 255 43 1707 4291 27 355 344 127 4802 168 9063 40 123 21 248 108 41 431 31 2934 268 106 311 1284 119 136 48 1450 601 700 130 14 822 242 108
internal_value=0.013364 0.00799347 0.0183454 0.0218569 0.0118971 0.0275006 0.00601344 0.0214555 0.0031937 0.018172 0.0104286 0.00815137 0.00927207 0.0334414 0.0220795 0.0112128 0.0241725 0.00957048 8.11338e-05 0.0182815 0.000921326 0.00810015 0.0356546 0.0204171 0.0159336 0.0144281 0.0102947 0.000683121 0.0246043 0.0189392 0.0191119 -0.0187649 0.0107709 0.00388364 -0.00174277 0.0182174 0.00233131 0.0120577 0.00340454 -0.0049179 -0.0525721 0.0234178 0.00173256 0.0150458 0.00460077 0.0685346 -0.000466229 -0.0190752 0.00455549 0.0022992 0.0242181 0.00327553 -0.0256036 -0.00445948 0.019682 0.0218552 -0.00597644 -0.0143541 -0.0093262 -0.0115973 0.00670481 0.0206588
internal_weight=51559.5 24811.4 26748.1 17317.1 9431.02 6839.59 21630.4 3180.96 13200.9 10477.5 8429.51 6535.26 7770.02 3719.26 5125.79 6337.4 1661.01 5939.07 7938.56 1894.25 7541.29 1598.92 890.263 3120.33 2290.69 5351.73 2560.46 1432.61 132.013 1847.13 3725.55 55.062 743.998 516.917 1300.6 2791.27 277.202 4424.77 443.564 313.162 38.3591 130.402 274.803 167.745 140.509 27.2357 1266.38 107.058 434.123 1514.31 1129.98 1019.32 74.3939 50.5417 3670.49 2904.73 596.18 361.803 333.786 327.141 130.523 103.892
internal_count=130614 77804 52810 29879 22931 10444 71330 6474 50083 19435 21247 17315 20096 5000 8473 15494 2835 15132 33938 3932 31547 6362 1222 5444 5252 10962 5528 4602 298 3711 6480 138 1509 1154 4304 5434 632 10915 1541 1253 144 288 1109 611 539 72 4177 498 1197 4217 2004 3237 303 184 6342 4892 2183 1483 1353 1339 517 350
is_linear=0
shrinkage=0.05


Tree=37
num_leaves=63
num_cat=4
split_feature=0 1 3 1 3 1 3 0 1 1 7 1 0 0 5 3 0 3 1 6 1 5 5 8 7 8 3 3 1 5 1 5 8 1 7 0 3 5 1 7 3 6 7 5 5 1 3 3 1 3 3 3 8 5 6 1 1 1 1 3 1 5
split_gain=502.809 240.664 222.724 162.393 97.1323 90.1035 73.3153 71.1477 54.649 54.1304 51.3713 47.9557 46.7073 46.3103 44.8756 44.7723 44.4334 43.3506 51.9808 42.6662 42.1807 42.0646 41.8213 40.4828 40.2751 40.2639 38.3935 50.4136 59.8813 45.9712 53.3543 41.4833 38.1959 34.7285 32.7292 31.9592 30.4222 29.7926 29.6401 38.4573 29.2347 36.4594 34.7786 29.1033 28.6635 48.6469 48.9658 37.8403 36.6584 32.8581 28.1335 28.1099 27.6548 27.4009 27.1945 43.0321 42.5811 38.0738 27.3413 35.4012 36.6643 58.5634
threshold=38.500000000000007 26129.500000000004 9.9350000000000005 61847.500000000007 18.175000000000004 22475.500000000004 19.255000000000006 56.500000000000007 50180.000000000007 21932.000000000004 1.0000000180025095e-35 18109.000000000004 23.500000000000004 65.500000000000014 0.35500000000000004 19.885000000000002 22.500000000000004 3.4950000000000006 112026.50000000001 1.0000000180025095e-35 55455.500000000007 0.7350000000000001 0.31500000000000006 0 1.0000000180025095e-35 1 10.025 8.1850000000000005 60791.500000000007 0.23500000000000001 41611.500000000007 0.55500000000000016 2 146358.50000000003 1.0000000180025095e-35 68.500000000000014 3.3150000000000004 0.41500000000000004 146913.50000000003 1.0000000180025095e-35 13.955000000000002 1.0000000180025095e-35 1.0000000180025095e-35 0.56500000000000006 0.43500000000000005 82095.500000000015 6.785000000000001 8.0050000000000008 78368.500000000015 4.4650000000000007 18.455000000000002 2.7550000000000003 3 0.38500000000000006 1.0000000180025095e-35 99197.000000000015 140534.50000000003 95464.500000000015 136936.50000000003 5.5250000000000012 73582.500000000015 0.81500000000000006
decision_type=2 2 2 2 2 2 2 2 2 2 2 2 2 2 2 2 2 2 2 2 2 2 2 1 2 1 2 2 2 2 2 2 1 2 2 2 2 2 2 2 2 2 2 2 2 2 2 2 2 2 2 2 1 2 2 2 2 2 2 2 2 2
left_child=2 11 5 9 7 -1 19 14 -6 -4 12 52 -7 22 38 -13 -8 18 20 -5 43 32 25 40 -11 50 27 28 29 -25 31 -31 -12 -34 -16 -32 -22 -24 -3 -40 41 51 44 -14 45 46 48 -48 -43 -47 -10 -9 -2 -49 58 57 -57 -56 59 60 -23 -62
right_child=1 4 3 6 8 10 16 23 13 24 21 15 17 -15 34 -17 -18 -19 -20 -21 36 54 37 26 -26 -27 -28 -29 -30 30 35 -33 33 -35 -36 -37 -38 -39 39 -41 -42 42 -44 -45 -46 49 47 53 -50 -51 -52 -53 -54 -55 55 56 -58 -59 -60 -61 61 -63
leaf_value=0.028233002986827113 0.034927005446778722 -0.00076488164129618935 0.034970632304479075 0.016953069375858252 0.017207973969496918 0.020352454789913078 0.028709791961415695 -0.033090336566980232 -0.054331696248336739 0.027705155800985138 0.0077105831703995686 0.011470528737333608 -0.05622097063904339 -0.0056846855498749772 0.011344595830487579 0.027689218498556996 0.018215272070459827 0.011049364437026374 -0.04002522109042711 0.0089430736402938936 0.023920665645669168 -0.040499501517014182 0.020302680429767343 -0.041782312584372434 0.019718260943713678 -0.0054131692633853749 -0.0011913423253806493 -0.033599820407201379 -0.01770260950096491 0.020486768087468691 0.044684611851836309 -0.042897008040991808 -0.004032970715012716 -0.055439941850541866 0.0040384919106260502 -0.061370464458264079 -0.04080216352306193 0.0095538708641735443 0.054773692109367493 -0.020966967548101002 -0.0059804091087112257 -0.042463206710630808 -0.014673565403880557 0.0031051758450389884 -0.0035571045909482202 0.062373013914394496 0.1506239954555593 0.032704321260369644 0.12249540229577281 -0.029232363739564029 0.012801558329222088 0.017651205034968875 0.016158633060623956 0.11823999910643108 0.011401910953128817 -0.043300186404064661 0.02522940478689352 0.10075392923490428 0.058819508030045611 0.031168588545527478 0.054805332942950535 -0.037391127408364921
leaf_weight=616.53313326835632 708.9792582988739 2551.1004800796509 1357.3060597628355 3465.8780734241009 1963.7235813587904 1191.3326369225979 1388.9104805886745 28.320965379476547 15.87246662378311 3373.1506892740726 961.79169733822346 1505.1763075068593 40.804253622889519 588.57496343553066 3311.3060090690851 594.4877912402153 3713.8841417580843 2052.1047475188971 92.613488435745239 3203.4557205140591 163.80712628364563 42.614095494151115 786.97793816030025 35.730424612760544 2982.8814873993397 842.53480273485184 1529.5454769730568 242.78826554864645 512.20956769585609 56.704627834260464 132.41794195771217 47.15305482596159 1303.9010958820581 33.625026136636734 2859.4656741321087 7.3822446390986434 20.275326058268547 3596.5896376371384 52.578797206282616 24.399527244269848 563.90636213868856 18.90924741327763 269.17345576733351 41.470117896795273 183.75585301965475 12.358322270214556 12.293499931693075 40.39678168296814 3.9869144558906546 45.366006053984165 640.4616419672966 657.35024342685938 360.29471635818481 12.265859395265577 187.94393756985664 73.602044686675072 32.558390974998474 12.657872766256331 48.215669468045235 196.43191434442997 43.066087618470192 28.511977508664131
leaf_count=981 1148 9054 1787 6928 4103 2411 1993 199 65 5166 2690 3623 159 2164 9943 989 6480 5056 390 7115 459 152 1830 221 5164 2481 6233 1438 3487 238 568 245 3987 139 10022 49 76 8968 127 110 2192 117 1495 112 901 67 27 136 11 267 1636 2908 714 28 488 282 86 16 90 401 94 108
internal_value=0.0127156 0.00759257 0.017482 0.0202567 0.00570813 0.00995513 0.0165604 0.00303124 0.00990014 0.025897 0.00823806 0.0204622 0.0122504 0.00768146 0.00562968 0.0160661 0.0210732 0.00824432 -0.00777581 0.0131066 0.00342951 0.00336111 0.00901975 -0.00214969 0.0239581 0.00180585 -0.00620256 -0.0136669 -0.00754359 0.011063 0.0188468 -0.00825597 0.000154448 -0.00529354 0.00795996 0.0390087 0.0167465 0.0114852 0.00015614 0.0307055 0.00348506 0.0076727 -0.00133721 -0.0262897 0.00954897 0.0261177 0.0495354 0.0716814 -0.0131137 -0.00945996 0.0109949 0.0155436 0.0290874 0.0529079 0.0144293 0.00347747 -0.0222318 0.0171123 0.0237743 0.0183012 -0.0037973 0.0180097
internal_weight=51483.9 24814.5 26669.3 19485.5 21645.6 7183.86 11772.1 13210.9 8434.74 7713.34 6567.33 3168.94 3602.41 6471.01 8798.85 2099.66 5102.79 2411.08 358.97 6669.33 266.357 2964.92 5882.44 4412.02 6356.03 1498.87 2563.93 1034.39 791.598 279.388 243.658 103.858 2299.32 1337.53 6170.77 139.8 184.082 4383.57 2628.08 76.9783 1848.08 1284.18 598.506 82.2744 329.332 145.577 87.8523 64.9561 22.8962 57.7243 656.334 685.671 1069.27 52.6626 665.602 306.762 106.16 200.602 358.84 310.624 114.192 71.5781
internal_count=130614 77804 52810 34633 71330 18177 22516 50083 21247 12117 17196 6474 8663 17144 29256 4612 8473 6252 1196 14043 806 8533 14980 20827 10330 4182 12479 6246 4808 1321 1100 483 6816 4126 19965 617 535 10798 9291 237 8348 6156 3049 271 1554 653 319 191 128 334 1701 3107 1862 164 1717 872 368 504 845 755 354 202
cat_boundaries=0 1 2 3 4
cat_threshold=5 20 17 19
is_linear=0
shrinkage=0.05


Tree=38
num_leaves=63
num_cat=0
split_feature=0 1 3 1 2 0 7 3 0 5 2 2 3 3 3 0 5 3 0 2 1 3 2 5 3 2 0 5 1 1 2 0 5 6 5 2 2 3 3 3 1 2 1 1 6 0 1 2 5 1 3 1 6 3 1 1 3 2 2 1 1 2
split_gain=461.421 272.432 208.132 163.655 135.816 83.1536 79.7523 57.1035 53.823 48.6515 48.083 45.7002 53.2556 40.095 39.1572 38.7808 41.1204 36.7743 35.6682 33.6118 32.8472 32.2305 31.7433 30.6853 36.4559 31.4677 29.8951 29.5647 45.234 29.0348 28.8896 28.6014 47.2598 43.4114 33.3739 31.7519 36.5941 31.89 26.8028 35.0798 33.0992 54.7935 31.5493 48.613 37.2916 29.8958 28.3831 26.7587 26.4227 39.2575 46.8631 38.0704 41.1937 31.2442 34.6642 26.9487 26.2793 42.9826 36.8825 45.8622 46.9921 43.1298
threshold=48.500000000000007 29907.000000000004 14.405000000000003 34164.500000000007 161269.00000000003 32.500000000000007 1.0000000180025095e-35 18.365000000000006 25.500000000000004 0.12500000000000003 196387.50000000003 174029.50000000003 19.435000000000006 12.215000000000002 13.205000000000002 55.500000000000007 0.19500000000000003 16.055000000000003 30.500000000000004 85049.500000000015 135825.00000000003 23.285000000000004 21403.500000000004 0.27500000000000008 4.2750000000000012 204951.50000000003 25.500000000000004 0.31500000000000006 34164.500000000007 25070.500000000004 98576.000000000015 22.500000000000004 0.52500000000000013 1.0000000180025095e-35 0.56500000000000006 184575.00000000003 174029.50000000003 11.125000000000002 3.4950000000000006 3.7850000000000006 44823.500000000007 129375.50000000001 113057.50000000001 54392.500000000007 1.0000000180025095e-35 27.500000000000004 63990.500000000007 235631.50000000003 0.22500000000000003 133214.00000000003 11.215000000000002 70972.500000000015 1.0000000180025095e-35 10.495000000000003 147447.50000000003 136936.50000000003 6.785000000000001 13564.500000000002 221239.50000000003 85268.000000000015 88463.500000000015 118757.00000000001
decision_type=2 2 2 2 2 2 2 2 2 2 2 2 2 2 2 2 2 2 2 2 2 2 2 2 2 2 2 2 2 2 2 2 2 2 2 2 2 2 2 2 2 2 2 2 2 2 2 2 2 2 2 2 2 2 2 2 2 2 2 2 2 2
left_child=1 4 6 10 18 11 8 22 47 -10 15 12 -4 -6 -12 -2 29 30 -1 -20 -13 -7 -5 24 25 -8 -14 28 -25 -17 -18 35 -33 34 -34 36 -29 -38 42 -40 41 45 43 -11 -45 -41 -46 -3 49 -26 55 -50 -53 54 -54 -51 57 -42 59 -59 -61 -62
right_child=3 2 5 7 13 21 23 -9 9 38 14 20 26 -15 -16 16 17 -19 19 -21 -22 -23 -24 27 48 -27 -28 31 -30 -31 -32 32 33 -35 -36 -37 37 -39 39 40 56 -43 -44 44 46 -47 -48 -49 51 50 -52 52 53 -55 -56 -57 -58 58 -60 60 61 -63
leaf_value=0.024024833249926641 0.019223076094239101 0.016796135025161245 0.01230967913384487 -0.014822082377124743 0.026320382844063718 0.01174751026638253 -0.035732568904575226 0.006442216213373245 -0.020777859062702221 -0.02511763454896615 0.011421796991082558 0.027027199273612124 0.025820470018289202 0.039582135017861321 0.032285557156524008 -0.00069782952613821163 -0.015054567243743891 0.01695481485496152 0.0042501357742603793 0.019420973908140439 0.0097087639591578265 0.019949980459855989 0.00011909586663549146 -0.091886921610445996 0.0099774872872401017 0.011594686126053109 0.016401234846449994 0.0092282787223606031 0.023530912817561551 -0.048819705295765042 0.0076586360626905471 -0.0044300458511398562 0.035211333644223991 0.00048110263884860641 0.010693472964700591 0.025513266052847872 -0.090497508703367965 0.014180550547442184 0.038124693583421486 -0.064796460990586058 -0.070222474797276044 0.031911902374050859 -0.022267606146491124 0.034673005389509862 0.0513144404247768 0.0070336468771567814 -0.01707792977794793 0.03483066076254672 -0.038241564755280288 -0.075281638478275029 -0.085446553864446051 -0.024400083606462487 -0.022102852240781335 0.041758587208556228 0.10043248106615772 0.0086994379608256404 0.011160501998441989 -0.017997377976524686 0.026828649416226036 0.066445133326621997 0.018470169726215704 -0.013265279540015771
leaf_weight=1421.4402326494455 850.02616837620735 2205.7142223566771 2540.4409696757793 374.43673974275589 939.30623757839203 6298.8961282074451 130.55772980302572 4639.8825421258807 129.5237994492054 87.423847779631615 366.47297604382038 2774.1610128283501 2002.9876229465008 1466.1418739110231 586.39937983453274 73.579634733498096 214.779600225389 624.9512353092432 638.07340788841248 856.62191727757454 304.97340613603592 1482.0938759595156 6977.6579326763749 8.5943664014339429 726.6437449157238 47.786486372351646 1462.5996662676334 655.05742871761322 338.58197236061096 54.7926906645298 401.60366909205914 1251.6547288149595 157.05902022123337 1200.4888344556093 1206.8630560338497 337.29398468136787 17.50740705430508 12.23381048440933 119.65884940326214 15.281404703855513 20.4182208776474 423.23568715155125 128.55109587311745 143.8096794039011 18.383676469326019 247.0772417485714 84.215659260749817 227.55188374221325 91.215665265917778 11.180483087897299 23.355655819177628 96.852193802595139 50.940880626440048 68.44349679350853 6.4010992944240561 62.01680763065815 2852.4049427509308 266.35359324514866 136.58721040189266 31.969209104776382 229.71430866420269 200.20950499176979
leaf_count=2296 1928 4491 4990 2281 1402 13830 632 13104 466 326 785 4111 2976 1742 847 218 1045 1368 1610 1509 558 2697 29813 38 2012 145 2561 1584 876 245 1134 4027 369 3760 3336 601 72 23 311 56 103 718 555 410 49 668 342 338 320 52 100 332 196 140 10 194 7220 924 313 67 715 673
internal_value=0.0120953 0.0151586 0.0133605 0.0047712 0.0256095 0.0171066 0.00886918 0.002099 0.0123586 0.00945363 0.0148698 0.0203567 0.0178141 0.0344069 0.0242687 0.0108319 0.00561973 0.00840899 0.01835 0.0129487 0.0253139 0.0133108 -0.000641358 0.00480595 -0.0020115 -0.023024 0.0218473 0.00653634 0.0206337 -0.0212984 -0.000248859 0.0055233 0.00353173 0.00741974 0.0135228 0.012953 0.0067564 -0.0473682 0.0102373 0.0114047 0.0106799 0.0207838 -0.00122128 0.00687243 0.0182481 0.00280767 -0.00473671 0.0184861 0.00128162 0.00599181 -0.0239314 -0.0110546 7.36761e-05 0.0189621 -0.00818613 -0.0041452 0.00882471 0.00129239 0.00299452 -0.00147193 0.00804859 0.00368014
internal_weight=51421.1 36256.5 30935 15164.6 5321.58 16866.2 14068.8 11992 7568.08 5134.82 3172.61 9085.16 6006.03 2405.45 952.872 2219.73 1369.71 1241.33 2916.14 1494.7 3079.13 7780.99 7352.09 6500.73 1315.39 178.344 3465.59 5185.33 347.176 128.372 616.383 4838.16 3816.07 2564.41 1363.92 1022.09 684.799 29.7412 5005.29 4542.91 4423.25 685.594 462.384 333.833 246.409 262.359 102.599 2433.27 1137.05 823.197 96.5529 313.853 222.638 125.785 57.342 73.1973 3737.66 885.252 864.834 728.247 461.893 429.924
internal_count=130614 77846 69287 52768 8559 31723 37564 45198 18745 13916 7570 15196 10527 3144 1632 5938 4010 3547 5415 3119 4669 16527 32094 18819 4133 777 5537 14686 914 463 2179 13772 11492 7465 3705 2280 1679 95 13450 11768 11457 1442 1682 1127 801 724 391 4829 3356 2358 346 998 678 346 206 246 10015 2795 2692 2379 1455 1388
is_linear=0
shrinkage=0.05


Tree=39
num_leaves=63
num_cat=3
split_feature=0 1 1 8 2 0 2 2 1 7 0 0 1 2 2 2 1 2 2 2 1 2 1 2 8 1 4 1 7 1 1 2 1 6 1 1 2 2 1 0 1 2 6 4 2 2 2 2 2 2 4 1 8 1 2 0 1 2 2 4 1 1
split_gain=422.325 201.026 196.295 96.4684 89.7576 81.4989 81.4801 57.5438 75.8425 52.5383 47.2684 47.2668 40.7671 38.0032 36.6875 34.1773 33.9808 31.0787 42.8158 38.3659 31.9816 40.248 30.1213 29.3633 33.4691 61.1833 40.8604 32.1012 28.0593 27.0641 58.1701 38.1603 35.5223 27.6218 26.7096 26.6182 26.4732 28.3894 26.2741 26.0963 36.7999 37.6626 27.8501 28.4618 26.5809 26.4135 26.2336 25.5211 26.2671 49.7859 40.0957 44.5991 25.4671 60.1602 27.2822 25.3378 25.1623 25.0462 24.8707 25.1954 26.2047 38.2294
threshold=38.500000000000007 26129.500000000004 29907.000000000004 0 177849.50000000003 48.500000000000007 195440.00000000003 186616.00000000003 66142.500000000015 1.0000000180025095e-35 20.500000000000004 65.500000000000014 27765.500000000004 65593.500000000015 97616.500000000015 106303.50000000001 18667.500000000004 170192.00000000003 245227.00000000003 127441.50000000001 45378.500000000007 142095.50000000003 142097.50000000003 72430.500000000015 1 110444.50000000001 18.000000000000004 54948.500000000007 1.0000000180025095e-35 123118.50000000001 97560.500000000015 74304.000000000015 48079.500000000007 1.0000000180025095e-35 20825.500000000004 29367.500000000004 100458.50000000001 229052.00000000003 77870.500000000015 21.500000000000004 96531.500000000015 28045.000000000004 1.0000000180025095e-35 30.000000000000004 48080.500000000007 158370.00000000003 237613.50000000003 74304.000000000015 181680.50000000003 184575.00000000003 30.000000000000004 148421.50000000003 2 139489.00000000003 29034.000000000004 62.500000000000007 32006.500000000004 30846.000000000004 157378.50000000003 18.000000000000004 95464.500000000015 102455.50000000001
decision_type=2 2 2 1 2 2 2 2 2 2 2 2 2 2 2 2 2 2 2 2 2 2 2 2 1 2 2 2 2 2 2 2 2 2 2 2 2 2 2 2 2 2 2 2 2 2 2 2 2 2 2 2 1 2 2 2 2 2 2 2 2 2
left_child=2 4 6 39 57 9 13 10 -9 52 -5 23 -13 -1 22 38 -6 19 35 -14 21 -21 29 -7 25 -25 -26 36 -12 30 31 -11 -33 -31 -15 -19 -28 55 -16 -4 45 -42 -43 46 -45 56 -44 -27 -49 -50 -51 -52 53 54 -3 -38 -41 -2 59 60 -22 -62
right_child=1 5 3 7 16 11 -8 8 -10 14 28 12 17 34 15 -17 -18 18 -20 20 58 -23 -24 24 26 47 27 -29 -30 33 -32 32 -34 -35 -36 -37 37 -39 -40 40 41 42 43 44 -46 -47 -48 48 49 50 51 -53 -54 -55 -56 -57 -58 -59 -60 -61 61 -63
leaf_value=0.011760348781317393 -0.0065031205049250283 0.050054324593829559 0.014700937626195105 0.02066624890760365 0.038517934687504148 -0.00078046937777395133 0.038069392652885496 0.028116914827871382 0.015709664820806265 -0.0024448323546561518 0.014957199809733219 -0.066306986930972048 -0.0031276486977040944 0.031783439464240837 0.04814524923844242 0.006540118836806991 0.021974457793000904 -0.090266622587092643 -0.045425765512972782 -0.070499475295108874 -0.030026367388334575 0.027277492233672443 0.024594910560608252 0.0048235238238624857 0.014095734746917705 0.070681446969422274 0.026571019392944012 0.0024145152302427579 0.0098589202963609481 -0.0050982288542619318 0.018313858560700121 -0.0011871126578827554 -0.047697442246710797 -0.046462515540865397 0.020256541422630302 0.0075629447699466848 0.0013995006996826058 0.02467087335641216 0.0085362135058388161 -0.040251502031371789 0.023528935005285061 0.0033012388683689416 -0.022310947632142163 -0.055585227605166869 -0.00011667888348384273 0.016326936001997396 -0.10074480120641399 -0.029931423969685886 0.083176696675070327 -0.050741318940342089 -0.0050540265425523048 0.11659447206684154 0.010536192187350227 -0.030309132934965868 0.0203850725591459 0.021845953813957944 0.0058319696214623115 0.013455473337902053 -0.056057591473892866 -0.031041750274233577 0.12231885516797938 -0.0063709149979063063
leaf_weight=702.66946676373482 172.8879562318325 85.897132754325867 928.41373217105865 2153.0754528641701 528.85581973195076 2548.0728414878249 1072.255218192935 1890.3186697214842 3547.4978338778019 563.60098908096552 5727.7092637121677 26.094670377671719 885.25964755564928 889.82149223983288 90.403202265501022 2543.1895765066147 759.11299031972885 6.909914717078208 41.429990522563457 12.995148740708826 19.75597420334816 53.319817140698433 95.989995144307613 1111.4372446238995 1509.3542732894421 7.9435684829950324 230.55221828818321 3944.0182228684425 5122.7310294061899 92.060634270310402 271.74396501481533 68.113578021526337 104.11578500270844 72.236443139612675 1167.0774383991957 768.98702415078878 899.16598396003246 217.16964071989059 78.665413692593575 30.325880363583565 139.12168587744236 637.16368764638901 197.73175363987684 22.926323890686035 351.24450382590294 836.4211797863245 11.229144439101217 240.35119123756886 14.706710487604139 48.347412496805191 108.10453771054745 7.9958023726940146 3601.393103286624 55.568703711032867 816.98518903553486 182.30097787082195 1090.9117750674486 1690.6176965087652 71.374190986156464 152.28873156011105 9.8588829562068003 13.538534723222254
leaf_count=1431 643 185 1780 3949 662 10979 1300 2910 6864 1939 11863 116 4471 1215 184 6745 1265 29 187 67 93 146 304 3726 4642 23 673 13876 11915 332 875 200 436 337 1887 2706 2553 474 248 87 321 1497 581 88 872 1593 47 1109 35 221 391 13 9166 189 1869 513 2610 3904 393 791 19 75
internal_value=0.0115093 0.00682178 0.0158969 0.0141284 0.0186215 0.00510554 0.0263657 0.0156942 0.0200241 0.00890791 0.013895 0.00263223 -0.00431724 0.0218151 0.00470807 0.00799049 0.0287738 -0.00351696 0.00402148 -0.00857795 -0.0230412 0.00796443 -0.00230994 0.00392712 0.00533536 -0.0013471 0.00680101 0.00480062 0.0125508 -0.00451994 -0.00144535 -0.00875077 -0.0293438 -0.0233325 0.0252469 0.00667374 0.0109509 0.00817216 0.0297612 0.00727145 0.00521205 -0.0011045 -0.00391867 -0.0118153 -0.00354267 0.00960072 -0.0265959 -0.0174323 -0.0191292 -0.00460047 -0.0125266 0.00337398 0.0125725 0.0198994 0.0232185 0.00485245 0.00457762 0.0116009 -0.0307663 -0.0214805 0.0121393 0.0479316
internal_weight=51341.4 24822.8 26518.6 22686.8 3151.47 21671.3 3831.82 18441.3 5437.82 8539.96 13003.5 13131.3 2061.81 2759.57 3980.12 2712.26 1287.97 2035.72 817.327 1218.39 333.131 66.315 1267.86 11069.5 8521.45 1538.89 6982.56 5473.21 10850.4 1171.87 1007.57 735.83 172.229 164.297 2056.9 775.897 1529.19 1298.64 169.069 4245.49 3317.08 1359.42 1220.3 583.132 374.171 1957.66 208.961 427.449 419.506 179.154 164.448 116.1 4559.84 958.451 902.882 1081.47 1121.24 1863.51 266.816 195.442 43.1534 23.3974
internal_count=130614 77804 52810 46977 6474 71330 5833 37501 9774 23009 27727 48321 9093 4533 11600 7177 1927 8977 2922 6055 1584 213 4423 39228 28249 5518 22731 18089 23778 4119 3450 2575 636 669 3102 2735 4213 3540 432 9476 7696 3406 3085 1588 960 4290 628 1792 1769 660 625 404 11409 2243 2054 3066 2697 4547 1371 978 187 94
cat_boundaries=0 1 2 3
cat_threshold=2 2 1
is_linear=0
shrinkage=0.05


Tree=40
num_leaves=63
num_cat=0
split_feature=0 1 1 2 0 2 6 0 2 1 2 0 5 7 5 2 1 6 5 1 1 1 2 1 4 2 1 1 5 2 1 0 2 0 2 1 1 7 0 2 1 5 0 0 5 7 1 2 5 5 2 1 1 4 2 1 0 5 1 7 1 5
split_gain=509.788 229.884 166.468 126.463 111.666 85.9094 64.8397 58.7482 46.6848 46.478 44.9563 42.1079 38.8597 38.5116 40.5367 37.0392 35.9691 30.528 29.0395 28.8235 28.8766 28.4969 34.8352 29.9824 25.4427 25.016 23.9479 23.2897 35.0746 27.2461 22.9902 22.9249 23.8706 22.7223 32.0028 29.054 31.3663 26.1006 25.1882 24.4768 24.4298 24.2579 22.4918 22.6074 33.3203 47.1579 22.1032 21.9882 21.4921 21.4619 22.7579 26.3975 38.0826 22.3123 25.693 22.0812 28.6313 21.4702 28.9106 21.0774 20.6408 20.6022
threshold=44.500000000000007 29907.000000000004 26129.500000000004 161269.00000000003 22.500000000000004 197298.50000000003 1.0000000180025095e-35 65.500000000000014 128393.00000000001 47524.500000000007 69474.000000000015 41.500000000000007 0.46500000000000002 1.0000000180025095e-35 0.57500000000000007 84097.500000000015 28285.000000000004 1.0000000180025095e-35 0.10500000000000002 29907.000000000004 147447.50000000003 43258.500000000007 6913.5000000000009 29367.500000000004 18.000000000000004 19483.500000000004 51723.000000000007 48640.500000000007 0.71500000000000008 243335.50000000003 19180.500000000004 24.500000000000004 220299.50000000003 40.500000000000007 9752.5000000000018 83723.500000000015 85268.000000000015 1.0000000180025095e-35 41.500000000000007 20463.500000000004 147447.50000000003 0.67500000000000016 60.500000000000007 62.500000000000007 0.58500000000000008 1.0000000180025095e-35 149462.50000000003 215474.00000000003 0.89500000000000013 0.57500000000000007 206882.00000000003 68316.500000000015 114582.00000000001 30.000000000000004 215474.00000000003 130530.50000000001 31.500000000000004 0.58500000000000008 130001.50000000001 1.0000000180025095e-35 144760.50000000003 0.71500000000000008
decision_type=2 2 2 2 2 2 2 2 2 2 2 2 2 2 2 2 2 2 2 2 2 2 2 2 2 2 2 2 2 2 2 2 2 2 2 2 2 2 2 2 2 2 2 2 2 2 2 2 2 2 2 2 2 2 2 2 2 2 2 2 2 2
left_child=1 3 5 10 17 25 12 13 18 -10 11 -1 -6 14 21 -14 -9 26 -8 -16 -21 23 -23 24 -4 -2 -3 28 -15 -29 -7 -5 -33 41 -35 -36 -37 39 -39 -38 -40 46 -27 44 -44 -46 -20 -25 -19 50 -17 -52 53 54 -53 -54 -57 58 -51 -55 -24 -22
right_child=2 4 7 31 6 30 8 16 9 -11 -12 -13 15 27 19 49 -18 48 33 20 61 22 60 47 -26 42 -28 29 -30 -31 -32 32 -34 34 35 36 37 38 40 -41 -42 -43 43 -45 45 -47 -48 -49 -50 57 51 52 55 59 -56 56 -58 -59 -60 -61 -62 -63
leaf_value=0.010995994639364907 -0.019373720702116622 0.03086272043834698 -0.059961688699380261 0.042352500730014286 0.010579644417758821 0.038794173075095389 0.049684496677426915 -0.055450758783220026 0.021020942137766913 0.0093655806075347899 0.022196575356955836 -0.03583618872504659 0.010382246242722756 0.0020805292345476094 0.032784659761844741 0.028784132737095076 -0.0044747150205061703 0.015517345272034048 0.0029791621324820935 0.0085796168269221835 0.0083226815131020645 -0.066415117149279557 0.00065497871572825495 0.012044206980456293 -1.4950403264890931e-05 0.015216531376551719 0.020109385597180628 -0.0013361659281617877 0.020072775795391261 0.017989561879057262 0.021701201618970632 0.025934967510751819 0.03902856115903678 -0.071776018986919918 -0.014024840997638344 0.071148921523682337 0.06023243107911988 -0.051467377769568813 -0.0071256696108403135 0.0086669773102311994 0.088075967961968524 0.011757711459587428 -0.048805017255573374 0.0074852140452676729 -0.059297687798871158 0.050489527340060639 0.058934670258228017 0.036593767943316556 -0.053034189926890421 0.0017834865174566031 0.030541370897152371 0.0031309096165091557 0.041907436121296229 -0.042673540705440466 -0.10111269428615255 0.026307188206575967 -0.065577991446776354 0.017483394376277297 -0.094109483221450713 0.019612393369058193 0.01740954899962217 0.058813982592704622
leaf_weight=813.99233001470566 68.983981259167194 652.32243441045284 21.249863527715206 598.43484261631966 4872.1682579964399 385.25329172611237 35.703053385019302 35.129402987658978 1050.5288363695145 4628.8885240256786 1736.6454621255398 50.865225121378899 1770.5133268386126 1105.8968686163425 137.87040308117867 878.62902195751667 2023.5299409031868 2958.2561647742987 2790.0472479835153 2968.1894955411553 34.432620286941528 18.848190024495125 3442.5470767617226 499.03942783176899 104.51422398537397 1131.1066563799977 2564.510856077075 5046.9408040121198 359.0008894354105 189.0969995111227 407.38585624098778 955.4758225530386 553.25799889862537 16.843757979571819 293.31991254538298 18.000353828072548 26.304695680737495 31.798258423805237 115.81044545769691 183.1332770884037 7.0526482015848151 1230.8455408513546 47.77041083574295 405.23675586283207 14.960053503513334 27.733919829130173 17.672035053372383 111.98330435156822 11.350305035710333 65.00559401512146 120.83710658550262 9.0930276811122912 55.452984049916267 23.638270556926727 16.290412530303001 22.297611951828003 13.518018096685408 3308.0836756527424 8.8268610835075361 31.555413320660591 194.15464702248573 49.808927595615387
leaf_count=1705 293 996 81 682 11138 480 62 159 1855 10408 2803 192 4309 3411 282 1654 9036 5613 7172 9176 104 113 11835 1411 290 2477 4622 19303 939 555 683 1389 668 87 1002 38 52 140 418 541 15 2889 180 1092 60 56 30 202 35 151 186 19 92 72 68 39 51 6622 37 65 618 111
internal_value=0.0109285 0.0147179 0.00438061 0.0249363 0.0129887 0.0164282 0.0112946 0.00254573 0.00845988 0.0115227 0.0175565 0.00823203 0.0139389 0.00368405 0.00612479 0.016526 -0.00534966 0.0189139 0.00480926 0.0104149 0.00940188 0.00300741 0.00119768 0.0119782 -0.0102232 0.0100712 0.0222924 0.000921365 0.00649435 -0.000636941 0.0300192 0.0340436 0.030742 0.00446849 -0.00389635 -0.00218577 0.00689073 0.00368154 -0.0118743 0.0151929 -0.00155301 0.00590363 0.011324 0.00243043 -0.0201406 0.0118544 0.00333522 0.0165569 0.0152519 0.0189136 0.024757 0.0126448 2.0967e-05 -0.0249842 -0.0637079 0.0221549 -0.00832017 0.0168876 -0.00972492 -0.00700184 0.00155129 0.0382699
internal_weight=51367.6 32537 18830.7 4708.67 27828.3 2488.43 21641.9 16342.2 10445.9 5679.42 2601.5 864.858 11195.9 14283.6 7582.64 6323.74 2058.66 6186.44 4766.53 3190.3 3052.43 4392.34 3655.55 736.787 125.764 1695.79 3216.83 6700.94 1464.9 5236.04 792.639 2107.17 1508.73 4730.83 692.263 675.42 382.1 364.099 154.661 209.438 122.863 4038.56 1626.81 495.701 90.4644 42.694 2807.72 611.023 2969.61 4553.23 1171.31 292.683 171.846 80.5771 25.3834 91.2686 35.8156 3381.92 73.8325 55.1937 3636.7 84.2415
internal_count=130864 67917 62947 7439 60478 5321 49212 57626 24709 12263 4700 1897 24503 48431 24223 13365 9195 11266 12446 9673 9391 14550 12566 1984 371 4158 5618 24208 4350 19858 1163 2739 2057 12384 2293 2206 1204 1166 573 593 433 10091 3865 1388 296 116 7202 1613 5648 9056 2246 592 406 224 87 182 90 6810 188 137 12453 215
is_linear=0
shrinkage=0.05


Tree=41
num_leaves=63
num_cat=7
split_feature=0 3 2 0 2 0 3 6 3 3 8 2 0 2 0 3 3 3 8 2 7 2 0 3 2 4 4 3 8 4 0 3 8 3 2 0 0 3 2 2 2 3 2 3 2 0 8 3 2 3 4 2 8 2 3 2 0 2 3 8 4 3
split_gain=462.281 183.854 97.3957 76.6576 67.9678 53.3912 51.2584 50.1858 41.9527 41.1594 40.5324 44.4032 42.7837 35.7756 35.0358 33.8643 33.8409 29.7853 27.7626 47.2931 38.3332 50.0714 26.9503 26.7505 47.9996 46.3561 41.6792 25.3218 25.6377 32.8769 28.8469 26.0884 25.2025 27.7777 27.829 25.2059 43.6105 24.8081 37.9457 36.9746 24.4772 24.2014 23.9281 23.8263 23.0267 31.9533 29.7594 22.947 22.6559 24.5036 23.3251 22.4192 21.9516 21.8197 21.7602 28.9054 21.702 32.0254 37.4348 34.3342 25.046 33.6915
threshold=44.500000000000007 14.405000000000003 170192.00000000003 25.500000000000004 158370.00000000003 26.500000000000004 20.055000000000003 1.0000000180025095e-35 18.265000000000004 6.5950000000000006 0 132267.50000000003 42.500000000000007 234668.50000000003 56.500000000000007 5.6150000000000011 17.625000000000004 2.9350000000000005 1 201116.50000000003 1.0000000180025095e-35 171167.50000000003 20.500000000000004 7.3350000000000009 222155.50000000003 18.000000000000004 54.000000000000007 10.855000000000002 2 18.000000000000004 24.500000000000004 9.1050000000000022 3 3.3150000000000004 12603.500000000002 43.500000000000007 42.500000000000007 4.6550000000000011 246149.50000000003 212550.00000000003 47105.000000000007 14.135000000000003 160316.50000000003 3.8850000000000002 107267.50000000001 48.500000000000007 4 6.3050000000000006 91881.000000000015 17.895000000000003 54.000000000000007 84097.500000000015 5 9752.5000000000018 14.685 8834.5000000000018 56.500000000000007 150546.50000000003 9.2850000000000019 6 42.000000000000007 2.2850000000000006
decision_type=2 2 2 2 2 2 2 2 2 2 1 2 2 2 2 2 2 2 1 2 2 2 2 2 2 2 2 2 1 2 2 2 1 2 2 2 2 2 2 2 2 2 2 2 2 2 1 2 2 2 2 2 1 2 2 2 2 2 2 1 2 2
left_child=1 3 5 13 8 6 52 17 16 15 11 12 -9 27 -11 18 56 -5 19 -6 21 -20 -4 24 25 -12 -26 28 29 43 31 -31 33 -19 -35 36 -34 -23 39 -39 -33 -29 -17 -1 46 -46 -18 -45 49 50 -48 -43 -3 54 -7 -56 60 58 59 -58 61 -2
right_child=4 2 22 7 9 53 -8 10 -10 14 23 -13 -14 -15 -16 42 44 32 20 -21 -22 37 -24 -25 26 -27 -28 41 -30 30 -32 40 35 34 -36 -37 -38 38 -40 -41 -42 51 -44 47 45 -47 48 -49 -50 -51 -52 -53 -54 -55 55 -57 57 -59 -60 -61 -62 -63
leaf_value=-0.031825904811743293 0.048713618254211194 0.017476620467134905 0.031022436381926422 -0.0052754998154589273 -0.051225169841304999 0.066223396114856337 0.024536391168753485 -0.0034058975673525657 0.005452241772370239 0.012171932518851833 -0.038397454900720641 0.015747274253741887 0.032140838379131911 0.028201414667664827 0.0051121397283167471 0.090935279008598296 -0.043017989225993133 0.046875572000189346 0.057466718770676196 0.0057359564499518002 -0.0055599941404415737 0.016977828594634588 0.021244229657638104 0.003384594610352459 0.029206749207598328 -0.0064257927622481505 -0.049136042146061119 0.020217415074508589 0.013031445975057827 -0.0089717516996559703 -0.043767886446012177 -0.049958645186693795 0.0088035837541517933 -0.02435407766342311 0.01580896046735885 0.030130912044176162 -0.023519182857990505 0.00040146991549675783 0.081198149239032694 -0.073221471282883158 0.027752220322068068 -0.049437527814451765 -0.020763891322595658 0.058209627217902349 0.013872090379213518 -0.053661254043218413 -0.053720932075256855 0.011956788760595588 0.038140270364498824 0.0089467282908093203 0.027360660127868027 0.0075488181771445912 0.0064014415372040875 0.01246267863480909 -0.0030606241506196145 -0.073109331793988513 0.00091187262778487811 -0.027519437161554444 0.0023196998888563667 -0.018090504243477461 0.0075912072165332167 -0.0019402105063109272
leaf_weight=16.636740431189537 33.273563340306282 1258.6862799227238 813.55834805965424 273.4797977656126 60.24280458688736 9.6916460394859296 2161.0687899291515 758.70637728273869 4123.5038542449474 3892.0935939252377 135.36224216222763 1102.7627386599779 95.171463921666145 457.79308074712753 3210.5298054814339 4.7861191481351844 36.724651038646698 70.483286380767822 64.97586964815855 91.619284436106682 333.38851245492697 274.3164275214076 5425.8568958491087 1732.7817547768354 130.98222242295742 700.02281361818314 19.369754731655121 1520.4378821849823 2640.4442351907492 285.3902782201767 43.744829922914505 11.164845883846281 2599.242160603404 43.936351403594017 1925.5112567543983 129.05473160743713 108.54791815578938 46.793258562684059 9.1308543980121595 26.611759528517723 98.207887917757034 22.241655170917511 225.48248468339443 47.650034829974174 22.832076162099838 73.140007168054581 38.27296943962574 62.105236008763313 34.746048182249069 86.914684437215328 11.378091767430304 75.461526051163673 756.33609211444855 6790.7616842836142 137.56288307905197 16.421344667673111 417.79417557269335 132.19771640747786 1634.2048245221376 552.14566835016012 1401.8664679601789 1990.0538515150547
leaf_count=62 141 2196 1115 959 337 14 3215 2389 11491 9129 564 2491 307 726 9668 16 163 170 205 349 1508 958 8909 4523 298 2406 73 2731 5831 780 154 40 6425 162 4516 337 379 169 16 141 172 70 970 74 50 304 172 137 83 296 36 145 1481 13669 336 61 2518 668 7052 3748 5142 7617
internal_value=0.0103955 0.0140094 0.0175182 0.0099745 0.00416185 0.0147134 0.0191844 0.00736206 0.00151126 0.00756742 0.00360973 0.00907327 0.000553513 0.0148336 0.00898158 -0.00125953 -0.00100144 0.0107671 0.00308319 -0.015806 0.00700622 0.0171147 0.0225205 -0.000353046 -0.0069316 -0.0116163 0.0190547 0.0135632 0.0109848 0.00115786 -0.00528914 -0.00100253 0.0116679 0.0159403 0.0149092 0.00850728 0.00750519 0.00973933 -0.0142495 -0.0262846 0.0197354 0.0186667 -0.0183821 0.0236428 -0.0172839 -0.0375451 -0.00789939 0.0321176 0.00201283 -0.00701629 -0.035022 -0.00541001 0.0134411 0.0120276 -0.00598844 -0.0106059 -0.000196983 -0.00351763 -0.00229626 -0.0100781 0.0024544 -0.00110237
internal_weight=51305.7 32476.6 17369.9 15106.7 18829 11130.5 4176.09 9825.41 10589 8239.97 4675.16 1956.64 853.878 5281.28 7102.62 1137.35 6465.54 5150.26 907.079 151.862 755.217 421.828 6239.42 2718.52 985.737 835.385 150.352 4823.49 3205.34 564.9 438.508 394.763 4876.78 2039.93 1969.45 2836.84 2707.79 356.852 82.5359 73.405 109.373 1618.14 230.269 126.392 304.009 95.9721 208.036 109.755 171.312 136.566 49.6511 97.7032 2015.02 6954.44 163.676 153.984 6161.54 2736.34 2604.14 969.94 3425.19 2023.33
internal_count=130864 67917 30996 36921 62947 20972 6892 25999 39481 23466 13051 5187 2696 10922 18797 4669 27990 12948 3683 686 2997 1489 10024 7864 3341 2970 371 10196 7250 1419 1146 992 11989 4848 4678 7141 6804 1284 326 310 212 2946 986 273 1104 354 750 211 587 504 208 215 3677 14080 411 397 26886 13986 13318 6266 12900 7758
cat_boundaries=0 1 2 3 4 5 6 7
cat_threshold=17 2 2 9 1 13 5
is_linear=0
shrinkage=0.05


Tree=42
num_leaves=63
num_cat=4
split_feature=1 2 3 1 3 6 5 8 8 3 3 3 2 3 4 1 1 5 2 3 1 2 3 3 8 4 2 2 3 3 1 1 5 5 1 5 5 5 1 5 8 3 5 3 3 2 2 2 5 2 1 1 1 5 3 5 5 3 3 4 3 1
split_gain=325.69 215.589 150.672 81.5327 74.6756 61.2091 59.1643 48.5165 46.8834 44.2705 28.9519 28.5962 28.5356 40.7035 31.3408 35.5054 28.4486 50.1059 37.1618 41.9421 41.5563 39.2797 32.7086 31.6193 27.545 26.8362 51.5773 36.1274 30.7206 27.9979 26.6374 36.3258 30.3617 27.8356 40.0603 25.3607 30.9606 25.3476 39.3087 33.7901 25.0702 37.022 24.7733 24.698 26.7257 37.4048 24.6924 58.1258 42.2479 25.9531 24.5162 24.3841 35.7284 24.3764 34.9889 24.1515 24.085 31.8104 39.6345 34.3947 33.3365 27.7381
threshold=43258.500000000007 143015.50000000003 18.265000000000004 21405.500000000004 15.495000000000003 1.0000000180025095e-35 0.36500000000000005 0 1 11.215000000000002 14.135000000000003 21.565000000000001 87986.500000000015 3.4050000000000007 42.000000000000007 20825.500000000004 93272.500000000015 0.67500000000000016 30846.000000000004 11.855000000000002 48640.500000000007 45236.500000000007 4.1750000000000007 6.4050000000000011 2 18.000000000000004 24302.500000000004 232820.00000000003 17.345000000000002 6.0150000000000006 107236.50000000001 97053.500000000015 0.76500000000000012 0.56500000000000006 144760.50000000003 0.67500000000000016 0.79500000000000015 0.77500000000000013 97560.500000000015 0.72500000000000009 3 15.035000000000002 0.62500000000000011 2.1050000000000004 4.6550000000000011 60851.500000000007 156356.00000000003 144866.50000000003 0.23500000000000001 187581.50000000003 54948.500000000007 108853.00000000001 105649.00000000001 0.23500000000000001 19.175000000000004 0.71500000000000008 0.36500000000000005 9.3750000000000018 13.675000000000002 18.000000000000004 9.1950000000000021 67250.500000000015
decision_type=2 2 2 2 2 2 2 1 1 2 2 2 2 2 2 2 2 2 2 2 2 2 2 2 1 2 2 2 2 2 2 2 2 2 2 2 2 2 2 2 1 2 2 2 2 2 2 2 2 2 2 2 2 2 2 2 2 2 2 2 2 2
left_child=1 4 5 10 6 7 24 -2 11 -5 -3 30 40 14 15 -14 18 42 22 -20 21 -21 35 -24 -1 26 -19 28 43 37 31 46 33 34 53 -7 -37 39 -39 -28 -8 -42 -18 -27 45 -45 47 48 50 -48 -4 52 -44 54 -32 -10 57 60 -59 -60 -9 -58
right_child=2 3 8 9 -6 16 12 56 55 -11 -12 -13 13 -15 -16 -17 17 25 19 20 -22 -23 23 -25 -26 27 29 -29 -30 -31 32 -33 -34 -35 -36 36 -38 38 -40 -41 41 -43 51 44 -46 -47 49 -49 -50 -51 -52 -53 -54 -55 -56 -57 61 58 59 -61 -62 -63
leaf_value=0.0035907165505330929 0.011216869761486566 0.024899269710036729 0.010021057416507398 0.012559848471689561 0.015269028738043214 -0.0018270842176025125 -0.012722222475711992 -0.0056818566510775988 0.011704569873732031 0.022504416901284373 0.037031614758830697 0.010234952442818057 0.054544557413869488 0.017205959731773687 -0.067162897397482282 -0.032789900834362826 -0.0018504256997191376 -0.070229010047207968 0.0018879873848768316 0.064925993201108756 0.013136322868916207 -0.013525762633033893 -0.057314406888674597 -0.0092739055585025851 -0.013586742838443367 0.08722935719585817 -0.067095202259633349 -0.025362835547567488 -0.02532491851553419 0.029009207310989982 -0.084141015557801291 0.029540200313223831 -0.043277483096755068 0.013757466581314949 0.031342897914418404 0.10971192106758398 -0.01613451633092311 0.086252492168600647 -0.070611127770300167 0.065827638344309408 0.00840405527811669 -0.052040049659618753 -0.01353493258162909 -0.065438452398056277 0.010071020348524605 -0.00040623423388924396 0.032920358213758182 -0.099423345515298453 0.0027754680838083662 -0.00027898163963192271 -0.078654283210005366 -0.025015359100663472 0.049374705694528169 -0.035309684915582742 0.015194699429937189 0.017062594016237075 0.013287056176974017 0.013661145021577488 -0.026997356391936914 0.0019223051506838764 -0.075446947386671487 0.0046345412917178875
leaf_weight=413.25922267138958 5171.2591950893402 952.65520045161247 10.772485107183455 1671.5943757891655 3232.5888213142753 29.534099496901035 192.52674178779125 822.86871300637722 8603.0718203783035 3407.0089259296656 1028.0619787275791 1441.0135450363159 19.249733120203018 1025.1201443523169 24.644159153103828 29.082713149487972 3714.0091626271605 15.327382035553454 2710.9996414259076 16.994073778390884 2193.4905688911676 236.65116328001022 37.994598008692265 346.3442272618413 521.41135533899069 9.6710403040051443 6.6025055721402195 97.922019615769386 73.132350608706474 296.90765850991011 10.282331913709639 129.98305176198483 59.166238486766815 132.1039155125618 39.779775857925415 14.872031539678575 7.1259276270866385 4.7182248979806927 22.903463058173656 16.441955268383026 920.62314889580011 25.931857511401176 85.879878863692284 27.337522327899933 1068.7918678298593 114.72360523045063 95.09048567712307 16.539413422346115 293.43409371376038 153.49090573191643 27.041585683822632 234.89985211193562 30.489077240228653 140.47679336369038 60.510282412171364 2792.5690314099193 1236.0588679984212 693.7745371311903 124.41650880873203 588.54156877100468 17.403368599712849 3710.0950214862823
leaf_count=1235 14732 1460 28 3694 6301 151 698 3180 18504 5603 1290 3109 26 2258 108 107 12813 85 9276 29 5406 646 234 1322 1763 27 40 336 230 741 47 263 196 304 83 35 33 13 131 50 2815 97 291 171 3176 501 170 70 751 356 111 903 69 452 135 5584 3291 1915 405 1610 89 11315
internal_value=0.00988699 0.0165646 0.0075073 0.0225916 0.00992038 0.00508368 0.00446742 0.00752121 0.0116217 0.0192325 0.0312005 0.00550055 0.00888212 0.0146345 -0.0213935 0.00193103 0.00244265 -3.84413e-06 0.00498873 0.00617398 0.0109198 -0.00822632 -0.00902441 -0.0140497 -0.00609384 0.00705714 0.019168 0.00389409 0.00611432 0.0231437 -0.000286169 0.00559987 -0.00996227 -0.00479476 -0.0145786 0.0283134 0.0688309 -0.0111197 -0.0434215 0.0274023 0.00333155 0.00666709 -0.00305253 0.00800413 0.00736009 -0.0129931 0.000369434 -0.00822248 -0.00362505 0.0124089 -0.0533007 -0.0157442 0.00293293 -0.0232595 0.000597736 0.0130067 0.0048412 0.000552928 0.00515275 -0.00312046 -0.00714156 0.00679807
internal_weight=51247.3 13463.8 37783.5 7059.32 6404.44 23778.2 3171.85 12364.4 14005.3 5078.6 1980.72 2609.68 2237.18 1098.1 72.9766 48.3324 11413.8 5819.76 5594.01 5158.14 2447.14 253.645 435.871 384.339 934.671 1754.48 362.901 1391.58 1293.66 347.574 1168.67 726.352 442.319 383.153 251.049 51.5321 21.998 50.6661 27.6217 23.0445 1139.08 946.555 4065.28 1220.52 1210.85 142.061 596.369 347.788 331.248 248.581 37.8141 351.269 116.369 211.269 70.7926 11395.6 7193.16 2247 1406.73 712.958 840.272 4946.15
internal_count=130864 27455 103409 12047 15408 73246 9107 36537 30163 9297 2750 6075 6109 2499 241 133 36709 19577 17132 15357 6081 675 1775 1556 2998 5501 1060 4441 4105 975 2966 1749 1217 1021 717 219 68 234 144 90 3610 2912 14076 3875 3848 672 1486 960 890 526 139 1263 360 634 182 24088 21805 7199 3930 2015 3269 14606
cat_boundaries=0 1 2 3 4
cat_threshold=9 2 17 2
is_linear=0
shrinkage=0.05


Tree=43
num_leaves=63
num_cat=6
split_feature=3 2 2 8 3 5 8 7 7 5 3 3 2 2 5 5 2 3 2 5 8 4 2 4 5 2 3 3 8 2 3 5 5 6 2 5 5 3 5 5 2 2 2 2 4 3 2 8 4 2 3 3 3 2 3 3 2 8 2 3 2 5
split_gain=184.451 84.8476 77.7953 49.4683 62.9781 45.1871 38.266 36.2081 36.1662 32.9525 31.5862 48.3141 38.7438 47.5612 38.3477 30.954 29.0328 43.2776 27.6009 27.3949 26.9701 30.4481 27.0204 26.5394 35.2355 26.0426 25.9484 26.2878 25.5006 31.4451 37.3571 26.4764 28.3658 34.8418 42.4162 36.3007 33.5019 26.4277 26.2182 29.9723 25.0659 24.5405 47.7939 39.6855 29.328 40.83 24.3 24.242 23.4935 23.3907 23.2936 50.9939 22.6394 30.2853 24.4012 22.0767 22.0313 23.7073 27.5526 30.1281 53.7614 22.1536
threshold=18.265000000000004 158370.00000000003 195440.00000000003 0 6.0150000000000006 0.19500000000000003 1 1.0000000180025095e-35 1.0000000180025095e-35 0.54500000000000015 8.6450000000000014 8.5450000000000017 148610.50000000003 138150.50000000003 0.10500000000000002 0.10500000000000002 139151.50000000003 11.395000000000001 163220.50000000003 0.89500000000000013 2 42.000000000000007 147705.50000000003 42.000000000000007 0.28500000000000009 157378.50000000003 3.9850000000000008 10.765000000000002 3 17455.500000000004 13.385000000000003 0.12500000000000003 0.20500000000000004 1.0000000180025095e-35 84097.500000000015 0.28500000000000009 0.19500000000000003 18.175000000000004 0.55500000000000016 0.45500000000000007 105339.50000000001 214496.50000000003 203015.00000000003 205917.50000000003 18.000000000000004 15.125000000000002 219330.50000000003 4 42.000000000000007 107267.50000000001 5.7150000000000007 6.9750000000000005 10.405000000000003 24302.500000000004 11.945000000000002 10.945000000000002 118757.00000000001 5 66533.500000000015 8.0050000000000008 108294.00000000001 0.16500000000000004
decision_type=2 2 2 1 2 2 1 2 2 2 2 2 2 2 2 2 2 2 2 2 1 2 2 2 2 2 2 2 1 2 2 2 2 2 2 2 2 2 2 2 2 2 2 2 2 2 2 1 2 2 2 2 2 2 2 2 2 1 2 2 2 2
left_child=1 8 6 5 -5 46 25 23 9 -1 11 14 13 15 49 -12 17 -15 26 28 21 -18 -22 24 -7 -2 -9 -28 29 30 38 -30 36 40 35 -35 -33 -31 39 -17 52 42 50 -44 45 -45 -3 48 -14 -10 -26 -52 53 -34 55 -54 57 61 -59 -60 -61 -16
right_child=2 3 -4 4 -6 7 -8 18 10 -11 12 -13 47 16 56 19 20 -19 -20 -21 22 -23 -24 -25 41 -27 27 -29 31 37 -32 32 33 34 -36 -37 -38 -39 -40 -41 -42 -43 43 44 -46 -47 -48 -49 -50 -51 51 -53 54 -55 -56 -57 -58 58 59 60 -62 -63
leaf_value=0.0042818229421941276 0.0032372682654969384 -0.0078806237582067975 0.018863293717378767 -0.0015069984911014397 0.0096575552049860316 0.040391587116392791 0.012720720052705917 0.089373741442055427 0.00026630593262153739 0.010074388265397201 -0.060322667232254781 -0.057508937698447574 -0.021849047870406191 0.11475104358301561 -0.028063894510855086 -0.039481630014152086 0.011810592565145451 0.020045310859590451 0.0094591809709349464 -0.059421462610302102 0.0020653339465694764 0.066157117579736802 0.044233117183021524 0.012679311786199819 0.037778092141853556 0.015352586018836784 -0.0059219789654883599 0.042735394924776376 -0.044540453010971114 0.0094375333169765332 0.0057916493202312732 0.0095000846349006449 -0.038815140369877328 -0.073734184093523253 0.0035074986630990383 -0.016119528874110018 0.064228452546444853 -0.048318364737699793 -0.070864129403972534 0.0407031132619717 -0.0093330954236788936 0.02729780586464339 -0.071298409658934706 -0.07822648735483391 0.014790463314633344 0.031455428727257276 0.013047816719830147 -0.0042449756061719328 -0.087765801482136585 0.094034343706382584 -0.050857407555881598 0.018662226853561205 0.014239166019261815 0.039682163175752211 0.010687093144888242 -0.038070270789081512 0.0050278322320424212 -0.0023830190796457324 -0.02715582865856437 -0.028094366045721509 0.092923525416893471 0.0014193157114201745
leaf_weight=5298.2641920372844 2011.908865660429 351.89981711655855 4780.3665209412575 1561.7562899515033 6588.7148633524776 245.24522712826729 11326.260154440999 17.557471513748169 11.110447227954866 4582.9895793944597 18.341933600604534 38.241457000374794 44.169642716646194 19.647770419716835 67.385895654559135 37.005036368966103 48.263134837150574 31.557737559080124 2376.2110967189074 16.56295944750309 259.6186350658536 55.981178373098373 44.468070924282074 1036.6814436018467 143.84011495858431 569.60600557923317 44.674383074045181 72.408524736762047 32.495520226657391 2807.8530724272132 137.78352269530296 177.52156577259302 13.807562656700609 29.524783246219158 345.77562896162271 367.16151808947325 33.18878485262394 19.822149336338043 33.271209672093391 16.849942713975906 214.11833385378122 638.75111408531666 23.11686497926712 23.122007042169571 91.85400153696537 13.221539571881292 228.76489980518818 312.33940071612597 19.647270858287811 16.880076661705971 27.662868589162827 518.26268808543682 32.083245955407619 102.90541405975819 447.30025545507669 53.544803969562054 867.86093576997519 373.29914494603872 308.72889325767756 22.991717725992203 15.100075848400591 1139.0387340933084
leaf_count=16253 4794 1040 8593 5094 15583 475 23656 32 53 12931 83 181 132 31 363 180 118 73 5986 71 713 77 86 2407 334 1101 138 135 138 7949 412 537 79 151 995 1350 76 69 180 53 642 1261 89 94 212 20 543 873 90 29 107 1102 98 304 1250 218 3035 1818 1444 92 31 4810
internal_value=0.00940024 0.00712494 0.013359 0.010062 0.00750844 0.0135806 0.0114666 0.0150617 0.00490315 0.00696903 0.002538 -0.00175691 0.00466721 0.00574934 -0.000997729 0.00431572 0.0211359 0.0566346 0.0107109 0.004559 0.0166593 0.0374865 0.00799776 0.019015 0.0228185 0.0058901 0.0327418 0.0241377 0.00477741 0.00757219 -0.0103831 0.000119996 0.00092456 -0.00133569 -0.00928042 -0.0204378 0.0181704 0.0090292 -0.0359969 -0.0142721 0.00548785 0.0199003 0.0142738 -0.0111471 -0.000214338 -0.0382109 0.000356787 -0.0108414 -0.0366003 0.0571259 0.0198584 0.0151217 0.0103811 0.0303276 0.00599855 -0.0184188 -0.00158374 -0.0045648 -0.0116645 -0.0219728 0.0198655 -0.000223686
internal_weight=51206.4 32518.2 18688.1 14003.7 8150.47 5853.27 13907.8 5272.61 18514.5 9881.25 8633.25 2860.64 5772.61 5396.45 2822.4 4936.92 459.537 51.2055 2510.85 4918.58 408.331 104.244 304.087 2761.76 1725.08 2581.51 134.64 117.083 4902.01 3052.58 224.91 1849.43 1816.93 1606.22 742.462 396.686 210.71 2827.68 87.1262 53.855 863.76 1479.83 841.08 151.314 128.198 36.3435 580.665 376.156 63.8169 27.9905 689.766 545.926 649.641 116.713 532.928 85.628 2794.41 1926.54 720.12 346.821 38.0918 1206.42
internal_count=130864 92720 38144 34652 20677 13975 29551 12392 58068 29184 28884 11856 17028 15933 11675 14835 1098 104 6291 14752 994 195 799 6101 3694 5895 305 273 14681 8843 825 5838 5700 5087 2496 1501 613 8018 413 233 2591 3219 1958 415 326 114 1583 1095 222 82 1543 1209 1949 383 1566 316 11593 8558 3385 1567 123 5173
cat_boundaries=0 1 2 3 4 5 6
cat_threshold=17 2 1 21 1 13
is_linear=0
shrinkage=0.05


Tree=44
num_leaves=63
num_cat=5
split_feature=0 1 1 2 0 2 0 8 2 0 1 2 1 7 5 5 2 1 8 2 1 1 1 1 8 8 2 5 1 1 2 1 5 4 0 2 1 5 1 5 1 2 2 8 0 5 0 2 5 1 5 1 5 0 2 1 5 2 1 2 2 2
split_gain=428.593 205.943 140.153 110.616 96.2683 73.4794 50.8053 49.8972 39.8775 40.0662 34.6252 52.909 33.3302 32.42 33.9319 29.5024 28.912 27.4686 27.3678 28.8449 26.3675 25.2864 25.3094 24.648 27.8076 24.4119 56.4853 32.7353 24.0939 23.7609 31.8855 27.0068 23.3805 23.1394 22.3294 22.7552 21.434 21.2988 21.2032 23.5341 29.6732 42.2936 33.2786 25.7274 41.8608 31.1603 29.4785 26.0222 20.6526 27.7563 32.6732 22.0201 20.5317 30.1453 19.744 19.6971 20.4473 35.5 19.5915 19.5592 19.472 22.8817
threshold=44.500000000000007 29907.000000000004 26129.500000000004 161269.00000000003 22.500000000000004 197298.50000000003 65.500000000000014 0 65593.500000000015 41.500000000000007 67250.500000000015 128393.00000000001 27765.500000000004 1.0000000180025095e-35 0.57500000000000007 0.66500000000000015 106303.50000000001 32006.500000000004 1 20463.500000000004 67784.500000000015 29907.000000000004 147447.50000000003 61847.500000000007 2 3 238538.50000000003 0.85500000000000009 83180.000000000015 43258.500000000007 6913.5000000000009 29367.500000000004 0.10500000000000002 18.000000000000004 24.500000000000004 220299.50000000003 19180.500000000004 0.89500000000000013 123118.50000000001 0.41500000000000004 136936.50000000003 216451.50000000003 232820.00000000003 4 61.500000000000007 0.32500000000000007 64.500000000000014 248093.50000000003 0.46500000000000002 44312.500000000007 0.47500000000000003 32562.000000000004 0.28500000000000009 37.500000000000007 248093.50000000003 147938.50000000003 0.81500000000000006 106303.50000000001 148945.50000000003 75312.000000000015 178843.00000000003 176874.50000000003
decision_type=2 2 2 2 2 2 2 1 2 2 2 2 2 2 2 2 2 2 1 2 2 2 2 2 1 1 2 2 2 2 2 2 2 2 2 2 2 2 2 2 2 2 2 1 2 2 2 2 2 2 2 2 2 2 2 2 2 2 2 2 2 2
left_child=1 3 5 8 23 18 13 16 9 -1 11 32 -8 14 29 -12 17 -6 -2 -20 -17 -16 -23 -3 54 26 27 -13 -26 31 -31 33 -9 -4 -5 -36 -7 -19 -15 40 41 60 -43 44 45 -42 47 59 51 -50 -51 -18 53 -10 -25 -24 57 -57 -41 -45 61 -40
right_child=2 4 6 34 7 36 12 10 52 -11 15 25 -14 38 21 20 48 37 19 -21 -22 22 55 24 28 -27 -28 -29 -30 30 -32 -33 -34 -35 35 -37 -38 -39 39 58 43 42 -44 46 -46 -47 -48 -49 49 50 -52 -53 -54 -55 -56 56 -58 -59 -60 -61 -62 -63
leaf_value=0.008901469983790598 0.015518318590324154 0.02133034039983479 -0.058845361022538456 0.039404096872927265 -0.053843117905601569 0.035485294632774084 -0.06203271645672373 0.055357601614497647 0.01588630237729978 -0.038591254510535029 0.0070927400611716625 0.00096852362970188698 -0.0053232364354549979 0.001174039809315124 0.029427261616995937 -0.051739692156040566 -0.046586499088623341 -2.9944955499565398e-05 -0.037769502326466822 0.0044756562114805984 0.012826568400355877 0.006764065183353706 0.071832167946949618 0.017814513151884048 -0.0020897583779639281 0.020126354830059492 0.04388564240297662 0.041513237987516237 0.012325917969618362 -0.065633323823346662 0.00040539652553591809 0.014235606089765816 0.0077778506721616391 -0.001480340326849852 0.02292814870907384 0.035958385221883667 0.018780773020515177 -0.084484337879002017 -0.03389526783621559 -0.0026201718494163612 0.042743598898816237 0.051742856854315247 -0.034273731658650469 -0.065351677174967135 -0.064180174704277546 -0.029300558287901481 0.072266343987853365 0.093071583472672983 0.02595832373677371 0.051964207192521018 0.0065782603410422559 0.0032002901318279051 0.022320627882628542 -0.020839689265633315 -0.04540366648495972 0.043014505041380227 0.053328599336162644 -0.056379266037951015 0.032245221459334263 -0.017264902226360634 -0.072816496879333392 0.072540045192678357
leaf_weight=758.47458079457283 721.24897222965956 1765.6684578359127 21.084775798022747 569.0021912753582 24.419338837265968 372.38940474390984 26.163383699953556 26.015557110309601 297.78156164288521 47.040980733931065 7920.765716843307 613.27132426202297 2041.7268659025431 5439.6446617394686 137.91717762500048 15.755436852574347 22.567915111780167 1442.5174617022276 42.12968572229147 928.33062615245581 3607.5703335478902 2989.7378362268209 24.841369733214378 2693.2105647921562 374.29310883581638 2526.9777955412865 103.98350992798805 54.113339051604271 1275.7989535778761 18.269981928169727 3655.4436320215464 612.86583026498556 2632.1227980405092 104.50109627097845 925.23643553256989 530.27222821116447 401.51466430723667 7.4048657119274131 152.08338850736618 774.15713326632977 75.475941821932793 26.670093797147274 19.235463917255402 27.808038644492626 13.890615105628966 18.566868148744106 8.3558523654937726 4.4429679065942755 262.79483132064342 40.942113056778908 1210.6522394120693 1076.5108558386564 1397.29647167027 68.582549810409546 12.271082311868666 18.305176377296448 25.122034020721912 17.429764553904533 42.396569065749645 89.965648390352726 32.933650329709053 5.1029383838176718
leaf_count=1610 1651 2982 81 682 86 480 124 38 502 184 18897 1320 9071 18984 282 52 65 3986 196 2311 8005 9176 45 4930 824 4511 135 75 2496 113 12453 1613 6175 290 1389 668 683 33 766 3017 232 68 81 170 83 84 35 8 435 66 2758 2575 2229 175 34 44 51 75 126 376 167 11
internal_value=0.00893241 0.0124309 0.00294933 0.0222371 0.010805 0.014065 0.00128026 0.00923507 0.0153447 0.00611731 0.0103969 0.0135007 -0.00604612 0.00233594 0.00456824 0.00880394 0.00422378 -0.00136149 0.00822176 0.002606 0.012543 0.00847685 0.00753478 0.0163407 0.0143164 0.0177325 0.00949803 0.00426922 0.0089985 0.00172037 7.38365e-05 0.0099038 0.00824747 -0.0111904 0.03098 0.0276809 0.0268287 -0.000470505 -0.000192414 -0.00595312 -0.0148077 -0.0273745 0.0155951 -0.00234445 0.0150425 0.0284508 -0.0166338 -0.0241667 0.00739262 0.0111798 0.00807095 0.0021693 0.0195558 0.00899382 0.0174597 0.0343249 0.01884 -0.00534745 -0.000800064 -0.0287071 -0.0377787 -0.0303642
internal_weight=51193.1 32303.3 18889.8 4593.69 27709.6 2465.61 16424.1 21588.4 2569.18 805.516 17500.6 5956.48 2067.89 14356.2 7625.52 11544.1 4087.81 1474.34 1691.71 970.46 3623.33 3213.35 3075.44 6121.24 4355.57 3298.35 771.368 667.385 1650.09 4412.17 3673.71 738.452 2658.14 125.586 2024.51 1455.51 773.904 1449.92 6730.73 1291.09 474.531 236.026 45.9056 238.506 107.933 94.0428 130.573 122.217 2613.47 1514.39 1251.59 1099.08 1763.66 366.364 2705.48 85.6983 60.857 35.7349 816.554 117.774 190.12 157.186
internal_count=130864 67917 62947 7439 60478 5321 57626 49212 4700 1794 39208 12254 9195 48431 24223 26954 10004 4105 4158 2507 8057 9673 9391 11266 8284 6041 1530 1395 3320 14550 12566 1984 6213 371 2739 2057 1163 4019 24208 5224 2081 1093 149 988 399 316 589 554 5899 3259 2824 2640 2906 677 4964 215 170 119 3143 546 944 777
cat_boundaries=0 1 2 3 4 5
cat_threshold=2 17 13 4 12
is_linear=0
shrinkage=0.05


Tree=45
num_leaves=63
num_cat=3
split_feature=0 1 3 3 1 1 1 3 0 3 8 5 3 6 3 0 5 5 5 1 1 3 0 3 3 1 0 5 1 3 1 1 0 7 5 1 8 3 0 3 0 5 1 3 1 1 0 6 3 8 3 5 5 1 1 3 5 3 3 1 1 1
split_gain=363.159 219.084 140.307 86.6071 73.8616 62.8844 61.1652 54.1968 49.1897 43.2423 40.4063 37.8855 38.9726 36.8281 54.3377 37.4759 35.4884 31.3475 31.074 35.8628 37.3755 31.9922 30.6336 30.525 29.6213 29.4675 27.1726 40.2635 34.8185 29.1078 33.016 27.0687 31.6161 27.0252 27.0116 26.8342 25.9499 37.8856 30.0382 62.405 26.0675 25.862 25.3861 42.1436 25.3565 72.1452 44.3385 36.4567 25.319 24.9367 24.7867 24.6958 28.0337 25.0203 24.4599 32.4212 35.6531 31.6548 28.5974 31.8668 31.6229 29.7391
threshold=32.500000000000007 44823.500000000007 16.435000000000006 17.985000000000003 18109.000000000004 33643.500000000007 27765.500000000004 15.965000000000002 43.500000000000007 5.3450000000000006 0 0.12500000000000003 17.625000000000004 1.0000000180025095e-35 21.655000000000005 52.500000000000007 0.8650000000000001 0.76500000000000012 0.17500000000000002 97053.500000000015 92767.500000000015 17.625000000000004 51.500000000000007 13.385000000000003 3.4950000000000006 126788.50000000001 56.500000000000007 0.46500000000000002 50180.000000000007 19.175000000000004 137436.00000000003 146358.50000000003 64.500000000000014 1.0000000180025095e-35 0.76500000000000012 143671.50000000003 1 10.215000000000002 52.500000000000007 9.1950000000000021 63.500000000000007 0.89500000000000013 146913.50000000003 13.855000000000002 98634.000000000015 105114.50000000001 64.500000000000014 1.0000000180025095e-35 19.085000000000004 2 21.465000000000003 0.89500000000000013 0.77500000000000013 137952.50000000003 93272.500000000015 5.0450000000000008 0.25500000000000006 13.855000000000002 4.4650000000000007 128394.00000000001 126272.50000000001 132115.50000000003
decision_type=2 2 2 2 2 2 2 2 2 2 1 2 2 2 2 2 2 2 2 2 2 2 2 2 2 2 2 2 2 2 2 2 2 2 2 2 1 2 2 2 2 2 2 2 2 2 2 2 2 1 2 2 2 2 2 2 2 2 2 2 2 2
left_child=2 4 5 8 23 -1 -4 17 10 51 42 44 41 14 25 -15 26 36 19 20 21 -12 33 -2 -19 -5 -17 28 -28 48 -31 32 35 -9 -33 -29 37 38 -6 -40 -41 -13 54 -44 46 -46 -10 -48 -30 -8 -18 52 -7 -54 -3 58 57 -57 60 -60 -56 -62
right_child=1 3 6 13 7 9 49 22 11 -11 18 12 -14 15 -16 16 50 24 -20 -21 -22 -23 -24 -25 -26 -27 27 31 29 30 -32 34 -34 -35 -36 -37 -38 -39 39 40 -42 -43 43 -45 45 -47 47 -49 -50 -51 -52 -53 53 -55 55 56 -58 -59 59 -61 61 -63
leaf_value=0.018388937763917004 0.013971340362312372 0.010888793275178069 0.030484594673589306 0.0067103865622378514 0.02388924932032703 -0.0013776462974249388 0.019510294733988146 0.023398619393978418 -0.055910284425372082 0.010072318463715616 -0.028455608936713984 -0.0009204001722347855 -0.02260559755490698 0.0067102465328314547 0.014732240188439223 -0.0133575134788345 -0.011677952536354053 -0.021789371713078036 0.00012465138608838439 -0.052264651326537938 0.066821392433662627 0.072967566308493478 0.0089851773385071342 0.029796162039047072 0.01820699227890293 -0.0078911702743029409 0.035222547790290569 0.017248669402335187 0.0051675686420215288 -0.012921906797605832 -0.06082345352075446 0.016697628000759936 -0.0087290379434576404 0.012134808663561657 0.11636509012812941 -0.074675349789877887 0.00012271073816930281 -0.00035871813577797957 -0.0085600813749308318 0.020819358358026299 0.094566466488182899 -0.037912562260725091 0.046533364515035251 -0.032571814372070997 0.070594565741167167 -0.027372410644780538 0.073213469775697607 -0.061991230635052907 0.094345718904284059 0.013311898842807524 -0.081099002651178725 -0.079289332146435354 0.019786533289833964 -0.033801314175500988 -0.010188072303463922 -0.035735305548674788 0.0024887639018150581 0.003438674816212193 0.064673025268257786 -0.018547341346095998 0.068011896886846154 0.0090544503425911138
leaf_weight=1918.1344575881958 529.4807213768363 1592.8726782649755 979.86739063262939 1773.8228353783488 494.16299229115248 1372.9484851956367 4666.833881393075 1165.4149052202702 86.755981214344501 7343.6801024973392 71.707881242036819 7956.6678519919515 217.14552985131741 2688.6664341688156 2411.8837123215199 372.02472302317619 28.404902443289757 49.547439940273762 1843.9201264604926 62.810611203312874 15.622916281223295 8.6016534715890867 1535.9902003407478 723.96278348565102 667.32337483763695 428.74406911432743 41.88545785099268 431.76873362064362 69.445475190877914 351.18526482582092 40.089756190776825 16.622386723756794 192.42831266671419 986.20105861127377 11.618705183267592 7.9716460406780234 1917.6303830072284 579.68404830247164 215.66563838720322 27.096927732229233 21.811296492815018 47.438659988343716 86.857589170336723 20.726899966597557 23.975023671984673 85.430949553847313 13.674717113375666 7.6894380450248709 8.916432708501814 2867.206539452076 23.756670579314232 9.378937289118765 274.57783357799053 23.50428618490696 106.49790984392166 127.06488858163357 1081.5487358421087 86.35292187333107 51.918042972683907 14.6101196706295 32.701439887285233 62.289329722523689
leaf_count=3253 1112 4122 1342 4523 1126 4015 7534 1860 464 15677 261 33338 801 5943 5217 1124 96 184 5443 266 30 9 3493 1092 1621 1261 95 1148 257 1246 195 52 697 1832 13 36 5668 1542 865 83 38 230 193 66 65 442 52 51 17 4986 103 41 651 83 418 483 2962 218 118 59 84 229
internal_value=0.0085402 0.0052241 0.0139118 0.00260599 0.0118625 0.0101653 0.0187262 0.01002 0.000111633 0.00841658 0.00390391 -0.00225431 -0.00170856 0.0064467 0.00954666 0.00310692 -0.00295979 0.00596585 -0.00169216 -0.0229206 -0.00362139 -0.0174531 0.0143862 0.0231171 0.015433 0.0038656 -0.00158469 0.0021491 -0.00837508 -0.0122807 -0.0178569 0.0103082 0.00815448 0.0182389 0.0581443 0.0155543 0.00387957 0.00918852 0.0166095 0.00298981 0.0539358 -0.00114074 0.00732225 0.0312307 -0.0228472 -0.00581359 -0.0400159 0.0242552 0.0154858 0.0171958 -0.0434857 0.00117757 0.00163691 0.0155344 0.00652785 0.00207991 -0.00119301 -0.0198672 0.0179067 0.0463217 0.00848144 0.0294538
internal_weight=50974.2 31518.1 19456.1 22604.1 8913.97 10942.2 8513.91 7660.53 13704.9 9024.09 5266.1 8438.78 8221.25 8899.24 4614.45 4284.78 1596.12 3972.92 2002.66 158.743 95.9325 80.3095 3687.61 1253.44 716.871 2202.57 1543.96 1171.93 511.522 469.637 391.275 660.41 632.169 2151.62 28.2411 439.74 3256.05 1338.42 758.737 264.574 48.9082 8004.11 3263.44 107.584 217.526 109.406 108.12 21.3642 78.3619 7534.04 52.1616 1680.41 1671.03 298.082 3155.86 1562.98 1294.97 213.418 268.017 66.5282 201.489 94.9908
internal_count=130525 92943 37582 72427 20516 23720 13862 18312 50404 20467 14961 35443 34369 22023 11001 11022 5079 11127 6009 566 300 270 7185 2204 1805 5784 4880 3756 1810 1715 1441 1946 1881 3692 65 1184 9322 3654 2112 986 121 33568 8952 259 1074 507 567 103 274 12520 199 4790 4749 734 8693 4571 3663 701 908 177 731 313
cat_boundaries=0 1 2 3
cat_threshold=25 5 21
is_linear=0
shrinkage=0.05


Tree=46
num_leaves=63
num_cat=3
split_feature=0 1 2 3 1 3 1 1 2 3 3 0 2 3 0 3 8 3 5 3 2 5 2 3 1 3 8 0 1 2 5 2 5 5 5 8 1 1 0 2 5 3 5 2 1 1 1 1 2 2 1 0 0 2 1 0 2 2 2 2 2 5
split_gain=330.27 198.87 134.656 129.242 74.2444 73.2675 58.0898 57.5981 63.9143 51.3525 44.2391 42.1652 42.1261 39.0504 38.9299 38.6576 35.2823 40.1844 34.9468 43.458 33.6748 31.6184 32.1765 31.2831 40.8745 34.7751 34.6391 32.6372 33.9536 30.1105 29.6361 29.2074 27.7754 27.5389 28.184 33.5451 42.1434 38.5471 33.7031 33.0994 46.0867 45.3784 50.3058 32.4071 30.2485 36.2705 27.1885 61.4826 31.3974 42.0306 26.8201 26.6501 31.7634 32.9727 26.3766 26.1061 26.2912 26.3828 25.3402 31.3073 24.9477 24.5622
threshold=32.500000000000007 49132.500000000007 97616.500000000015 16.435000000000006 18667.500000000004 11.585000000000003 35272.000000000007 33643.500000000007 194460.50000000003 17.895000000000003 23.125000000000004 50.500000000000007 208730.50000000003 5.3450000000000006 44.500000000000007 23.795000000000005 0 23.715000000000003 0.72500000000000009 19.525000000000002 39564.500000000007 0.16500000000000004 153432.00000000003 15.125000000000002 46974.000000000007 17.345000000000002 1 40.500000000000007 26655.500000000004 25271.500000000004 0.89500000000000013 242402.50000000003 0.67500000000000016 0.12500000000000003 0.23500000000000001 2 142602.50000000003 139489.00000000003 65.500000000000014 113951.50000000001 0.56500000000000006 3.0350000000000006 0.74500000000000011 30846.000000000004 101379.50000000001 123118.50000000001 28808.500000000004 32562.000000000004 55003.500000000007 6913.5000000000009 36308.500000000007 65.500000000000014 58.500000000000007 99521.500000000015 149462.50000000003 64.500000000000014 50994.000000000007 63731.500000000007 20463.500000000004 51984.000000000007 12603.500000000002 0.115
decision_type=2 2 2 2 2 2 2 2 2 2 2 2 2 2 2 2 1 2 2 2 2 2 2 2 2 2 1 2 2 2 2 2 2 2 2 1 2 2 2 2 2 2 2 2 2 2 2 2 2 2 2 2 2 2 2 2 2 2 2 2 2 2
left_child=3 2 10 7 12 14 20 8 -1 11 18 -6 -4 61 30 16 -7 -18 23 -20 -5 22 -17 24 26 46 27 28 -2 -16 31 -3 -27 -31 -35 -36 37 39 54 40 -37 43 51 -42 -45 -46 -25 -48 49 -49 -30 52 -43 -54 55 56 -38 -58 -26 -60 -29 -9
right_child=1 5 4 6 9 15 -8 13 -10 -11 -12 -13 -14 -15 29 21 17 -19 19 -21 -22 -23 -24 25 58 32 -28 60 50 33 -32 -33 -34 34 35 36 38 -39 -40 -41 41 42 -44 44 45 -47 47 48 -50 -51 -52 -53 53 -55 -56 -57 57 -59 59 -61 -62 -63
leaf_value=0.011697525254740541 -0.00052499334470966117 0.0035903967533626236 0.019309636066152432 0.0050906079467654729 0.013245195557763127 0.0053982554145420138 0.015994175271089324 -0.047831497556662335 0.031862893410516631 0.018237743277841056 0.017943285332520605 0.0024936076500794214 0.040035191562648093 0.0095700387832089191 -0.022677129437115147 -0.040842959483523719 0.00037981954706002352 -0.063858692439054857 0.016059109124641393 -0.01966043316483785 0.029546327481140167 0.013393259914241926 0.012858563074317521 0.03338671923019728 -0.062973164633098377 -0.00076894724136223204 -0.026115318259484394 -0.047532640085050849 -0.083297967900962611 -0.031158336431112578 -0.0726312526960365 -0.025650727396126768 -0.040452957850912352 0.0076533711573676805 0.0011996019076602059 -0.036410253031895504 -0.061119546314064799 -0.056821661982505246 -0.059737721542721167 -0.0056056510416039405 0.16634781382444846 -0.0037856329380941893 -0.037965129020388982 -0.029486296288728165 0.12665632912603519 -0.056019231221786384 -0.084707265677457302 0.10861477188850872 0.040125120700659787 -0.030242255837881676 -0.023877586855237023 -0.058438949148748642 0.067889903438961799 -0.059011739321256966 -0.066774174219901769 0.11153171376372367 0.10005169462428219 0.020206973802611914 0.073261053691980951 0.0048554869740393865 0.0046295091424904452 0.0018664406147408813
leaf_weight=1353.9525826573372 72.000640258193016 2805.8847896233201 704.34433180093765 158.24157430231571 2165.92676872015 8050.9903056398034 6990.9177408516407 25.136136591434479 554.49633646011353 2281.6087115257978 361.22534245252609 1577.3189941644669 377.80514946579933 7342.684642419219 233.95198509097099 56.095406517386436 5040.0310152247548 24.362836331129074 487.72592728585005 102.95770148932934 1315.6195670962334 1519.9234724789858 55.11862225830555 136.0138730853796 7.2859252393245688 600.96935906261206 325.07273204624653 24.230446569621563 32.07271720468998 92.118244357407093 13.011386558413504 87.945264995098114 47.5118707716465 490.3915059491992 1225.4000570699573 250.18532688170671 8.7618605569004995 46.166681841015816 13.532717198133467 1118.8625261113048 4.9400617256760624 85.377606265246868 118.29799146950245 12.245016448199751 10.072491824626921 3.598111279308795 17.787263453006744 6.0924362689256659 58.838887602090836 44.918368399143219 47.461010918021202 14.188634291291235 35.29738662391901 5.8628342002630225 7.7038833349943152 8.611393213272093 11.426134116947649 106.57538121193647 29.389945514500141 39.075502254068851 394.27195231616497 1655.361847370863
leaf_count=2517 183 9077 1183 299 4390 22085 11754 101 736 4002 736 4605 452 15677 1681 196 14670 90 1456 287 1809 3317 117 266 49 1533 1511 149 139 537 63 294 155 2386 5916 1583 58 276 100 4930 16 393 698 79 40 29 79 8 126 169 165 113 169 41 42 27 34 408 85 145 1605 4689
internal_value=0.00812641 0.00496546 0.0108157 0.0132593 0.0144909 0.0022671 0.0178982 0.00966668 0.0175605 0.0123231 0.0016002 0.00871624 0.0265531 0.00799637 -0.00202172 0.00424815 0.00334475 6.84158e-05 -0.000784953 0.00982236 0.0269245 0.0115084 -0.0141955 -0.0041154 -0.0103627 0.00252901 -0.0133514 -0.00550587 -0.0254785 -0.00528422 0.00235776 0.00269916 -0.00368995 -0.0041734 -0.00347631 -0.00524608 -0.00944694 -0.0117794 0.0153038 -0.0105195 -0.0206875 -0.00709258 -0.0139406 0.0500922 0.0271851 0.0781553 0.0178399 0.00122033 0.0152439 -0.0133801 -0.0479767 0.00623213 0.0135636 0.0495937 0.0224731 0.0276344 0.0218122 0.0280589 0.0248587 0.0343567 0.00158685 0.0011173
internal_weight=50895.2 31498.8 9941.91 19396.4 7107 21556.9 8464.78 10931.6 1908.45 6024.85 2834.9 3743.25 1082.15 9023.18 6810.41 14746.5 13115.4 5064.39 2473.68 590.684 1473.86 1631.14 111.214 1882.99 970.861 912.132 895.109 570.037 151.534 3903.57 2906.84 2893.83 648.481 3669.62 3577.5 3087.11 1861.71 1705.09 156.611 1658.93 540.065 289.88 259.024 30.8557 25.9156 13.6706 263.651 127.637 109.85 51.0108 79.5337 140.726 126.538 41.1602 143.079 135.375 126.763 118.002 75.7514 68.4654 418.502 1680.5
internal_count=130525 92943 23478 37582 14632 69465 13862 23720 3253 12997 8846 8995 1635 20467 28990 40475 36845 14760 8110 1743 2108 3630 313 6367 4031 2336 3752 2241 487 19556 9434 9371 1688 17875 17338 14952 9036 8367 669 8091 3161 1578 1414 164 148 69 648 382 303 177 304 716 603 210 569 527 500 442 279 230 1754 4790
cat_boundaries=0 1 2 3
cat_threshold=13 21 6
is_linear=0
shrinkage=0.05


Tree=47
num_leaves=63
num_cat=6
split_feature=0 1 3 3 1 1 1 3 0 8 3 3 6 3 0 4 8 3 7 3 6 8 0 1 3 1 1 0 6 1 0 3 8 7 3 3 0 1 3 3 3 0 1 1 3 0 0 8 7 1 0 8 1 1 1 0 3 3 3 3 3 3
split_gain=300.367 181.403 118.907 72.8208 62.6721 55.0411 52.9149 44.9974 41.6168 36.2334 35.2661 33.7767 33.191 47.7158 33.7532 29.4102 63.308 33.3404 28.4761 28.31 26.8146 35.0823 47.5427 45.842 27.4675 28.8371 25.5461 24.7891 23.9738 30.1319 26.2301 26.1108 29.58 27.6084 38.4725 29.0139 25.3244 23.7237 23.6339 23.5947 31.1062 35.7961 29.837 27.795 23.7609 23.558 23.4791 23.2249 24.1597 22.03 25.1197 22.0231 23.7315 33.9099 24.2791 23.7917 21.7167 23.6614 21.4788 21.4622 24.2877 21.1043
threshold=32.500000000000007 44823.500000000007 16.435000000000006 17.985000000000003 18109.000000000004 27765.500000000004 33643.500000000007 15.965000000000002 43.500000000000007 0 5.3450000000000006 17.625000000000004 1.0000000180025095e-35 22.625000000000004 52.500000000000007 18.000000000000004 1 11.675000000000002 1.0000000180025095e-35 13.385000000000003 1.0000000180025095e-35 2 56.500000000000007 125222.50000000001 9.6550000000000029 47524.500000000007 124703.00000000001 56.500000000000007 1.0000000180025095e-35 31475.500000000004 46.500000000000007 15.595000000000001 3 1.0000000180025095e-35 2.9350000000000005 14.045000000000002 58.500000000000007 58104.500000000007 17.535000000000004 17.255000000000006 16.895000000000003 39.500000000000007 146913.50000000003 52268.500000000007 13.855000000000002 51.500000000000007 20.500000000000004 4 1.0000000180025095e-35 51197.500000000007 45.500000000000007 5 102995.50000000001 98634.000000000015 136377.00000000003 39.500000000000007 10.765000000000002 10.585000000000003 9.7450000000000028 20.315000000000001 16.895000000000003 3.8850000000000002
decision_type=2 2 2 2 2 2 2 2 2 1 2 2 2 2 2 2 1 2 2 2 2 1 2 2 2 2 2 2 2 2 2 2 1 2 2 2 2 2 2 2 2 2 2 2 2 2 2 1 2 2 2 1 2 2 2 2 2 2 2 2 2 2
left_child=2 4 6 8 19 -4 -1 28 9 39 -8 15 13 51 -14 16 17 56 45 -2 21 23 24 26 25 -23 49 -16 -6 61 -31 32 -32 35 -35 -34 -36 -27 -22 40 42 -42 43 -3 -44 -9 -12 59 -49 50 -17 52 53 -5 55 -54 57 -10 -26 60 -7 -30
right_child=1 3 5 12 7 47 10 18 11 -11 46 -13 14 -15 27 20 -18 -19 -20 -21 38 22 -24 -25 58 37 -28 -29 29 30 31 -33 33 34 36 -37 -38 -39 -40 -41 41 -43 44 -45 -46 -47 -48 48 -50 -51 -52 -53 54 -55 -56 -57 -58 -59 -60 -61 -62 -63
leaf_value=0.016787422561065784 0.012405819811223729 0.021212639257852117 0.028425192219272279 -0.001062189106663215 0.0091169645841185139 0.028332776316947583 0.0010606945307745372 0.02179211579592549 0.005576861252082347 -0.0017640236209361026 0.01438655654615913 -0.021396036776131094 0.0061101243102242627 0.015312905206763837 -0.014072555558577813 0.047046910937327734 -0.0042282827081814821 0.025861734758952672 0.0083972358772612023 0.02773596626213419 -0.0069733523485237293 0.049876449995753976 -0.013439622019709788 -0.011559422857395351 0.081476426263806578 -0.044830375310899694 0.081728642907537147 0.00045647212760157658 -0.013352536889836012 0.0032383160419478733 -0.044527973622685228 0.040053935965816807 0.0092815568320805016 0.058919905060601907 -0.053418441732852151 -0.057113243349896231 -0.010531207774525007 -0.0060849933772596483 0.040821444660665729 -0.012075394133545993 0.0077302956563420656 0.064364784076968717 0.043486698626708876 0.0042555447864308839 -0.020132798247319367 0.010564237845619218 0.0075796140509395748 0.016319643411690163 0.0070791267567777323 0.012172396618297381 -0.024567727517532584 0.0068771704589646156 0.0035291646090707903 0.055601551361034895 0.0065140641863636294 -0.042347318720505574 -0.034896927230646239 0.06744506736812178 0.0072845895855715541 0.020856224114130208 0.011773848961143491 0.0094528877098983971
leaf_weight=1896.9917673319578 525.76294574141502 266.2912780418992 953.29433554410934 281.69997093081474 2070.4548625051975 255.33418342471123 1680.7916658222675 1153.2991547137499 343.15042785555124 2002.6331744864583 1631.4509532302618 221.41470640897751 2688.0306998640299 1748.9639928340912 387.40787844359875 14.387882798910139 985.24758540838957 368.93411935120821 1725.4550021439791 710.67680251598358 3029.0389809980989 21.057759441435337 836.59281316399574 290.28564023971558 9.8091233521699888 43.664732486009598 12.470490679144858 1208.7119524925947 113.4713808298111 417.8846845254302 71.147726319730282 20.842494651675224 168.90347347408533 12.15412277728319 73.944642350077629 18.12143662571907 65.072589829564095 413.78087881207466 25.960565656423569 157.48331446945667 61.68399553000927 51.23981648683548 87.942337214946747 2627.9175979793072 17.433953374624252 789.67276799678802 5709.9711119383574 1501.1557813584805 1343.1270367503166 979.05292376875877 78.055591970682144 2347.9672112390399 38.946972131729126 29.017359778285027 69.697853237390518 100.92232009768486 31.397747680544853 16.108733117580414 703.91609456390142 2665.8298800885677 1697.2778877317905 939.23091465234756
leaf_count=3253 1112 594 1342 767 5554 392 4790 1860 1616 6009 3118 822 5943 3690 1178 28 4191 1061 3597 1092 13683 53 4169 1313 21 207 33 3901 382 1105 346 45 602 45 338 78 288 1783 67 401 132 71 193 7508 53 1728 12559 2491 2495 3806 329 5830 85 49 193 387 138 37 2086 4107 3035 2344
internal_value=0.007733 0.00471959 0.012638 0.00234032 0.0107765 0.017105 0.00919452 0.00908487 5.18418e-05 0.00353591 0.00759732 -0.00212819 0.00586112 0.00880255 0.00268971 -0.00160725 0.00415117 0.0148854 0.0130783 0.0212228 -0.00316386 -0.00010971 -0.00428128 0.00603229 0.00210567 -0.00715661 0.0108042 -0.00306752 0.0053944 0.00133663 -0.00567357 -0.014341 -0.0171319 -0.00973813 -0.0259116 0.00279455 -0.0334013 -0.00980329 -0.00656425 0.00676791 0.00774503 0.033507 0.00677243 0.00581814 0.0329047 0.0172322 0.00909315 0.0156579 0.0119164 0.00996657 -0.0133288 0.00483062 -0.00444189 0.00422964 -0.0175304 -0.0295438 0.00488356 0.00838286 0.00832253 0.0178961 0.0139431 0.00698889
internal_weight=50809.6 31474.4 19335.2 22598.3 8876.1 8416.02 10919.2 7639.66 13697 5272.63 9022.21 8424.33 8901.37 4617.22 4284.15 8202.91 1744.84 759.591 3668.43 1236.44 6458.07 3403.07 2028.82 1374.25 1192.23 478.503 1083.97 1596.12 3971.23 1900.77 848.071 430.186 409.344 338.196 151.171 187.025 139.017 457.446 3055 3269.99 3112.51 112.924 2999.59 2894.21 105.376 1942.97 7341.42 7462.72 2844.28 1071.5 92.4435 2868.25 520.284 310.717 209.567 139.869 390.657 359.259 713.725 4618.44 1952.61 1052.7
internal_count=130525 92943 37582 72427 20516 13862 23720 18312 50404 14961 20467 35443 22023 11001 11022 34621 7043 2852 7185 2204 27578 13828 8319 5509 4150 2043 4196 5079 11127 5573 2847 1742 1697 1351 671 680 626 1990 13750 8952 8551 203 8348 8102 246 3588 15677 12520 4986 4163 357 7311 1481 816 665 472 1791 1653 2107 7534 3427 2726
cat_boundaries=0 1 2 3 4 5 6
cat_threshold=25 9 6 8 21 2
is_linear=0
shrinkage=0.05


Tree=48
num_leaves=63
num_cat=0
split_feature=0 1 2 3 3 1 1 2 1 2 0 0 3 3 6 3 2 0 1 0 2 3 1 0 3 2 1 2 0 4 2 2 3 3 1 3 2 0 1 1 1 0 2 3 4 2 2 2 1 3 2 1 6 2 1 1 3 7 1 2 3 0
split_gain=273.087 164.144 135.684 109.403 65.7397 56.9361 52.0569 51.2026 68.6983 40.5896 40.2661 37.5815 36.4782 30.7412 29.9347 44.0542 43.5345 36.9137 36.8855 28.5649 27.823 26.8274 35.0692 33.4128 29.669 27.6166 26.5797 30.6576 30.6166 26.5511 33.6038 26.4553 26.1282 25.124 29.6159 24.5424 26.3156 28.2815 25.926 43.0162 31.678 57.1172 38.4759 30.6165 33.6382 25.9908 24.533 36.6001 30.8902 27.7374 24.7334 29.1285 24.2958 32.6341 59.1148 41.85 31.4523 46.9146 49.7088 39.4455 30.2233 31.7913
threshold=32.500000000000007 44823.500000000007 97616.500000000015 16.435000000000006 17.985000000000003 18667.500000000004 22980.500000000004 192483.50000000003 55991.500000000007 208730.50000000003 50.500000000000007 43.500000000000007 23.125000000000004 17.625000000000004 1.0000000180025095e-35 21.655000000000005 214496.50000000003 52.500000000000007 76250.500000000015 56.500000000000007 184575.00000000003 20.675000000000004 146913.50000000003 62.500000000000007 19.085000000000004 112121.00000000001 126788.50000000001 242402.50000000003 49.500000000000007 18.000000000000004 10704.500000000002 38583.000000000007 19.255000000000006 20.585000000000004 140534.50000000003 17.895000000000003 227080.50000000003 53.500000000000007 42713.500000000007 44312.500000000007 31475.500000000004 63.500000000000007 200145.50000000003 8.0950000000000006 30.000000000000004 152456.00000000003 38583.000000000007 39564.500000000007 100332.50000000001 2.5650000000000004 42383.500000000007 41087.000000000007 1.0000000180025095e-35 222155.50000000003 66142.500000000015 49630.500000000007 15.865 1.0000000180025095e-35 55455.500000000007 41464.000000000007 13.955000000000002 46.500000000000007
decision_type=2 2 2 2 2 2 2 2 2 2 2 2 2 2 2 2 2 2 2 2 2 2 2 2 2 2 2 2 2 2 2 2 2 2 2 2 2 2 2 2 2 2 2 2 2 2 2 2 2 2 2 2 2 2 2 2 2 2 2 2 2 2
left_child=3 2 12 7 11 9 31 46 -9 -4 -7 -3 -2 29 15 26 17 -16 -18 -19 -8 22 23 24 25 -21 27 -6 -29 30 -13 -5 -26 34 -34 36 38 -38 40 -40 -12 42 -42 45 -45 -43 49 -48 50 -1 51 -49 -31 56 55 -55 -54 58 -58 -60 -56 -62
right_child=1 4 5 6 14 10 20 8 -10 -11 35 13 -14 -15 16 -17 18 19 -20 21 -22 -23 -24 -25 32 -27 -28 28 -30 52 -32 -33 33 -35 -36 -37 37 -39 39 -41 41 43 -44 44 -46 -47 47 48 -50 -51 -52 -53 53 54 60 -57 57 -59 59 -61 61 -63
leaf_value=-0.047305812391304866 -0.00195892619714745 0.0033566068274358709 0.017577555127343544 -0.0015466550370014853 0.0070278541289527418 0.015870169789821562 0.013335353663400402 0.024170585277579034 0.0085122153721267756 0.038152416944308119 0.003989219491146734 -0.048991060585592883 0.016139457269423174 -0.020474378789541697 0.0041786654505361403 0.013030032210194019 0.027776085724818978 -0.01942201329713553 0.0047466165882095995 0.019868493767782883 0.019948487038391485 -0.0084482366382662138 0.070797482014716917 -0.012811025716331303 0.082362881802793747 -0.048167348205762239 -0.0079195812039347703 -0.0009862941779895018 -0.083980092141577825 -0.00010622684861473958 0.0048463848092659498 0.0339173496742892 0.0039686284072045852 0.092799349552349059 0.089164801584224143 0.013456036306889855 -0.029252778102921095 0.022566969013964308 0.042120073474257697 -0.047758892444857176 -0.017882406514591265 0.088432658785397522 -0.066843672339392521 -0.05710006126536607 0.016325451690847932 0.014938122018030421 0.048270800988029022 0.013057416985668228 0.0027258791953547121 0.0012457891954773329 0.010342908529251474 -0.059227805986742314 -0.0066175727318246698 -0.057281431100369332 -0.022548129979365988 0.026014600179304459 -0.057589188951344988 -0.011294382682153128 -0.036066687490889544 0.036078700850843158 0.018796563900450702 -0.075473336085580184
leaf_weight=30.081413403153419 2172.1157049685717 5275.9066001698375 696.41263687610626 57.893254473805428 1729.9585941880941 2969.0668358057737 5523.6012801378965 1111.2124537825584 1899.5646374076605 367.08502717316151 673.5333963856101 29.368039086461067 319.23266288638115 219.85769436508417 2231.3085663467646 2413.054873496294 283.24591954052448 318.23130886256695 451.87961873412132 33.137549608945847 2241.4649913311005 632.74243605136871 21.225254066288471 151.9928642436862 21.356298103928566 26.890319555997849 428.6508371680975 28.119563221931458 18.410966351628304 3400.7198672965169 1717.6380023211241 545.18373857438564 88.523534014821053 11.161161005496977 11.455085366964338 918.91827566921711 29.369728282094002 242.49722261726856 72.374977432191372 16.172459915280342 211.29000854492188 19.790688246488571 49.647254303097725 22.712336301803589 49.106657445430756 31.092283174395561 55.357688903808594 27.564179614186287 2269.2596620172262 1161.3012135922909 4325.949467048049 27.847442597150803 2247.1600270494819 18.056931719183922 210.34424959123135 88.349728092551231 17.673088148236275 174.54339514672756 20.775790095329285 200.30353923141956 10.44306370615959 57.699177831411362
leaf_count=134 7056 14961 1183 114 4383 5418 9560 1712 3925 452 1705 203 649 822 5080 5217 504 1026 1047 108 3471 2125 51 629 37 108 1261 62 78 13828 6840 717 271 17 19 1773 84 517 205 75 777 62 204 101 145 110 100 59 5529 3098 9058 105 10850 74 939 244 73 675 90 516 23 266
internal_value=0.00735835 0.00448598 0.0102538 0.0120445 0.00222345 0.0141235 0.0163459 0.00874416 0.0142937 0.024687 0.0120047 4.80315e-05 0.000358685 -0.00202626 0.0055683 0.00836113 0.00255572 0.000259619 0.0136293 -0.00637762 0.0152452 -0.00221365 0.00855803 0.0046896 0.0185313 -0.0105554 0.00324939 0.00594747 -0.0340418 -0.00153036 0.00393574 0.0305049 0.0317449 0.0219081 0.0138593 0.00709018 0.00295947 0.0169418 -0.000355211 0.0256127 -0.00253719 -0.0140063 -0.0272392 0.0140932 -0.00687252 0.0437389 0.0066277 0.00780231 0.00746399 1.1838e-05 0.00991676 -0.0232211 -0.00301259 -0.00625634 -0.0198661 0.011792 -0.00428484 0.00838507 0.0227917 0.029263 -0.0319802 -0.0609465
internal_weight=50726.9 31450.6 8860.42 19276.3 22590.2 6369.07 8368.14 10908.1 3010.78 1063.5 5305.57 13688.8 2491.35 8412.93 8901.34 4618.19 4283.15 3548.02 735.126 1316.72 7765.07 998.485 365.742 344.517 192.524 60.0279 2205.14 1776.49 46.5305 8193.07 1747.01 603.077 132.496 111.14 99.9786 2336.51 1417.59 271.867 1145.72 88.5474 1057.17 383.639 260.937 122.702 71.819 50.883 7897.36 6705.98 6650.62 1191.38 4381.36 55.4116 6446.07 3045.35 384.893 106.407 2660.46 413.296 238.752 221.079 278.486 68.1422
internal_count=130525 92943 20516 37582 72427 12811 13862 23720 5637 1635 11176 50404 7705 35443 22023 11001 11022 9471 1551 4391 13031 3365 1240 1189 560 216 5784 4523 140 34621 7043 831 344 307 290 5758 3985 601 3384 280 3104 1399 981 418 246 172 18083 14851 14751 3232 9222 164 27578 13750 1546 318 12204 1354 679 606 1228 289
is_linear=0
shrinkage=0.05


Tree=49
num_leaves=63
num_cat=5
split_feature=0 2 2 0 4 6 8 5 6 7 2 5 0 5 2 5 8 2 2 5 2 2 0 8 5 0 2 2 5 5 8 2 4 7 2 2 5 5 2 5 0 2 0 5 5 2 0 2 8 2 4 5 0 0 5 5 2 2 5 5 5 2
split_gain=248.199 73.9819 71.3772 53.6049 42.3505 42.063 39.1153 42.3023 30.9218 28.5511 31.5144 62.134 33.1562 63.6063 41.0226 34.838 28.5236 93.0467 31.8344 29.235 27.679 28.8259 32.0221 32.8996 34.3291 27.8846 27.8034 44.7454 28.4805 26.9417 26.6491 25.595 25.1881 24.751 24.4361 33.0386 24.1439 24.0965 37.6392 24.095 21.738 29.9846 21.1726 25.5268 25.3398 21.0923 33.4044 31.4791 36.0767 29.8479 29.2748 24.8864 20.7736 20.6474 20.4856 20.372 19.8128 49.8757 52.8618 43.7012 39.5173 31.0916
threshold=32.500000000000007 97616.500000000015 192483.50000000003 44.500000000000007 18.000000000000004 1.0000000180025095e-35 0 0.30500000000000005 1.0000000180025095e-35 1.0000000180025095e-35 204951.50000000003 0.45500000000000007 63.500000000000007 0.77500000000000013 106303.50000000001 0.80500000000000016 1 103407.00000000001 127441.50000000001 0.7350000000000001 104388.00000000001 143015.50000000003 56.500000000000007 2 0.16500000000000004 64.500000000000014 114930.00000000001 127441.50000000001 0.70500000000000007 0.72500000000000009 3 210613.50000000003 30.000000000000004 1.0000000180025095e-35 20463.500000000004 17455.500000000004 0.15500000000000003 0.72500000000000009 96677.500000000015 0.72500000000000009 23.500000000000004 172132.50000000003 45.500000000000007 0.13500000000000004 0.42500000000000004 32659.500000000004 50.500000000000007 13564.500000000002 4 9752.5000000000018 30.000000000000004 0.79500000000000015 47.500000000000007 24.500000000000004 0.75500000000000012 0.34500000000000003 176874.50000000003 148610.50000000003 0.24500000000000002 0.26500000000000007 0.43500000000000005 143015.50000000003
decision_type=2 2 2 2 2 2 1 2 2 2 2 2 2 2 2 2 1 2 2 2 2 2 2 1 2 2 2 2 2 2 1 2 2 2 2 2 2 2 2 2 2 2 2 2 2 2 2 2 1 2 2 2 2 2 2 2 2 2 2 2 2 2
left_child=2 37 6 -3 16 20 33 40 34 10 12 -12 13 -7 -15 56 17 -5 -18 36 25 22 -22 24 -24 -6 28 -28 -26 -25 52 39 -33 -1 35 -9 -19 38 -2 -13 -8 -42 44 -44 -32 46 49 48 51 -39 -51 -48 -11 -37 -49 -40 57 58 -14 -59 61 -60
right_child=1 3 -4 4 5 9 7 8 -10 30 11 31 15 14 -16 -17 18 19 -20 -21 21 -23 23 29 26 -27 27 -29 -30 -31 42 32 -34 -35 -36 53 -38 45 55 -41 41 -43 43 -45 -46 -47 47 54 -50 50 -52 -53 -54 -55 -56 -57 -58 59 60 -61 -62 -63
leaf_value=0.0087266106852342904 -0.00028540765478811826 0.0090165860132645666 0.016537281893353777 0.086507402644868947 0.029103318405093084 -0.00073019213749118874 0.01051758820489828 0.0086774826105603386 0.0094981650314581549 0.008328951106819641 -0.0066626247801917365 0.014191096464384942 -0.067404278944852555 0.029495028623016468 -0.041702364795100755 0.046465183712926406 -0.0017977815544353713 -0.051980748016508739 0.014406142681902892 -0.032188593764660572 0.0050083900608953371 0.0067694401452474511 -0.070486747356252669 -0.020817825452128881 -0.047928734425787795 -0.019613658076665794 0.031764821119492311 -0.012328062637511182 0.01468332496045757 -0.072487773270198536 0.0018842923374120003 0.034484361669972791 0.0087560923145859147 -0.0010053003245889282 0.016414227934867073 -0.0085230499017222138 0.002539978022655444 -0.02968110687574942 -0.079840921971256112 0.070398621212279563 0.0037643359905080286 -0.019809964698201302 -0.033496484037512229 -0.00016556607451720962 -0.056228449854935116 0.0079721599864428071 -0.013098311006890765 0.0054406835373726663 -0.02696900595277741 -0.0084800307416508271 0.022675318396021757 0.067002908363608657 -0.021684337872969757 -0.076728341833371003 -0.040163946644167281 -0.019475581610892884 0.021967364377809141 0.0190281544814511 0.038595258576994855 -0.06988396480421738 -0.00037552986156904537 0.14022358526333445
leaf_weight=1369.180348187685 7669.6461369544268 8491.0246346890926 5119.5334959775209 27.986033409833908 204.62322074919939 1156.6050387248397 1164.5145529657602 262.54988525807858 4237.7967481762171 68.715635344386101 333.28995251655579 32.998571664094925 18.146527141332626 23.044107601046562 157.98685827851295 60.454020291566849 360.40132613480091 21.513869404792786 1888.2226524427533 93.344765059649944 668.60735631734133 3881.7320436239243 17.040781937539577 151.61146081238985 47.133250378072262 34.094001859426498 121.47162999212742 108.95774593949318 29.287113972008228 30.366327352821827 35.652229323983192 134.38712953776121 328.3142853602767 1247.9237465858459 4265.9443201869726 26.653837367892265 334.78065832704306 49.894377328455448 20.264922894537449 46.111615985631943 1353.9577698260546 149.67610259354115 59.398014932870865 1673.5532077625394 39.099299065768719 1742.382189579308 14.084005087614058 30.564832456409931 35.039428725838661 115.77089197188616 214.89824196696281 30.175631195306778 349.5330637767911 19.181857019662857 122.30720333755016 45.95271909981966 112.49411343038082 20.250320322811604 44.540582232177258 42.671870209276676 72.639161698520184 9.0745301395654661
leaf_count=2788 27321 18755 8898 57 564 3556 2286 568 8604 187 1002 82 106 56 585 157 1216 95 5110 347 1908 10908 93 639 231 149 386 448 103 162 98 285 859 2934 7918 62 1038 184 98 69 3078 372 264 5644 150 5386 71 138 199 372 551 96 1302 74 667 167 318 73 151 234 288 18
internal_value=0.00700293 0.00426517 0.0114792 0.00593388 0.00389489 0.00240331 0.00964188 0.0108988 0.0125789 -0.000975788 0.00258872 0.0103119 -0.00134294 -0.00504926 -0.0326005 0.0116791 0.00942624 -0.00173483 0.0117546 -0.00729483 0.00547956 0.00469254 -0.0021675 -0.0116609 -0.0015668 0.0221192 0.00221502 0.0108977 -0.0238803 -0.0279665 -0.00513026 0.0207622 0.0162453 0.00406879 0.0154315 0.00182067 -0.000751739 0.00073719 -0.000610378 0.0470639 0.00538893 0.00141319 -0.00242701 -0.00131276 -0.0284797 0.00516552 -0.00280735 -0.0177556 0.00775076 0.0063013 0.0117531 0.0338076 -0.0163498 -0.0372801 -0.0310156 -0.0381174 0.00507553 -0.00407211 0.0120912 -0.0412052 0.023601 0.0561183
internal_weight=50639.1 31422.1 19216.9 21331.2 12840.1 10113.9 14097.4 11480.3 8812.13 4818.96 2593.01 875.102 1717.91 1337.64 181.031 380.271 2726.25 477.625 2248.62 449.639 5294.92 5056.21 1174.48 505.868 323.891 238.717 306.85 230.429 76.4204 181.978 2225.95 541.812 462.701 2617.1 4574.33 308.386 356.295 10091 7735.86 79.1102 2668.15 1503.63 1807.7 1732.95 74.7515 2355.12 612.735 232.171 79.2991 380.564 330.669 44.2596 418.249 45.8357 152.872 66.2176 319.817 207.323 144.401 62.9222 126.254 53.6151
internal_count=130525 92943 37582 57693 38938 31075 28684 22962 17226 15484 7839 2297 5542 4197 641 1345 7863 1537 6326 1480 15591 14878 3970 2062 1261 713 1168 834 334 801 7645 1295 1144 5722 8622 704 1133 35250 27586 151 5736 3450 6156 5908 248 7664 2278 1171 366 1107 923 167 1489 136 805 265 1188 870 563 307 457 169
cat_boundaries=0 1 2 3 4 5
cat_threshold=2 2 7 1 9
is_linear=0
shrinkage=0.05


Tree=50
num_leaves=63
num_cat=3
split_feature=1 2 3 3 2 6 3 1 3 3 3 8 3 1 8 3 2 5 2 2 2 5 2 1 5 1 1 5 2 3 1 5 2 1 5 5 1 2 2 2 3 8 2 2 3 1 2 5 5 2 2 2 3 1 5 5 3 1 2 5 3 3
split_gain=200.321 189.756 78.2992 57.0453 54.1516 53.2885 40.8521 40.1807 32.3124 35.5483 30.3063 33.1643 29.9563 47.9156 30.2727 46.4488 30.7558 29.5057 27.4363 26.6673 27.3632 25.0776 49.5742 25.035 29.2646 24.3974 23.7707 30.8459 24.2141 46.5343 26.3068 27.7138 34.6884 28.7093 23.7651 23.0637 28.5715 29.0309 30.5529 26.493 22.8661 28.27 24.9793 35.6545 23.2271 27.9491 25.0099 22.627 32.9538 23.1116 27.5848 25.7063 27.1683 27.6388 23.579 23.4982 22.5508 22.5209 29.0498 22.2534 22.0228 23.6809
threshold=41611.500000000007 170192.00000000003 11.945000000000002 11.215000000000002 76263.500000000015 1.0000000180025095e-35 11.215000000000002 21405.500000000004 21.655000000000005 12.125000000000002 21.835000000000004 0 23.795000000000005 48079.500000000007 1 12.125000000000002 249014.50000000003 0.115 9752.5000000000018 213553.50000000003 210613.50000000003 0.30500000000000005 99521.500000000015 16581.500000000004 0.69500000000000006 62364.500000000007 100332.50000000001 0.13500000000000004 84097.500000000015 13.025 44312.500000000007 0.20500000000000004 71472.500000000015 45378.500000000007 0.25500000000000006 0.78500000000000014 53303.500000000007 236649.00000000003 234668.50000000003 232820.00000000003 7.535000000000001 2 18456.500000000004 26160.500000000004 2.2850000000000006 72545.000000000015 191502.50000000003 0.85500000000000009 0.80500000000000016 15505.500000000002 41464.000000000007 58951.500000000007 19.255000000000006 93272.500000000015 0.54500000000000015 0.43500000000000005 21.205000000000002 86881.500000000015 16519.500000000004 0.89500000000000013 12.035000000000002 18.265000000000004
decision_type=2 2 2 2 2 2 2 2 2 2 2 1 2 2 1 2 2 2 2 2 2 2 2 2 2 2 2 2 2 2 2 2 2 2 2 2 2 2 2 2 2 1 2 2 2 2 2 2 2 2 2 2 2 2 2 2 2 2 2 2 2 2
left_child=1 4 35 19 10 8 -6 -5 9 -4 11 -1 14 -14 16 -16 18 -13 25 20 -3 22 -15 -8 -25 -7 28 -28 29 57 -31 32 -32 -33 -27 -2 -37 38 39 40 41 -38 -42 -44 45 -43 -46 48 49 56 -51 -52 -53 54 55 -54 -35 58 -17 60 -20 -62
right_child=2 3 5 7 6 12 23 -9 -10 -11 -12 17 13 21 15 26 -18 -19 59 -21 -22 -23 -24 24 -26 34 27 -29 -30 30 31 33 -34 47 -36 36 37 -39 -40 -41 42 44 43 -45 46 -47 -48 -49 -50 50 51 52 53 -55 -56 -57 -58 -59 -60 -61 61 -63
leaf_value=-0.01385001696483853 0.0011022439876227353 0.0085810963793609783 0.02887171508147654 0.03289223868803258 0.003922133783203126 0.016724340179989371 0.0285390045042157 0.020434998784988674 0.012779913861703183 0.0068786447013779346 0.01264634711693375 -0.058736102089461631 0.042839034786811066 -0.036353866609297777 -0.050300672536918056 0.092019241298871013 -0.059145001179748372 0.00273310993811768 0.036878166552610475 0.019002064006844968 -0.031975459708002148 0.01241854819267817 0.0092309555807280133 0.0093129804463546809 0.020291746428900859 0.018958992607437178 -0.040333376020405515 -0.0025407898807533824 0.0070809219658941186 -0.062881595698166981 -0.060794621794925632 0.060733952344513745 0.02490046820509742 -0.0673161092717975 -0.05397002287419659 0.022346237385239762 -0.020432919539046471 -0.021830788666414969 0.057203189262751045 -0.08459906099291073 -0.028724518305169779 0.11277874499418127 0.065328235171332433 0.011149581788453211 -0.0040570729430060527 0.016414847907394593 0.018978428726809084 0.031852174429929207 -0.057928085581676808 0.015827610202342749 -0.033115753602989212 0.01806403690861649 -0.055665770311242792 0.0408318684395238 -0.096595307108209669 0.031615718478984228 0.0051901947163385254 0.075073934227337116 -0.0098627460746472991 -0.035658859638626042 0.0029086904697362727 0.0090015551776317093
leaf_weight=390.33644904196262 11187.174962431192 846.03080877661705 187.69969129562378 896.62477195262909 1561.8906667307019 29.345575824379921 264.09536483883858 2352.0281288921833 3911.1136016994715 8846.4489620923996 514.75302924215794 19.632550939917564 111.08360268175602 85.30163948237896 45.049005523324013 8.9487723112106305 18.181776329874992 1786.0290651842952 58.585715964436531 844.48928606510162 43.598219007253647 958.93376626074314 197.40959468483925 2123.7557697594166 852.04543417692184 14.130348108708857 55.714255653321743 1678.9528914839029 1714.4587407261133 21.306931048631668 44.898435242474079 17.14986177533865 15.851546123623846 26.798516437411308 50.909105993807316 260.46519483625889 134.05541039258242 97.906165890395641 28.727654695510864 8.0552446097135526 36.864056155085564 10.028312578797339 31.551733501255512 780.22919158637524 475.52032434940338 30.125135488808155 156.48140867054462 38.625713422894478 30.669836834073067 155.91939915716648 85.634444206953049 92.137072816491127 18.225426420569423 12.188013568520544 14.29352395236492 13.153689771890638 17.609529256820679 23.72518727183342 30.535765096545219 31.51581509411335 3058.7640066668391 3339.3357218503952
leaf_count=1304 39024 1768 409 1206 3946 72 381 3828 7725 21474 1008 96 158 267 178 15 65 5075 126 1505 121 1927 414 4142 1475 41 215 4600 3934 81 187 29 36 122 203 667 571 339 57 36 151 16 70 2222 1872 114 424 84 116 405 295 222 66 21 63 25 44 36 98 99 8268 7329
internal_value=0.0069013 0.0123988 0.00510749 0.0199651 0.00737954 0.00675067 0.0105692 0.0238756 0.00898154 0.00733646 0.00172737 -0.000830281 0.00436651 0.0113808 0.00348433 0.000136292 0.00558584 0.00204745 0.00577477 0.0126353 0.00658454 0.00855919 -0.00451353 0.0137719 0.0124587 -0.0209632 0.000690964 -0.00375975 0.0039341 -0.00413874 -0.00841583 -0.00640678 -0.0383478 -0.0026762 -0.0380441 0.00199622 0.00687205 0.00461589 0.00615069 0.00526234 0.00570786 -0.000316347 0.0114361 0.0132693 0.00393613 0.0408263 0.00164063 -0.00485001 -0.00790496 -0.00436188 -0.000467893 -0.0112741 0.00117587 -0.0256153 -0.0435068 -0.0189355 -0.0385051 0.036632 0.0132756 0.00616482 0.00637029 0.00608959
internal_weight=50793.1 12495.3 38297.8 4982.77 7512.54 25060.6 4801.79 3248.65 12945.3 9034.15 2710.75 2196 12115.3 1352.73 10762.6 4161.85 6600.77 1805.66 6582.59 1734.12 889.629 1241.65 282.711 3239.9 2975.8 94.385 4116.8 1734.67 2382.13 667.672 604.462 583.155 60.75 522.405 65.0395 13237.2 2050.01 1789.54 1691.64 1662.91 1654.86 806.211 848.645 811.781 672.155 40.1534 632.002 505.255 466.629 435.96 391.552 235.632 149.998 57.8607 45.6726 31.3791 44.408 63.2097 39.4845 6488.2 6456.69 6398.1
internal_count=130867 25855 105012 8428 17427 59449 9944 5034 29608 21883 7483 6475 29841 2766 27075 10872 16203 5171 16138 3394 1889 2608 681 5998 5617 316 10694 4815 5879 1945 1796 1715 223 1492 244 45563 6539 5872 5533 5476 5440 2997 2443 2292 2426 130 2296 1463 1379 1263 1097 692 397 175 154 91 166 149 113 15822 15723 15597
cat_boundaries=0 1 2 3
cat_threshold=2 13 4
is_linear=0
shrinkage=0.05


Tree=51
num_leaves=63
num_cat=3
split_feature=0 1 2 1 2 7 0 0 7 2 8 0 2 0 1 2 2 1 8 1 1 2 1 2 5 5 0 5 2 1 5 1 2 0 0 4 5 2 0 5 5 2 8 1 1 0 2 1 5 2 2 2 2 2 1 1 2 1 0 5 1 5
split_gain=213.43 132.507 119.098 106.141 64.6092 57.1837 48.3849 45.357 40.8001 42.7878 36.1568 38.6339 35.4606 31.6168 31.3872 35.8074 28.2847 27.7248 27.3293 27.0613 26.7764 24.2023 24.1198 55.4012 63.2904 32.3923 27.4054 24.1813 23.8055 23.6238 23.5458 34.7864 23.0253 22.7092 24.3519 22.2782 21.6306 23.0593 23.4579 26.4053 42.2901 22.1125 21.4957 30.095 27.5714 24.354 27.3304 29.0615 26.6612 25.1727 22.876 21.4929 21.3709 55.5309 23.7971 32.7678 21.9807 32.6708 26.7292 21.1368 24.0181 25.3019
threshold=28.500000000000004 48079.500000000007 76263.500000000015 22980.500000000004 220299.50000000003 1.0000000180025095e-35 54.500000000000007 64.500000000000014 1.0000000180025095e-35 44346.000000000007 0 43.500000000000007 29902.500000000004 58.500000000000007 61847.500000000007 175017.00000000003 74304.000000000015 20825.500000000004 1 18109.000000000004 35272.000000000007 248093.50000000003 66142.500000000015 142095.50000000003 0.58500000000000008 0.20500000000000004 68.500000000000014 0.75500000000000012 78189.000000000015 122028.50000000001 0.12500000000000003 131617.50000000003 60851.500000000007 20.500000000000004 25.500000000000004 18.000000000000004 0.41500000000000004 21403.500000000004 64.500000000000014 0.53500000000000014 0.49500000000000005 26160.500000000004 2 46452.000000000007 16045.000000000002 64.500000000000014 200145.50000000003 30918.500000000004 0.76500000000000012 121623.50000000001 124491.50000000001 177849.50000000003 114930.00000000001 120659.00000000001 148421.50000000003 146913.50000000003 104388.00000000001 142602.50000000003 44.500000000000007 0.26500000000000007 62928.500000000007 0.24500000000000002
decision_type=2 2 2 2 2 2 2 2 2 2 1 2 2 2 2 2 2 2 1 2 2 2 2 2 2 2 2 2 2 2 2 2 2 2 2 2 2 2 2 2 2 2 1 2 2 2 2 2 2 2 2 2 2 2 2 2 2 2 2 2 2 2
left_child=3 2 16 12 6 13 19 17 14 59 11 -7 33 18 15 -5 -2 -6 -3 -4 -9 -11 23 25 -25 -15 27 -27 -8 -13 31 32 -20 -1 -35 -33 -31 -38 41 40 -40 -39 44 -44 -30 46 49 48 -48 -46 -51 -21 56 -54 55 -55 -12 58 -58 60 -10 -62
right_child=1 5 4 8 7 10 28 20 9 21 52 29 -14 22 -16 -17 -18 -19 30 51 -22 -23 -24 24 -26 26 -28 -29 42 36 -32 35 -34 34 -36 -37 37 38 39 -41 -42 -43 43 -45 45 -47 47 -49 -50 50 -52 -53 53 54 -56 -57 57 -59 -60 -61 61 -63
leaf_value=-0.062401160671151382 1.1059699464632579e-05 0.0088785848537954303 0.022093193605334339 0.013223010759832184 0.034835110727771741 0.0060625558126635518 0.047187392179610939 0.0062749151715844461 -0.053974957738289732 0.0094915550411692265 -0.0059066031790502389 0.0009956593609294045 0.02886415277148896 -0.065676947198869184 0.010721469809466829 0.026162444268795944 -0.034406113276821519 0.019228046946438985 -0.073340669285476903 0.008399858582892869 -0.042435672851235479 -0.029042991523659745 -0.0027765114597686456 0.0011628437178347326 0.047427152636644168 0.0090221569409246419 -0.066037253824106662 -0.041044013246596879 0.036113486124403363 -0.018118293409346734 0.0043022679779453916 0.078210005790501261 -0.017644691990119307 0.026903444317704722 -0.044531950778955116 0 -0.05026857612473537 0.07528891269387325 -0.036038730987244687 -0.044602030828980885 0.10341859054402108 0.00196181160750321 -0.0066803219213211586 0.040908977340014932 -0.012207438512920514 0.014861289194582648 0.0083091536945130266 -0.062559984393001825 -0.086856107237009261 0.057669467532602138 0.0067288083543412328 0.015912864809580877 0.030115465697369566 -0.0024699552473675152 0.032040397592029021 -0.062323121017069806 -0.012342951462624034 0.029429814519395466 -0.054762818655725402 0.00087587677753264313 -0.0018495832878008289 -0.093568599390953661
leaf_weight=14.690728977322577 2281.5885692983866 4581.1780060902238 616.11315076053143 1503.2939155995846 371.78558930754662 3424.4069275334477 29.931585244834423 113.11671869456768 38.034636050462723 5367.0457279384136 1641.9826349914074 2945.5379602313042 1046.9105092436075 22.419056542217731 4624.672173589468 832.68896666169167 61.191456265747547 1232.8169565498829 22.62058812379837 2891.0173344910145 37.435395956039429 40.901719346642494 2007.2879019454122 152.45771408081055 143.83531859517097 177.0874731913209 15.752011880278586 27.805828005075455 73.593787401914597 342.47507961094379 6217.3737628385425 13.213873900473116 104.62862784415483 42.490489304065704 16.448061153292656 28.941249929368496 24.065432734787464 10.405341893434523 13.491192974150183 55.190361112356186 8.9375566616654378 497.25866232067347 703.60234270989895 34.746733717620373 192.57491124421358 378.35027073323727 52.529507964849472 34.192423298954964 8.4492243528366071 23.156961217522621 435.5144899263978 1423.8900139480829 138.65497799217701 2530.5256939157844 49.233809314668179 22.984510846436024 75.615108668804169 23.902868717908859 73.736941292881966 708.95501512289047 109.28993159532547 7.9863999187946311
leaf_count=48 7118 11615 963 2743 483 8550 74 234 133 10673 6379 10853 1491 133 8880 1223 212 2192 117 6096 137 103 8571 511 329 702 92 142 108 1586 16587 20 337 71 49 80 149 30 77 321 28 1820 2017 91 612 982 103 138 31 43 1116 2532 380 7847 125 103 221 67 381 1710 274 34
internal_value=0.00656294 0.00452608 0.0091114 0.0117263 0.0118191 0.00254033 0.00963804 0.0203867 0.0104744 0.00754754 9.02767e-06 0.0021847 0.0265045 0.00476479 0.0131109 0.0178385 -0.000887184 0.0228493 0.00593013 0.012283 -0.00582411 0.00919865 -0.000252186 0.00913192 0.0236471 -0.00854385 -0.00268897 0.00218664 0.00300346 -0.00121575 0.0037945 -0.0145795 -0.0276346 -0.00697206 0.00684152 0.0246825 -0.00806388 -0.0024027 -0.000417779 -0.0260067 0.0195236 0.00348914 0.00231562 -0.00436959 0.00642166 0.00452853 -0.000703618 -0.0257222 -0.00491572 0.00294823 0.00932356 0.0108806 -0.00348294 -0.000702129 -0.00234688 -0.00301308 -0.00769873 -0.0246412 -0.0333422 -0.00277802 -0.0194792 -0.00821255
internal_weight=50742 36388.6 10995.6 14353.4 8652.82 25393 6897.66 1755.15 13232.9 6272.21 11878.4 7321.77 1120.54 13514.6 6960.66 2335.98 2342.78 1604.6 10968 4931.02 150.552 5407.95 2546.65 539.357 296.293 243.064 220.645 204.893 1966.64 3897.36 6386.78 169.404 127.249 73.6293 58.9386 42.1551 951.824 609.349 585.283 77.6191 22.4287 507.664 1936.71 738.349 1198.36 1124.77 746.418 95.1712 60.9787 651.246 458.671 4314.91 4556.64 2741.4 2602.74 2553.51 1815.24 173.255 149.352 864.266 155.311 117.276
internal_count=130867 103435 25282 27432 17952 78153 14906 3046 25773 12927 38917 23414 1659 39236 12846 3966 7330 2675 28756 9591 371 10776 10480 1909 840 1069 936 844 5315 14864 17141 554 454 168 120 100 4011 2425 2276 426 105 1850 5241 2108 3133 3025 2043 272 134 1771 1159 8628 15503 8455 8075 7950 7048 669 602 2151 441 308
cat_boundaries=0 1 2 3
cat_threshold=25 9 22
is_linear=0
shrinkage=0.05


Tree=52
num_leaves=63
num_cat=3
split_feature=0 1 2 1 3 3 2 3 1 8 0 2 0 5 3 0 2 2 2 3 3 0 3 5 3 1 0 2 5 1 5 3 2 5 0 8 0 2 2 2 2 2 3 2 2 3 2 2 1 0 5 5 3 3 2 8 1 3 2 5 3 5
split_gain=193.955 120.227 108.028 98.5503 66.4079 55.5443 52.479 50.2548 49.8512 39.1163 34.4502 34.0863 33.3576 32.706 31.3734 31.2825 42.2993 38.4499 38.0573 37.7108 46.5099 30.511 64.1801 34.7578 44.4099 30.7538 29.9336 38.6779 50.2022 35.1401 31.0767 30.9454 37.2324 29.3657 28.6419 43.1855 39.0266 32.101 28.6277 28.1747 27.0898 46.345 31.8131 26.8621 26.9037 25.9421 25.8145 31.3694 25.7591 25.0863 24.8982 46.2847 27.8828 37.0878 24.4032 49.9302 30.3128 29.3118 30.7378 26.8283 24.811 42.1572
threshold=28.500000000000004 48079.500000000007 76263.500000000015 22980.500000000004 11.215000000000002 19.705000000000002 220299.50000000003 11.855000000000002 135318.50000000003 0 53.500000000000007 145837.50000000003 64.500000000000014 0.46500000000000002 7.245000000000001 48.500000000000007 118757.00000000001 126526.50000000001 240526.50000000003 10.115 8.5450000000000017 64.500000000000014 13.485000000000001 0.54500000000000015 13.115 60260.500000000007 58.500000000000007 154388.50000000003 0.45500000000000007 92267.500000000015 0.88500000000000012 17.625000000000004 226113.00000000003 0.53500000000000014 50.500000000000007 1 54.500000000000007 143015.50000000003 198279.00000000003 182654.50000000003 79245.000000000015 82107.000000000015 20.145000000000003 8834.5000000000018 5959.5000000000009 11.675000000000002 186616.00000000003 171167.50000000003 43258.500000000007 33.500000000000007 0.37500000000000006 0.39500000000000007 6.495000000000001 6.4050000000000011 152456.00000000003 2 52769.500000000007 5.6150000000000011 154388.50000000003 0.13500000000000004 19.085000000000004 0.52500000000000013
decision_type=2 2 2 2 2 2 2 2 2 1 2 2 2 2 2 2 2 2 2 2 2 2 2 2 2 2 2 2 2 2 2 2 2 2 2 1 2 2 2 2 2 2 2 2 2 2 2 2 2 2 2 2 2 2 2 1 2 2 2 2 2 2
left_child=3 2 14 11 13 54 10 15 -7 26 -6 -1 48 34 50 18 -17 -18 -3 20 -20 -11 23 24 -23 -24 43 -28 29 31 -30 -29 -33 49 46 -36 -37 -38 39 -31 -12 -42 -43 44 -9 -19 47 -4 -8 -15 -2 -52 53 -53 55 -5 -56 58 -58 -57 -61 -62
right_child=1 7 4 5 6 8 12 9 -10 21 40 -13 -14 33 -16 16 17 45 19 -21 -22 22 25 -25 -26 -27 27 28 30 38 -32 32 -34 -35 35 36 37 -39 -40 -41 41 42 -44 -45 -46 -47 -48 -49 -50 -51 51 52 -54 -55 56 59 57 -59 -60 60 61 -63
leaf_value=0.016970806181055436 -0.035910835941753261 0.002557866714633223 0.0013973796260223655 0.0094694043837940528 0.014922356500970894 0.017193960210139175 0.02941421272564982 0.022534058459309111 -0.0029657758295435284 0.0027799947490198046 0.049790147962341991 0.03456291864903039 -0.0033589259616646477 -0.016714222054045772 0.0015566964007877829 -0.011630655868185966 0.027946028684331655 -0.00087028854165056109 -0.017783657970356279 0.022235569176788924 -0.087309853065730317 0.022709701907312044 -0.041372581948930648 -0.009957005164563746 0.11155814944861056 -0.0087812072112726618 -0.0077995731082053377 0.035151512191167224 0.02323770702670826 -0.035391590185234481 -0.07636362399497465 -0.039972668528641099 0.032300171200854225 0.0064800388901104945 0.00077193613492906323 -0.086001034371546339 -0.067519554882626925 -0.0075522562014422329 -0.052938828626286266 0.032410821900148684 -0.080226293045096125 -0.00084552068718633648 0.014302398399430611 0.0087857091105019575 -0.04699979144978618 -0.042245012446373603 0.014777317383603803 -0.039843625038390222 0.0042193836014548384 0.029213167735499895 0.076536068897649884 -0.0097929405339434936 -0.056905202715413175 0.094802853179219992 0.017825693050109667 0.024102706274055703 0.077748225982475619 0.01035366847270632 -0.0050314536093134625 -0.00084636772801540772 -0.0073298429613748986 -0.10370957789921272
leaf_weight=569.61109128594398 99.227635182440281 4920.3331165537238 368.91401049494743 3363.7348285466433 3161.6745703667402 3244.1218843609095 923.64797088503838 20.571780607104301 338.17488873004913 9147.484340891242 33.878119394183159 536.70360543578863 101.4025884270668 33.380731850862503 1998.2809224948287 1286.7070092782378 115.8229962438345 1836.7168180495501 127.18143650889397 41.981132611632347 29.68692621588707 42.349217519164085 81.785766497254372 34.017684385180473 21.160409279167652 633.571223936975 717.35033329576254 63.253608658909798 359.86762005090714 32.816273391246796 7.8881582021713248 46.38900887966156 28.74269688129425 1376.0532507821918 274.53426509350538 29.08408160507679 29.122178710997105 95.66013266146183 57.576835989952087 28.536427184939384 15.816350817680357 819.36681723594666 599.89159980416298 5629.1685823053122 42.082625433802605 38.594154939055443 339.33517704904079 52.565609410405159 114.53595541417599 258.75320145487785 15.701612137258051 190.7005310729146 29.861124135553837 8.7641281932592374 1135.3267823755741 105.01210208237171 11.383161947131155 2624.5514880567789 470.77026905119419 1854.7932706326246 40.501423552632332 15.742391645908354
leaf_count=948 560 15674 949 7166 5521 5145 1341 50 660 23492 69 711 230 83 5669 8123 531 8404 419 86 124 165 356 158 47 2533 2910 178 960 145 36 166 60 3312 899 133 167 309 255 81 70 2115 1167 12873 160 167 633 158 238 558 48 878 157 18 1870 220 14 4918 1233 4401 86 60
internal_value=0.00624375 0.00430289 0.00867714 0.0111749 0.0112626 0.00997311 0.0143499 0.00241283 0.0152894 0.00397645 0.0119818 0.0255121 0.0239663 0.00502594 -0.000842969 -0.000751177 -0.00456537 0 0.00169014 -0.0197463 -0.0310204 0.00195267 -0.00732628 0.0306889 0.0525201 -0.0125196 0.00682881 0.000118544 0.00921341 -0.00771076 0.0210675 0.00938951 -0.012251 0.00954263 -0.00130597 -0.0116486 -0.0318122 -0.0216306 -0.0276417 -0.00377248 0.00564875 0.00459981 0.00555423 0.00842252 -0.02409 -0.00172666 0.00451194 -0.00374244 0.0266401 0.0239442 -0.0147831 -0.00619557 -0.0119128 -0.00512693 0.00799314 0.00575499 0.0108302 0.00827165 -0.00305102 -0.000484686 -0.00184211 -0.034531
internal_weight=50672.2 36361.8 10970.2 14310.4 8627.62 13204.1 5770.21 25391.6 3582.3 16994.6 4630.63 1106.31 1139.59 2857.4 2342.54 8397.02 3277.84 1991.13 5119.18 198.849 156.868 9960.37 812.884 97.5273 63.5096 715.357 7034.24 1342.42 625.071 257.315 367.756 138.385 75.1317 1668.19 1189.22 428.401 153.866 124.782 118.93 61.3527 1468.95 1435.07 1419.26 5691.82 62.6544 1875.31 760.815 421.48 1038.18 292.134 344.255 245.027 229.326 199.465 9621.82 5379.78 4242.03 3106.7 482.153 2016.05 1911.04 56.2438
internal_count=130867 103435 25282 27432 17952 25773 10751 78153 5805 44625 8942 1659 1809 7201 7330 33528 17225 9102 16303 629 543 26751 3259 370 212 2889 17874 4791 1881 885 996 404 226 3953 3248 1508 609 476 481 226 3421 3352 3282 13083 210 8571 1740 1107 1579 641 1661 1101 1053 896 19968 11933 8035 6165 1247 4767 4547 146
cat_boundaries=0 1 2 3
cat_threshold=9 21 13
is_linear=0
shrinkage=0.05


Tree=53
num_leaves=63
num_cat=0
split_feature=0 1 2 1 2 7 0 0 7 2 6 2 2 1 2 1 2 5 1 5 5 0 0 2 1 2 5 2 0 5 2 0 5 2 0 5 0 1 2 1 1 1 1 1 0 1 0 2 1 1 2 1 1 2 1 6 2 0 5 5 1 5
split_gain=176.41 109.109 97.9781 91.4384 55.0591 51.5839 40.928 38.6806 37.2837 38.0976 33.5889 36.1025 32.6718 27.8207 32.2096 26.9772 25.6079 25.5274 25.3332 22.9912 22.7145 34.8532 22.9539 26.5471 31.1432 22.3274 36.4815 41.0447 28.2847 25.0644 23.5009 23.0891 22.4464 35.5232 30.6241 30.3727 27.5923 28.496 21.9937 21.966 21.6305 21.5766 29.6676 21.1797 47.5567 40.5496 27.0883 28.6574 26.7149 34.5398 30.2938 39.1049 26.4814 24.298 22.4154 36.5081 24.2625 22.41 35.6146 22.1682 21.1581 21.0016
threshold=28.500000000000004 48079.500000000007 76263.500000000015 22980.500000000004 220299.50000000003 1.0000000180025095e-35 54.500000000000007 64.500000000000014 1.0000000180025095e-35 44346.000000000007 1.0000000180025095e-35 240526.50000000003 53980.500000000007 61847.500000000007 175017.00000000003 20825.500000000004 74304.000000000015 0.74500000000000011 18109.000000000004 0.84500000000000008 0.12500000000000003 31.500000000000004 57.500000000000007 32659.500000000004 73582.500000000015 115815.50000000001 0.76500000000000012 109256.50000000001 30.500000000000004 0.68500000000000016 104388.00000000001 54.500000000000007 0.46500000000000002 118757.00000000001 42.500000000000007 0.39500000000000007 40.500000000000007 112026.50000000001 248093.50000000003 128394.00000000001 77870.500000000015 67250.500000000015 90081.500000000015 103514.00000000001 62.500000000000007 94957.500000000015 67.500000000000014 86019.000000000015 87411.000000000015 83180.000000000015 61847.500000000007 67250.500000000015 120430.00000000001 61847.500000000007 68316.500000000015 1.0000000180025095e-35 84097.500000000015 56.500000000000007 0.84500000000000008 0.80500000000000016 143671.50000000003 0.24500000000000002
decision_type=2 2 2 2 2 2 2 2 2 2 2 2 2 2 2 2 2 2 2 2 2 2 2 2 2 2 2 2 2 2 2 2 2 2 2 2 2 2 2 2 2 2 2 2 2 2 2 2 2 2 2 2 2 2 2 2 2 2 2 2 2 2
left_child=3 2 16 12 6 10 18 15 13 -10 11 20 -1 14 -5 -6 -2 -9 -4 -8 21 -3 23 24 -22 26 29 28 -28 30 -7 -31 34 41 35 36 -27 40 -11 -36 -38 -34 -43 44 45 48 47 53 49 50 51 -30 -48 -45 56 -56 -52 59 -59 -55 -32 -42
right_child=1 5 4 8 7 25 19 17 9 38 -12 -13 -14 -15 -16 -17 -18 -19 -20 -21 22 -23 -24 -25 -26 32 27 -29 43 31 60 -33 33 -35 39 -37 37 -39 -40 -41 61 42 -44 46 -46 -47 52 -49 -50 -51 54 -53 -54 57 55 -57 -58 58 -60 -61 -62 -63
leaf_value=0.0033427192252766095 4.9771414759862274e-05 -0.094977375269104256 0.02072814059419284 0.012132456344050038 0.033030339519682844 -0.0010020571564584517 0.0010428850082758014 0.0018664493896063793 -0.0030461642657511998 0.008542976721840595 0.0018076940563162764 -0.011754711766866566 0.028089507778232371 0.0097800819664531895 0.02448621643158928 0.017443889129245792 -0.032784397835927563 -0.062740751352448373 0.0098127800467293289 0.021139778153407587 -0.024469346666129266 -0.0043544496877153714 0.0021749272885014308 0.010612421389160525 0.0053181070774770091 0.0042344370501814664 0.020170553032468452 -0.062931034162407556 -0.005857615171117778 0.014953123111989045 -0.018606653028367583 -0.0080933639148992494 -0.037864304143634869 0.0034255405610856891 -0.0033750825445428827 -0.01159652296414752 0.028992661688383187 0.049870696294991121 -0.028133613057495139 -0.018276909307312062 0.0088150348487256031 0.080059940023888165 0.018928510934417487 -0.031758643421406288 -0.055635695012198727 0.033474684248229795 -0.059669605326504088 -0.058997305188731468 -0.046615698336202036 0.03977642367232636 -0.062129522355354329 -0.068647621184979593 0.088868916390194064 0.025439799009711418 0.054007310153478788 -0.027007838257282913 0.006120714120373863 0.080177785640326682 -0.063656021473105492 -0.038785970722366434 0.02601946167538309 -0.063806815022743324
leaf_weight=156.11059814691544 2279.4522151425481 11.257798835635183 607.88459505140781 1494.3775945752859 361.00563490390778 3082.3912634328008 1811.6634351760149 132.97294272482395 863.53327795863152 5346.0817341059446 6484.544409789145 252.49346152693033 936.17973403632641 4606.9356655180454 818.47765791416168 1220.4316759556532 60.863576874136925 17.157871976494789 4295.6577573269606 154.42264047265053 114.07675539702177 164.22549734264612 1362.0182465910912 4747.9099224805832 378.65542366355658 960.47075609862804 70.927124217152596 38.210796788334846 65.639796085655689 419.02606057375669 313.03372509032488 146.3405104726553 9.1162772774696332 3880.5119782686234 1407.4046562463045 254.24762931466103 54.973552331328392 72.35179391503334 41.033003970980644 300.32317495346069 26.146900504827499 32.402807548642159 51.95285065472126 132.32784035056829 42.98959731310606 72.262261241674423 4.1836659982800475 55.825918160378933 39.216767527163029 40.890181116759777 18.70761189609766 39.966150656342506 9.7940641269087774 21.843986518681049 42.539241060614586 20.468699529767036 41.941302143037319 17.352072447538379 5.5914214625954619 34.360067076981068 28.846672624349594 15.864477694034575
leaf_count=317 7118 48 963 2743 483 11616 4957 309 2151 10673 19777 729 1342 8880 1223 2192 212 62 8628 358 394 552 5282 11370 1084 2259 156 171 230 1160 1200 710 38 11270 4984 674 110 139 103 1289 64 53 151 599 269 196 30 256 178 102 79 186 37 64 84 78 123 48 34 133 86 61
internal_value=0.00594153 0.00409123 0.00826527 0.0106538 0.0107333 0.00229195 0.00872331 0.0187039 0.00950015 0.00669909 0.00440425 0.00679835 0.0245579 0.0120295 0.0165073 0.0210069 -0.000803361 -0.00552082 0.0111674 0.0026249 0.00749037 -0.0102474 0.0079627 0.00946589 -0.00157167 -0.000112619 -0.00274266 -0.0123818 -0.00988119 -0.000771975 -0.00238351 0.00897851 0.0016751 0.00416113 -0.0015187 0.00400649 0.00752287 0.0261317 0.00826217 -0.00599958 0.00833758 0.0346096 0.0425366 -0.0129102 -0.00584323 -0.00020807 -0.023555 -0.0271186 -0.00810008 -0.00247528 -0.0100469 -0.02971 0.0439467 -0.0186556 0.00671583 0.0276085 -0.0149169 0.00320084 0.0447838 -0.0137347 -0.0148201 -0.0185763
internal_weight=50589.9 36327.1 10941.5 14262.7 8601.2 25385.6 6869.63 1731.57 13170.4 6250.65 13515.2 7030.64 1092.29 6919.79 2312.86 1581.44 2340.32 150.131 4903.54 1966.09 6778.14 175.483 6602.66 5240.64 492.732 11870.4 4804.68 815.039 776.828 3989.64 3424.27 565.367 7065.77 3973.98 3091.78 1384.06 1129.81 169.337 5387.11 1707.73 96.9849 93.4719 84.3557 705.901 424.622 381.632 281.279 267.301 309.37 270.153 229.263 105.606 13.9777 211.475 123.657 63.0079 60.6489 79.1475 22.9435 56.2041 341.88 42.0114
internal_count=130867 103435 25282 27432 17952 78153 14906 3046 25773 12927 39236 19459 1659 12846 3966 2675 7330 371 9591 5315 18730 600 18130 12848 1478 38917 17825 3053 2882 14772 12902 1870 21092 11512 9580 3307 2633 374 10776 6273 235 242 204 2726 1525 1256 1201 1134 1060 882 780 416 67 878 364 162 202 279 82 197 1286 125
is_linear=0
shrinkage=0.05


Tree=54
num_leaves=63
num_cat=5
split_feature=0 1 2 1 0 2 2 7 2 0 7 1 2 8 2 5 2 0 0 8 0 0 1 8 1 1 0 5 7 5 8 0 1 5 1 1 1 2 1 5 1 1 1 2 1 2 1 1 2 2 2 2 2 2 2 2 1 1 2 2 5 8
split_gain=160.463 94.2104 96.1322 84.2053 55.1169 55.1265 50.3536 49.464 46.9987 36.9055 33.4413 32.35 31.6107 36.5976 30.8072 29.9358 27.9731 27.9531 27.7594 27.7307 31.4187 27.6129 26.4822 25.3276 24.2771 23.5074 22.249 21.8332 21.9757 21.7794 30.882 55.132 30.3954 42.4599 33.1999 26.7918 30.5239 24.5562 31.5001 21.94 21.2246 20.8987 20.8283 34.366 22.7343 20.7388 32.5051 20.5484 20.3697 22.4151 65.377 20.7327 40.98 20.2129 20.1017 30.4604 21.0909 53.8601 35.555 32.8562 46.2451 24.4375
threshold=29.500000000000004 42713.500000000007 220299.50000000003 22980.500000000004 55.500000000000007 48080.500000000007 52967.000000000007 1.0000000180025095e-35 41464.000000000007 63.500000000000007 1.0000000180025095e-35 98634.000000000015 173090.00000000003 0 44346.000000000007 0.26500000000000007 168181.50000000003 25.500000000000004 58.500000000000007 1 43.500000000000007 39.500000000000007 28808.500000000004 2 18109.000000000004 35272.000000000007 28.500000000000004 0.25500000000000006 1.0000000180025095e-35 0.32500000000000007 3 66.500000000000014 143136.50000000003 0.77500000000000013 146913.50000000003 107755.50000000001 104007.50000000001 143920.00000000003 84750.500000000015 0.8650000000000001 144760.50000000003 82095.500000000015 148421.50000000003 62750.500000000007 147938.50000000003 245227.00000000003 63990.500000000007 122028.50000000001 125546.00000000001 129375.50000000001 131315.50000000003 6913.5000000000009 8834.5000000000018 194460.50000000003 113951.50000000001 105339.50000000001 66692.000000000015 78902.500000000015 148610.50000000003 142095.50000000003 0.43500000000000005 4
decision_type=2 2 2 2 2 2 2 2 2 2 2 2 2 1 2 2 2 2 2 1 2 2 2 1 2 2 2 2 2 2 1 2 2 2 2 2 2 2 2 2 2 2 2 2 2 2 2 2 2 2 2 2 2 2 2 2 2 2 2 2 2 1
left_child=3 2 4 6 5 8 17 18 -2 -4 11 12 13 16 15 25 -5 -1 23 20 48 22 -10 45 -7 -12 -19 28 -6 30 31 40 39 -34 -35 36 37 38 -33 54 -20 -18 44 -44 -21 -3 -47 -22 51 -50 -51 -9 -53 -8 55 -31 59 61 -59 60 -56 -58
right_child=1 7 9 10 27 24 53 19 21 -11 14 -13 -14 -15 -16 -17 41 26 29 42 47 -23 -24 -25 -26 -27 -28 -29 -30 32 -32 35 33 34 -36 -37 -38 -39 -40 -41 -42 -43 43 -45 -46 46 -48 -49 49 50 -52 52 -54 -55 56 -57 57 58 -60 -61 -62 -63
leaf_value=0.0094649748528502792 0.00080791795468768829 0.0086569786578317466 0.022705683501238361 0.018399670362333073 -0.00069410412134661393 0.019360738457665963 0.02237776564103126 0.043727158959909494 -0.052981975358990657 -0.0027820455801782374 -0.09491834561124593 0.0069770212677355411 0.019368645394262432 0.0057705282599889215 0.007665781774504366 0.002051934000151493 -0.055991841982225593 -0.019251831936973385 -0.013628452503281577 -0.0033800603709929697 0.00080635472117847004 -0.064212421061652758 0.021255882309026409 0.0033566063809797168 0.0090992262426761693 -0.016439511576492507 -0.10901488083577478 0.0013238519320596712 -0.025463021480051196 0.0014116957267099784 -0.016318328792213378 -0.062789679187523817 -0.043244513528728629 -0.038206497073701412 0.067072494887029585 -0.0051372223911150261 0.15508849517856729 0.065996920741548018 0.067853532015620263 -0.018776934161002526 0.054248996441195699 0.03486028885068472 -0.070384418548005506 0.033504943555964818 -0.072899739777284714 0.028351719173749391 -0.039074904119288045 -0.0075913675369035484 0.036907109726008643 -0.092192671224857581 0.0086550980286621542 -0.078075298412859012 0.0010579064222576763 0.037976324876373022 0.050779986392548673 -0.038722808599256933 0.012969843970141249 0.02985325485645416 0.0033480110258932144 0.026077722190367282 -0.05649104483310944 -0.039786819349741091
leaf_weight=117.43945525586605 697.44611150026321 4592.1837404370308 1300.3369998931885 1238.6494289040565 193.43897534906864 672.19980081915855 705.87850753962994 27.724005118012428 20.767555490136147 159.02997697889805 10.108230993151663 2852.0077073872089 1626.2361221164465 1701.1575959771872 5839.3132043480873 779.85178333520889 21.870960667729381 34.371502846479416 189.52919863909483 4556.3954282104969 3161.9628004878759 46.400111258029938 28.117256507277489 6533.70151784271 4095.1256097778678 156.59180542826653 8.6321992576122266 1722.2413402795792 167.34166226536036 617.58292738348246 415.94383306056261 10.206353157758715 77.100927755236626 12.180028781294824 18.978832378983498 25.605412058532238 6.7842645719647399 37.74033048003912 8.2461941167712194 100.74444711953402 12.140214681625364 8.7413275986909849 8.8281791508197767 71.993160232901573 11.698078848421572 26.474850445985794 54.207783222198486 946.11502105742693 68.444876834750175 16.107354506850243 1810.7210160046816 16.449447400867939 1430.3114497214556 296.9783898666501 15.093875110149382 51.082382962107658 28.22911973297596 169.34393090754747 501.88200703263283 287.22138847410679 29.439192950725555 78.017637215554714
leaf_count=225 2019 11598 2111 2170 609 1122 1074 69 67 371 43 5694 2637 3413 11774 1876 65 85 850 15602 11584 204 53 17533 8446 444 36 5036 623 2832 1905 66 399 59 49 130 14 86 28 445 37 12 48 187 62 45 178 4011 127 68 4075 77 3998 387 40 257 89 642 1817 768 147 349
internal_value=0.00565172 0.00378598 0.00816456 0.00990788 0.00591818 0.00851711 0.0228443 0.0022544 -0.00368697 0.0199248 0.00885016 0.0111642 0.0137609 0.0106885 0.00630923 -0.00205406 0.0170949 -0.00313356 0.00429039 -7.88601e-05 0.00180529 -0.0366065 -0.010224 0.00538578 0.0105475 -0.0212823 -0.0375972 -0.00101664 -0.0122005 -0.000265931 -0.00780906 0.00476712 0.00241284 -0.02333 0.0257683 0.0377994 0.0553164 0.0429278 -0.00408644 0.00390014 -0.00949268 -0.0298572 -0.00310779 0.0220223 -0.00356077 0.00819709 -0.0168802 -0.00112661 0.00538635 0.00881538 0.00775818 0.000975056 0.000149384 0.0270053 0.00518893 -0.00165222 0.00931721 0.00480379 0.0100459 0.0198748 -0.0199887 -0.0282453
internal_weight=50526.7 35128.9 9102.45 15397.8 7643.08 5560.06 1163.3 26026.4 792.731 1459.37 14234.5 7448.66 4596.66 2970.42 6785.87 946.552 1269.26 160.443 13899.7 12126.8 7477.84 95.2849 48.8848 11206.6 4767.33 166.7 43.0037 2083.02 360.781 2693.09 706.196 290.252 1986.9 108.26 31.1589 88.5826 62.9771 56.1929 18.4525 1878.64 201.669 30.6123 4648.91 80.8213 4568.09 4672.87 80.6826 4108.08 3369.76 1895.27 1826.83 1474.48 1446.76 1002.86 1777.89 668.665 1109.23 777.473 671.226 331.754 44.5331 106.247
internal_count=130867 100932 20661 29935 18179 11911 1807 80271 2343 2482 28128 13991 8297 5660 14137 2363 2247 346 40363 39908 24009 324 120 29354 9568 487 121 6268 1232 11009 3116 1211 7893 507 108 324 194 180 94 7386 887 77 15899 235 15664 11821 223 15595 8414 4270 4143 4144 4075 1461 6941 3089 3852 2897 2459 955 187 438
cat_boundaries=0 1 2 3 4 5
cat_threshold=5 25 9 3 1
is_linear=0
shrinkage=0.05


Tree=55
num_leaves=63
num_cat=5
split_feature=0 1 1 1 8 2 2 2 8 2 1 4 4 2 8 0 1 1 0 1 6 1 4 6 4 5 2 2 5 0 2 5 2 5 2 2 0 5 1 2 1 2 6 4 1 1 5 2 6 6 4 0 1 8 0 1 8 2 2 5 1 2
split_gain=183.436 107.563 88.3855 59.0687 51.8156 50.0743 48.0302 43.9734 43.8488 42.7047 36.407 33.4134 34.754 33.042 32.0385 32.0263 31.5207 33.1957 31.435 30.8814 30.4348 37.3653 29.3855 43.1279 37.4422 36.1373 34.7883 28.0743 27.9025 26.9476 30.9971 26.8683 26.5986 26.5604 37.2842 26.0815 31.9211 25.9041 45.0253 40.5967 30.959 30.4151 30.0577 35.5344 28.7979 32.2741 25.6806 29.8733 25.173 24.9905 49.1447 31.2841 24.3074 24.0597 28.2271 23.4585 23.0925 27.4471 25.2456 26.6577 24.3223 35.7417
threshold=36.500000000000007 29907.000000000004 18667.500000000004 93272.500000000015 0 85049.500000000015 133286.50000000003 208730.50000000003 1 89018.500000000015 30918.500000000004 42.000000000000007 54.000000000000007 74304.000000000015 2 61.500000000000007 83723.500000000015 87411.000000000015 67.500000000000014 93821.000000000015 1.0000000180025095e-35 138466.00000000003 18.000000000000004 1.0000000180025095e-35 42.000000000000007 0.84500000000000008 111207.50000000001 50994.000000000007 0.18500000000000003 52.500000000000007 151496.50000000003 0.79500000000000015 14553.000000000002 0.42500000000000004 219330.50000000003 186616.00000000003 25.500000000000004 0.25500000000000006 85268.000000000015 36578.500000000007 29907.000000000004 45236.500000000007 1.0000000180025095e-35 30.000000000000004 59170.500000000007 57053.500000000007 0.72500000000000009 248093.50000000003 1.0000000180025095e-35 1.0000000180025095e-35 30.000000000000004 49.500000000000007 31475.500000000004 3 56.500000000000007 92767.500000000015 4 84097.500000000015 65593.500000000015 0.32500000000000007 108298.50000000001 70518.500000000015
decision_type=2 2 2 2 1 2 2 2 1 2 2 2 2 2 1 2 2 2 2 2 2 2 2 2 2 2 2 2 2 2 2 2 2 2 2 2 2 2 2 2 2 2 2 2 2 2 2 2 2 2 2 2 2 1 2 2 1 2 2 2 2 2
left_child=1 6 7 5 10 8 14 53 15 56 -3 13 18 31 -1 16 -4 27 28 -11 33 35 -21 -24 26 29 -25 -18 -13 -26 -31 32 -10 34 -6 36 -22 38 39 40 -34 -41 43 -42 45 -43 -12 -48 -17 50 51 -33 -37 -2 -55 -7 57 -5 -58 -60 -61 -62
right_child=2 4 3 9 20 55 -8 -9 11 19 46 12 -14 -15 -16 48 17 -19 -20 22 21 -23 23 24 25 -27 -28 -29 -30 30 -32 49 37 -35 -36 52 -38 -39 -40 41 42 44 -44 -45 -46 -47 47 -49 -50 -51 -52 -53 -54 54 -56 -57 58 -59 59 60 61 -63
leaf_value=0.018451966298487964 0.01861833425330596 -0.052698687468653409 -0.011815320334007125 0.005324925370027927 0.0044957089960188761 0.0050916195858103233 0.022861227385748764 0.03205727492843758 -0.016669833777223256 -0.042873927086020426 -8.7474627673982054e-05 -0.01577253328408899 -0.00093694204574135706 -0.019085267618662513 0.003728144494196665 -0.015484438068618654 0.075036477947810515 -0.0070730012676818834 -0.038074647185123295 0.0031365075099738359 0.0093557803120286644 -0.0051319102544730424 -0.00080200565621883324 -0.040595467885919924 0.0046851196847850808 -0.036735988026037336 -0.013230882579365832 -0.026287834432810062 0.019766386594339262 -0.028281498654125759 -0.0018617752706005374 0.039255291225951443 -0.039750028128565915 0.012537708607076845 0.018997063770261544 -0.043505751510195617 0.0014706814881088085 0.0007690316452147165 0.064685547054677786 -0.056718061866085578 0.039911871847368476 0.0075515599597052166 0.070092194793108339 -0.071133543686901557 -0.033173512765421069 0.10046532650944849 0.0082975463436367834 0.076604436700350789 -0.057946326628612738 -0.036236172964366591 -0.055445980088774285 -0.019931525377154532 0.012232225909756906 0.010608027224190445 -0.014747127703100172 0.031747007644474259 0.0025750619092216711 0.029684403304699777 -0.037828657728306486 -0.031469901209596557 -0.042862388977384064 0.013612817729689586
leaf_weight=682.49519672989845 423.23653086274862 30.314673244953156 520.18232415616512 1804.7848800644279 2780.1769303828478 11480.018653161824 1645.9842311665416 300.54063086211681 167.45708103477955 49.560097061097622 2894.651803702116 60.136681064963341 682.68521010875702 271.01421862095594 832.11188508570194 84.103579439222813 32.111970961093903 50.074988536536694 27.009339392185211 1404.8855243623257 2406.934837192297 685.09664203226566 2842.1931519582868 130.83077561110258 689.55801007896662 78.541339196264744 1048.4283399432898 8.539044037461279 648.7595201805234 165.11652956902981 339.9013749435544 57.23891519010067 12.231683887541292 5242.9111809283495 527.70648947358131 19.60841366648674 2753.7415782958269 1037.5374543815851 43.260496489703655 25.488317750394344 26.923592507839203 74.550051540136337 49.762579999864101 9.7090419232845289 37.590002335608006 10.618557572364805 898.01514209806919 16.22001551091671 60.236207701265812 93.348557330667973 32.023314118385315 36.35866854339838 2121.3170892298222 338.07768613100052 162.33961916714907 83.118305996060371 868.59817487001419 123.59571258723736 84.430624470114708 66.560894124209881 33.941452451050282 157.82024368643761
leaf_count=1151 823 89 1999 6875 6004 30582 2501 407 754 203 6652 239 2446 986 1626 402 64 187 154 4488 4752 1646 9090 595 1949 317 3823 37 1996 845 1357 121 59 10134 901 52 6537 3654 106 130 91 252 134 51 172 16 1850 12 387 408 143 155 3930 667 461 216 3398 367 389 275 157 529
internal_value=0.00514082 0.00836263 0.00231474 0.00168712 0.00703095 0.00359157 0.016946 0.0154396 -0.00111251 -0.00134026 0.00177729 0.00131681 0.0071817 -0.00286532 0.0105133 -0.0119257 -0.00706573 0.0200943 0.0147191 -0.00358173 0.00824422 0.00602814 -0.00328967 -0.0049958 -0.00985394 -0.00390225 -0.0162742 0.0536176 0.0167427 -0.00173641 -0.0105135 -0.000296921 0.00209611 0.0103231 0.00681113 0.00707601 0.00514936 0.00446787 0.0176731 0.00939185 0.034242 -0.00711887 0.0448093 0.010231 0.00317648 0.0192986 0.00221821 0.00952314 -0.0332672 -0.0166529 -0.00204365 0.0162136 0.0117174 0.0100242 0.00232486 0.00528393 0.00347624 0.0068547 -0.00193859 -0.0134456 -0.00544523 0.00357362
internal_weight=50372.3 23537.3 26835 25610.8 20376.7 15722.1 3160.59 1224.19 4158.95 9888.75 3839.2 3403.7 1418.59 1985.11 1514.61 755.248 610.908 90.726 735.906 6749.02 16537.5 7986.7 6699.46 5294.57 2452.38 1273.12 1179.26 40.651 708.896 1194.58 505.018 1714.1 1495.13 8550.79 3307.88 7301.6 5160.68 1327.67 290.134 246.874 98.6269 148.247 86.3952 36.6326 122.759 85.1686 3808.89 914.235 144.34 218.969 125.621 93.5976 2140.93 923.654 500.417 11563.1 3139.73 1928.38 1211.35 342.753 258.323 191.762
internal_count=130793 47837 82956 80598 42559 45941 5278 2358 15143 34657 8603 12067 4835 7232 2777 3076 2287 288 2389 22667 33956 16917 22464 17976 8886 4468 4418 101 2235 4151 2202 6246 5419 17039 6905 15271 11289 4665 1011 905 335 570 276 142 440 268 8514 1862 789 827 419 276 3982 1951 1128 30798 11990 7242 4748 1350 961 686
cat_boundaries=0 1 2 3 4 5
cat_threshold=2 2 12 18 7
is_linear=0
shrinkage=0.05


Tree=56
num_leaves=63
num_cat=4
split_feature=0 1 1 1 8 2 2 8 0 1 2 2 4 4 0 0 1 1 2 2 6 1 1 1 4 1 1 5 2 1 2 5 2 1 5 5 0 2 2 5 8 1 1 2 0 0 2 5 1 1 4 1 0 8 0 0 2 5 5 2 6 4
split_gain=166.339 100.189 80.9374 54.5406 51.2526 49.2412 49.2322 39.1079 39.0301 36.9888 50.2307 30.5591 30.2539 31.5885 30.1569 29.2796 28.3967 29.3928 27.6544 26.8027 26.4168 26.6876 26.1966 41.5108 33.6714 28.8349 40.318 28.1837 32.6999 35.9857 32.42 25.8525 36.013 33.9804 25.8805 25.3669 24.6848 24.6086 24.4939 25.7408 29.4378 44.3807 32.9462 28.2279 28.0505 25.5861 24.8416 24.3502 23.5485 29.7266 23.4115 23.3919 23.3465 23.3322 23.3261 24.5401 23.0373 33.2031 22.9354 22.9251 22.5916 45.9222
threshold=36.500000000000007 25589.000000000004 18109.000000000004 93272.500000000015 0 133286.50000000003 85049.500000000015 1 58.500000000000007 52769.500000000007 213553.50000000003 87986.500000000015 42.000000000000007 54.000000000000007 61.500000000000007 67.500000000000014 83723.500000000015 87411.000000000015 20463.500000000004 74304.000000000015 1.0000000180025095e-35 138466.00000000003 145838.50000000003 138981.00000000003 54.000000000000007 106730.50000000001 107755.50000000001 0.41500000000000004 236649.00000000003 111518.50000000001 6913.5000000000009 0.71500000000000008 38583.000000000007 146913.50000000003 0.59500000000000008 0.18500000000000003 66.500000000000014 50994.000000000007 12603.500000000002 0.42500000000000004 2 109880.50000000001 102995.50000000001 191502.50000000003 64.500000000000014 66.500000000000014 58951.500000000007 0.79500000000000015 56532.500000000007 55991.500000000007 18.000000000000004 93821.000000000015 52.500000000000007 3 67.500000000000014 60.500000000000007 41464.000000000007 0.34500000000000003 0.42500000000000004 121623.50000000001 1.0000000180025095e-35 30.000000000000004
decision_type=2 2 2 2 1 2 2 1 2 2 2 2 2 2 2 2 2 2 2 2 2 2 2 2 2 2 2 2 2 2 2 2 2 2 2 2 2 2 2 2 1 2 2 2 2 2 2 2 2 2 2 2 2 1 2 2 2 2 2 2 2 2
left_child=1 5 18 6 -3 53 7 14 11 10 58 -5 19 15 16 35 -4 37 -2 47 -11 48 23 24 27 -26 -27 30 29 38 -10 32 -24 -33 -34 -14 -16 -18 45 -40 42 -42 43 46 -43 -29 -41 -9 49 59 -45 -13 -15 -1 55 -44 57 -23 -6 -22 61 -49
right_child=2 4 3 8 9 -7 -8 12 22 20 -12 51 13 52 36 -17 17 -19 -20 -21 21 56 31 -25 25 26 -28 28 -30 -31 -32 33 34 -35 -36 -37 -38 -39 39 40 41 44 54 50 -46 -47 -48 60 -50 -51 -52 -53 -54 -55 -56 -57 -58 -59 -60 -61 -62 -63
leaf_value=0.018333345113556523 -0.035120886111435816 0.0017671839921319544 -0.01123438370199845 0.0052216954048894156 0.0043406721893326687 0.025012035456338656 0.0051218790347585565 0.0016764877344266835 0.094241350127964557 0.0089399041769414062 0.023853850072637336 -0.041826607096269661 -0.015334423980564383 -0.0093718810165484973 -0.049160543358781464 -0.037358472142235276 0.069768815668496867 -0.0067370989380417558 0.016982775713052047 -0.017460006812468364 -0.024766697696849607 -0.039550160990839807 0.057131838513603164 -0.026673820270940438 -0.040955117452350948 0.089721981862921227 -0.014167756499177248 0.0029483217266713254 -0.035916420504351537 -0.0040720868854923799 -0.012823229220315886 -0.036043487032327876 -0.0023206611940552093 0.055316942530070128 -0.066800375416066857 0.018548044850768459 -0.0064503556892886926 -0.025266773879377993 0.095148064603077592 -0.0063866005618986345 -0.0090535337559573409 -0.0056953942857490619 -0.043999913687716968 0.058809791639621301 0.093508987672501695 0.14679120654563954 0.069689831779498765 0.015224803936842399 0.0062510429294580566 -0.066961953574386168 -0.070245077008010637 -0.0013716300719683033 0.0091336386025099199 0.0035372648433238188 -0.063899000129862896 0.029966725844531458 -0.0086693711847477019 0.031857135191754052 0.012803372320528814 0.0087615034700639863 -0.034955685406182171 -0.05411497505006823
leaf_weight=487.2254760414362 25.954859718680382 3992.9699158966541 523.10677453130484 2371.9807136058807 1292.3718556463718 1181.1772886663675 11690.415830537677 1505.8159700781107 7.0497747734189025 6757.9463510811329 755.25045920908451 35.900211080908775 60.07291117310524 380.35345781594515 85.918172545731068 26.832975715398788 32.798474676907063 49.951308853924274 1039.217497959733 272.44827453047037 83.621811047196388 20.308521687984467 21.961451351642609 269.34016206860542 108.91192878782749 9.5829380452632886 256.04936201125383 5.6221757233142835 53.234914630651474 563.58010303974152 573.77133838832378 12.59046411514282 99.64772817492485 50.598105445504189 18.385948225855827 657.04554229974747 56.299271203577518 8.4463584646582586 9.2405944392085058 12.508119791746138 208.3138574436307 11.334982097148897 14.080951750278471 5.8078565597534171 18.632148183882236 6.9819506108760834 70.099295496940613 93.86792279779911 5377.3585543185472 20.729952320456505 8.5202361941337568 4995.9091857373714 308.54577285796404 612.43346856534481 11.00125566869974 52.98050681501627 585.27856202423573 79.677139684557915 2113.9415524601936 130.03948487341404 92.387248873710632 31.903961516916752
leaf_count=815 109 8900 2015 7943 2647 1766 31014 5460 26 13780 1139 135 240 1205 502 156 64 187 1920 993 235 66 97 1445 558 28 1277 31 244 2531 2899 67 450 146 106 2011 290 37 27 59 910 46 67 17 50 17 200 277 11508 70 44 14975 1265 1188 69 193 1424 156 3898 245 409 145
internal_value=0.00488963 0.00796186 0.00219911 0.00164038 0.00689059 0.0179206 0.00345573 -0.00119643 -0.00127515 0.00807282 0.0121838 0.000542666 0.00108453 0.00663203 -0.0114049 0.0137758 -0.00673948 0.0189729 0.0157053 -0.00288915 0.00676805 0.00443633 -0.00670427 -0.00824081 -0.00576378 -0.0192847 -0.0103687 -0.00265812 0.00221925 0.00426043 -0.0114991 0.0104835 -0.00146998 0.037006 -0.0124549 0.015701 -0.0323045 0.0501719 0.0150628 0.0129886 0.0111169 -0.000806762 0.025937 0.0468753 0.0559248 0.0835507 0.0581164 -0.000582664 0.00557421 -0.00992834 -0.0175414 -0.00166208 -0.00107621 0.0102974 0.00316429 0.0143191 -0.00487413 0.0172783 0.00959427 -0.00434267 -0.0161927 -0.00235359
internal_weight=50315.3 23490.3 26825 25759.8 21209.5 2280.84 15876.2 4185.79 9883.62 17216.5 4161.56 7403.79 3429.27 1432.85 756.52 743.951 614.303 91.1961 1065.17 1996.42 13055 6297.01 2479.83 2276.64 2007.3 374.544 265.632 1632.76 1051.94 998.704 580.821 203.184 139.995 63.1886 118.034 717.118 142.217 41.2448 435.124 422.52 413.279 238.281 174.998 96.9355 29.9671 12.6041 82.6074 1723.98 5611.75 234.391 14.3281 5031.81 688.899 1099.66 78.0627 67.0615 685.264 99.9857 3406.31 213.661 218.159 125.772
internal_count=130793 47837 82956 80927 44068 3769 46270 15256 34657 35168 7684 23053 12161 4877 3095 2407 2303 288 2029 7284 27484 13704 11604 10738 9293 1863 1305 7430 4505 4261 2925 866 653 213 556 2251 792 101 1730 1682 1655 1006 649 320 96 48 259 6291 12058 550 61 15110 2470 2003 329 260 1646 222 6545 480 831 422
cat_boundaries=0 1 2 3 4
cat_threshold=2 2 6 12
is_linear=0
shrinkage=0.05


Tree=57
num_leaves=63
num_cat=0
split_feature=1 3 2 7 1 6 3 2 3 7 3 2 2 3 3 2 4 5 3 1 1 4 2 5 3 6 2 2 2 5 5 2 1 3 2 5 2 3 2 3 2 1 1 2 5 3 5 3 2 5 2 3 1 2 3 3 2 3 2 1 1 5
split_gain=153.344 105.691 68.3141 64.795 45.5916 37.0511 33.3872 31.6087 28.4053 27.6162 26.8482 32.0274 66.0158 29.6763 23.7242 23.3787 36.4305 27.5806 23.3468 23.4578 47.4709 29.0774 27.6455 25.2204 25.064 22.2473 25.8145 24.9749 36.3263 22.052 30.7507 26.2616 23.2191 37.3034 21.868 26.4225 21.5405 27.2258 20.8398 23.1822 20.2796 35.528 28.3326 23.0827 20.269 49.3457 22.3269 26.8492 19.8448 36.321 29.9028 26.9051 26.6672 26.0349 21.7761 20.3085 39.2224 29.1221 19.7929 27.5319 19.6733 19.4574
threshold=25589.000000000004 13.205000000000002 181680.50000000003 1.0000000180025095e-35 66142.500000000015 1.0000000180025095e-35 13.115 180713.50000000003 8.1850000000000005 1.0000000180025095e-35 20.145000000000003 38583.000000000007 13564.500000000002 16.155000000000005 22.365000000000006 164176.50000000003 18.000000000000004 0.57500000000000007 9.3750000000000018 96007.500000000015 130001.50000000001 54.000000000000007 230945.00000000003 0.60500000000000009 9.5650000000000031 1.0000000180025095e-35 27095.500000000004 55966.500000000007 71472.500000000015 0.46500000000000002 0.51500000000000012 122593.50000000001 134273.00000000003 6.785000000000001 164176.50000000003 0.69500000000000006 10704.500000000002 12.575000000000001 43348.500000000007 10.855000000000002 43348.500000000007 123635.50000000001 97560.500000000015 111207.50000000001 0.56500000000000006 16.705000000000002 0.52500000000000013 18.175000000000004 37561.000000000007 0.8650000000000001 41464.000000000007 14.045000000000002 16581.500000000004 34623.000000000007 8.4550000000000018 12.845000000000001 32659.500000000004 13.115 9752.5000000000018 87941.500000000015 38991.500000000007 0.89500000000000013
decision_type=2 2 2 2 2 2 2 2 2 2 2 2 2 2 2 2 2 2 2 2 2 2 2 2 2 2 2 2 2 2 2 2 2 2 2 2 2 2 2 2 2 2 2 2 2 2 2 2 2 2 2 2 2 2 2 2 2 2 2 2 2 2
left_child=2 5 8 4 7 9 -4 10 25 18 11 12 -3 -14 61 -13 17 -17 -2 21 40 23 38 24 -20 34 -27 -28 -29 -7 31 -31 60 -34 -1 -36 -22 -38 39 -23 41 -21 -42 -44 46 -46 47 -15 49 53 51 -50 -52 54 -10 56 -56 -57 59 -16 -33 -5
right_child=1 3 6 14 -6 29 -8 -9 48 -11 -12 15 13 44 58 16 -18 -19 19 20 36 22 -24 -25 -26 26 27 28 -30 30 -32 32 33 -35 35 -37 37 -39 -40 -41 42 -43 43 -45 45 -47 -48 -49 50 -51 52 -53 -54 -55 55 57 -58 -59 -60 -61 -62 -63
leaf_value=0.011579738501398455 0.0026514667189966633 0.026333078754775842 0.012974422722639581 0.0020142951985910153 0.0058962539552480748 0.0011609895154544117 0.026638589267649795 0.01767013306459686 0.082101146001674619 5.6747020270998812e-06 0.013909959485445293 0.0099107072297827375 -0.054650022248958811 -0.050750659429033729 -0.071803326634103756 -0.11950291444788026 -0.00023943338523120246 -0.012116757128987254 0.056235674298656668 0.028794287496268774 0.083930357151341631 0.013768367599995232 -0.067974373725230783 0.027645951942477251 0.0088125710864672916 -0.0579605489066796 0.025905850153784455 -0.079489613910815313 -0.0066339717555014451 -0.029104477735485863 -0.0025015680311014608 0.013482954294863521 -0.047883346626684704 0.054670200297189955 -0.060974657147960049 0.020543573625514466 0.020075275807563974 -0.023320383054666705 0.0082558949704655306 -0.08153639035236572 -0.089174573492607476 -0.080450054033705642 -0.029965784047746608 -0.0021488040792205037 0.045643105349645136 -0.070867669737898945 0.065092657360045617 0.014011011789797299 0.089012213793948247 -0.076873025605056988 0.023329341126403304 0.020590063380483418 0.0092676646950270569 -0.044745847693764121 -0.034117273632574247 0.093992052575913657 0.070351343253600762 0.0080188164125663992 0.0072645130964823241 0.003982202207862582 -0.019159586114183471 -0.030577761007702708
leaf_weight=378.55887457728386 3052.850023791194 83.682301342487335 810.01208032667637 9470.8071375861764 8916.7149801999331 3902.3721767887473 1004.0297333970666 1594.7679387181997 9.3281597346067411 4403.4179906174541 1597.362915456295 1414.3101777434349 63.969495959579945 24.568944320082664 18.895926490426064 12.099983155727388 146.02661214768887 11.999676838517187 29.296505816280842 66.556244216859341 11.584302604198454 11.230671763420107 14.68472011387348 390.72967670857906 554.71899105608463 25.178662799298763 52.877932548522949 18.291628323495388 250.43353515863419 209.00097841769457 4218.8458787575364 59.349267676472664 11.99870080500841 32.837107360363007 23.699633181095123 16.882840007543564 293.9191215634346 41.022326409816742 194.47327373921871 14.368181839585302 11.396466113626955 8.2631257921457273 101.11641888320446 285.19530862569809 12.318670108914374 33.53880163282156 11.894232496619223 45.311065450310707 23.578125476837158 14.50553387403488 410.17048327624798 37.412207886576653 1913.200157135725 25.895876586437225 60.778111919760704 10.16021093726158 10.42110303044319 257.40456329286098 3248.4577592611313 32.133461520075798 204.42198052257299 45.898372523486614
leaf_count=933 9579 204 1400 23832 20528 13468 1492 2772 17 14786 2990 3060 267 88 76 52 321 32 48 163 22 31 52 773 1349 135 154 93 605 911 14088 125 55 71 75 28 701 127 461 66 50 38 357 766 18 136 21 105 33 59 664 67 3710 85 234 11 23 577 6866 80 727 136
internal_value=0.00465013 0.00369647 0.0126499 0.00569177 0.00804759 0.000747341 0.020541 0.0118436 0.00860287 0.00290506 0.0091539 0.00506558 -0.0106659 -0.0268566 0.0031237 0.00780246 -0.00969022 -0.066511 0.00541657 0.00957507 0.00303293 0.0140005 -0.00177676 0.0178053 0.0112093 7.28201e-05 -0.00928761 -0.00544458 -0.0116394 -0.00162111 -0.00391432 -0.0154169 -0.00612442 0.0270687 0.00782958 -0.026972 0.017091 0.01474 0.00264656 -0.0396391 -0.00726737 0.0165712 -0.0117676 -0.00944866 -0.0128555 -0.0394294 0.00201561 -0.00872692 0.0109572 0.000464553 0.0126646 0.0472255 0.0117532 0.00349729 0.00711246 0.0050092 -0.0186793 0.011336 0.00677769 -0.0240686 -0.0117936 0.00185626
internal_weight=50261.2 44908.4 5352.82 26784.8 13968.6 18123.6 1814.04 5051.85 3538.78 9484.82 3457.08 1859.72 275.284 191.601 12816.2 1584.44 170.126 24.0997 5081.41 2028.56 819.053 1209.5 234.757 974.745 584.015 765.923 346.782 321.603 268.725 8638.83 4736.45 517.608 308.607 44.8358 419.141 40.5825 346.526 334.941 220.072 25.5989 472.528 74.8194 397.708 386.312 127.632 45.8575 81.7742 69.88 2772.85 388.494 2384.36 60.9903 2323.37 373.988 348.092 338.764 71.1992 267.565 3299.49 51.0294 263.771 9516.71
internal_count=130793 120398 10395 61584 30594 58814 2892 10066 7503 29369 7294 4304 839 635 30990 3465 405 84 14583 5004 2224 2780 610 2170 1397 2023 987 852 698 29445 15977 1889 978 126 1036 103 850 828 558 97 1374 201 1173 1123 368 154 214 193 5480 1006 4474 100 4374 947 862 845 257 588 7022 156 852 23968
is_linear=0
shrinkage=0.05


Tree=58
num_leaves=63
num_cat=4
split_feature=0 1 1 7 8 2 1 0 5 1 2 2 8 2 2 2 4 1 2 2 0 2 1 5 5 5 5 0 0 5 2 5 1 8 8 1 5 2 0 1 5 0 1 5 4 1 2 5 2 0 5 5 2 4 1 0 1 1 2 5 0 1
split_gain=152.83 86.5891 68.2925 50.8221 46.4699 44.5411 41.4711 33.0782 40.0155 32.8395 46.2473 32.3485 27.6722 26.4533 25.7607 24.2193 25.5428 21.8286 35.2689 27.6874 26.7172 25.112 43.9192 24.6829 23.8149 38.3899 23.4022 31.0948 21.7638 21.5088 26.7408 29.075 25.2606 21.3803 21.1177 22.3634 43.5574 33.3937 31.453 40.2283 38.7643 31.6613 29.411 37.652 43.7529 31.3786 28.3492 25.1103 24.5246 28.1468 24.3069 64.5951 28.1854 25.0192 24.8813 24.3995 30.2633 22.8979 49.1821 25.8132 22.5943 28.0691
threshold=36.500000000000007 25589.000000000004 18109.000000000004 1.0000000180025095e-35 0 133286.50000000003 99762.500000000015 65.500000000000014 0.79500000000000015 52769.500000000007 213553.50000000003 243335.50000000003 1 156356.00000000003 208730.50000000003 244287.00000000003 42.000000000000007 98106.500000000015 195440.00000000003 162273.50000000003 68.500000000000014 247106.50000000003 55455.500000000007 0.15500000000000003 0.58500000000000008 0.17500000000000002 0.31500000000000006 49.500000000000007 23.500000000000004 0.66500000000000015 218392.50000000003 0.32500000000000007 145838.50000000003 2 3 117801.50000000001 0.19500000000000003 123563.00000000001 49.500000000000007 121472.50000000001 0.85500000000000009 56.500000000000007 132115.50000000003 0.83500000000000008 42.000000000000007 130530.50000000001 135274.50000000003 0.67500000000000016 23323.500000000004 61.500000000000007 0.20500000000000004 0.26500000000000007 196387.50000000003 18.000000000000004 148421.50000000003 65.500000000000014 140534.50000000003 113057.50000000001 116842.50000000001 0.88500000000000012 44.500000000000007 114061.50000000001
decision_type=2 2 2 2 1 2 2 2 2 2 2 2 1 2 2 2 2 2 2 2 2 2 2 2 2 2 2 2 2 2 2 2 2 1 1 2 2 2 2 2 2 2 2 2 2 2 2 2 2 2 2 2 2 2 2 2 2 2 2 2 2 2
left_child=1 5 14 6 -3 33 17 12 11 10 -6 -9 15 -14 -2 -5 -17 19 26 20 -4 -21 24 -22 25 -23 -19 -28 -11 30 -30 -32 -33 -1 -8 36 -36 42 40 41 47 -40 45 -44 -45 -37 -41 -39 49 -38 54 52 -52 -53 -48 -55 -57 59 -59 -50 -60 -62
right_child=2 4 3 7 9 -7 34 8 -10 28 -12 -13 13 -15 -16 16 -18 18 -20 21 23 22 -24 -25 -26 -27 27 -29 29 -31 31 32 -34 -35 35 37 48 38 39 46 -42 -43 43 44 -46 -47 50 -49 57 -51 51 53 -54 55 -56 56 -58 58 60 -61 61 -63
leaf_value=0.017195571008510747 0.0098985117949071909 0.0015030574433577597 0.003202894707193123 0.0020837387775745567 0.0089156161949358916 0.023565072106911625 0.0035380690723349918 -0.0042675688859569929 -0.035765967327122887 0.0091233393809446398 0.022674098834789359 -0.060695006436393799 -0.0052266796630669448 0.0012122054519346104 0.02818788735893861 0.038596070845145582 -0.004290008727507756 -0.0057616699672458291 -0.03014436850277806 0.0090296104970459933 0.056636404259452461 0.062218802351905904 -0.05715783921997384 -0.03009634524496806 0.041502410715549214 -0.072325006089324892 0.012182827004287286 0.065196546510815509 0.001697985496755361 0.008522155242175259 0.02121638956262754 0.0050050581978772976 -0.062057844262010969 0.0030055192208453753 -0.041705543224723744 0.012300106861570265 -0.064697960184836575 -0.0012624557702019797 -0.030092658695497595 -0.069125098655203485 -0.060352918303237503 0.04521532471654835 -0.0062857558833853454 0.067929427180156057 -0.048659386470080584 0.056234061271004214 -0.071283445675473109 0.025271173872203814 -0.0012218289694322334 0.02236041747782783 0.0016342617483675753 0.0049627941633046445 0.093697165417960762 -0.035466314279065901 0.037451838289566469 0.027450301726273049 -0.06645271250334589 -0.056777134263474541 -0.037316640114304196 0.05381885422485988 -0.051477659872723139 0.023051521179877667
leaf_weight=483.09512934088707 799.73855563253164 3988.2831220030785 5030.7689561396837 4444.711316794157 3392.6036278903484 1153.4290889278054 1961.9307472705841 897.82173830270767 127.41671768575907 4444.6026156842709 745.77663889527321 26.058838434517384 3552.2924526184797 2893.2503924965858 254.31610611081123 93.058004848659039 55.005980059504509 30.862713776528835 26.191812321543694 3598.5080763399601 8.8588678613305074 7.9897995740175274 39.543557092547417 93.957203097641468 30.203389331698418 15.196110486984251 47.769363179802895 66.662123337388039 5008.7996405363083 2684.8691217005253 395.26372496783733 485.81738124787807 14.352499574422835 609.9599190056324 94.204152666032314 328.99296778440475 34.073598295450211 302.72318324446678 20.190146885812283 28.272834993898869 22.707115694880486 44.30886285007 393.92259776592255 35.466247320175171 10.270192243158816 46.40902254730463 33.594763040542603 126.10340702533722 603.82835774868727 12.587382376193998 15.197878055274485 75.971809908747673 18.568146362900734 198.36336749047041 6.1050558537244788 35.361595019698143 11.21005993336439 59.33817944675684 32.605060085654259 21.977971658110619 14.942761488258837 78.089072294533253
leaf_count=815 1664 8900 15282 14001 6545 1766 6231 4059 628 8547 1139 127 13191 8206 365 186 156 109 91 8442 29 8 154 454 47 56 118 159 11573 5638 699 980 47 1188 406 1100 163 800 70 158 84 125 1478 70 45 134 178 259 1980 59 57 241 45 805 15 130 64 284 105 47 65 226
internal_value=0.00442193 0.007374 0.00184414 0.00133334 0.00638268 0.0167086 0.0034227 -0.00102768 -0.00950203 0.00751044 0.0113967 -0.00587096 -0.000220043 -0.00233205 0.0143183 0.00274197 0.0226379 0.00540678 0.0230782 0.00506256 0.00268617 0.00836583 -0.0172652 -0.0225269 0.01224 -0.0256788 0.032721 0.0431396 0.00628179 0.0048107 0.00312201 0.0110809 0.00305866 0.00946743 -0.000400672 -0.00325993 -0.00944277 7.40305e-05 -0.00635197 -0.0151641 0.00314532 0.0215541 0.00748064 -0.00128557 0.0415911 0.0177583 -0.0207832 0.0065326 -0.00588789 -0.0411084 -0.0172882 -0.0131076 0.052535 -0.0200444 -0.0543844 -0.0278202 0.00464623 -0.00384994 -0.0193011 0.000711471 -0.00153043 0.0109845
internal_weight=50214.4 23406.9 26807.5 25753.4 21160.4 2246.48 13663.8 12089.6 1051.3 17172.1 4138.38 923.881 11038.3 6445.54 1054.05 4592.78 148.064 8996.51 171.486 8825.03 5133.59 3691.44 92.9329 102.816 53.3893 23.1859 145.294 114.431 13033.7 8589.1 5904.23 895.434 500.17 1093.06 4667.32 2705.39 951.647 1753.74 938.678 487.145 451.534 64.499 815.061 439.659 45.7364 375.402 422.646 428.827 857.442 46.661 394.373 354.673 33.766 320.907 39.6998 244.935 46.5717 810.781 184.975 625.806 125.637 93.0318
internal_count=130793 47837 82956 80927 44068 3769 40373 40554 4814 35168 7684 4186 35740 21397 2029 14343 342 24949 477 24472 15765 8707 265 483 111 64 386 277 27484 18937 13299 1726 1027 2003 15424 9193 3335 5858 3031 1888 1143 195 2827 1593 115 1234 1693 1059 2929 222 1535 1342 102 1240 193 999 194 2707 680 2027 396 291
cat_boundaries=0 1 2 3 4
cat_threshold=2 5 12 9
is_linear=0
shrinkage=0.05


Tree=59
num_leaves=63
num_cat=3
split_feature=0 3 3 7 3 5 0 3 5 8 6 8 5 3 3 5 3 4 3 5 3 5 0 0 3 5 4 5 5 3 0 3 4 0 4 0 5 5 5 0 5 5 3 5 5 5 7 0 0 3 8 7 7 3 5 0 0 4 5 5 5 0
split_gain=138.535 91.0413 53.0535 54.2496 52.3185 36.8363 32.6868 38.7476 47.0355 29.5538 28.2485 31.4766 34.8594 48.7419 37.9746 32.734 29.1138 28.9258 28.2219 27.88 24.9691 27.2426 24.4451 23.8411 23.191 36.0576 37.7959 34.8285 26.6 22.9783 22.8486 22.7376 22.5657 52.4199 21.8305 22.4842 32.3469 31.2945 30.1076 26.7429 24.0585 21.5826 30.5437 22.0982 25.7512 22.5792 21.3709 21.0819 21.0244 20.911 20.7038 41.5987 20.7029 26.0035 20.0991 19.8412 38.7349 27.1926 19.7964 19.6562 38.4756 28.9407
threshold=36.500000000000007 20.055000000000003 13.115 1.0000000180025095e-35 4.2750000000000012 0.65500000000000014 64.500000000000014 13.385000000000003 0.50500000000000012 0 1.0000000180025095e-35 1 0.27500000000000008 7.8250000000000011 9.2850000000000019 0.46500000000000002 9.8350000000000026 18.000000000000004 10.305000000000001 0.12500000000000003 3.4050000000000007 0.83500000000000008 68.500000000000014 27.500000000000004 13.855000000000002 0.28500000000000009 18.000000000000004 0.50500000000000012 0.40500000000000008 11.215000000000002 39.500000000000007 5.0450000000000008 30.000000000000004 27.500000000000004 42.000000000000007 30.500000000000004 0.22500000000000003 0.30500000000000005 0.14500000000000005 21.500000000000004 0.34500000000000003 0.28500000000000009 8.1850000000000005 0.51500000000000012 0.48500000000000004 0.52500000000000013 1.0000000180025095e-35 62.500000000000007 25.500000000000004 10.675000000000002 2 1.0000000180025095e-35 1.0000000180025095e-35 10.405000000000003 0.19500000000000003 33.500000000000007 30.500000000000004 54.000000000000007 0.25500000000000006 0.22500000000000003 0.25500000000000006 66.500000000000014
decision_type=2 2 2 2 2 2 2 2 2 1 2 1 2 2 2 2 2 2 2 2 2 2 2 2 2 2 2 2 2 2 2 2 2 2 2 2 2 2 2 2 2 2 2 2 2 2 2 2 2 2 1 2 2 2 2 2 2 2 2 2 2 2
left_child=1 4 10 30 -1 9 -5 8 -8 24 59 22 13 -13 19 -14 -16 20 47 -15 -17 -22 41 50 27 26 -26 28 34 -20 -4 -29 33 -33 -6 36 38 -37 -36 -38 -39 42 -12 44 -43 46 -45 54 -11 -44 -3 -52 53 -23 -18 56 58 -57 -28 -2 -61 -62
right_child=2 23 3 6 5 -7 7 -9 -10 48 11 12 15 14 16 17 18 -19 29 -21 21 52 -24 -25 25 -27 55 31 -30 -31 -32 32 -34 -35 35 37 39 40 -40 -41 -42 43 49 45 -46 -47 -48 -49 -50 -51 51 -53 -54 -55 -56 57 -58 -59 -60 60 61 -63
leaf_value=-0.0033359777675450899 0.0085086543427990314 0.019801465742915719 0.01318889075212518 0.0016153634969450683 0.00093968286181566696 0.0095757030251012523 0.086053061742128109 -0.010641423069854257 -0.070676668177785937 0.0083746565886104862 0.02340352094732712 -0.034819611808117233 0.0045382425891074872 -0.068196042190711903 -0.071438785320194487 -0.040040562157495692 -0.034660343412930068 -0.011970544244329865 -0.051711118564248662 0.027977837407111322 0.014314532741227223 -0.046132665203266643 -0.038827835392752058 0.008813178616252167 -0.061473723764249068 0.011395176606279716 -0.0043034037101783275 -0.086332518243643019 0.0136711907756737 -0.009182754459883492 0.0052774504062621077 -0.012569758025578109 -0.007470788329713764 -0.09573207077358975 -0.038378043541990439 -0.079582937785646457 -0.083033905057820892 0.048373331989414708 0.02874356436970691 -0.016726569432065942 -0.057921971311899481 -0.0050452374707080855 -0.02140027056175553 0.064828499034409154 -0.037837692225981601 0.0018334187334000077 -0.018957315365022764 0.10899712932258368 0.0034275921661879312 0.01087467240053463 0.018490070998377774 0.0035911759773830628 -0.069487757960091087 0.058311783997559569 0.044635916886334476 -0.089618482253272694 0.044415184178232786 0.024646411437965567 -0.067111986686360467 -0.022942980508572814 0.0020931056958134494 -0.014561246101612893
leaf_weight=1629.9827655851841 829.75212260335684 1431.151166960597 1036.7659729272127 6853.9205491766334 394.68286955356598 5083.3905728980899 20.789220452308658 832.7677211612463 6.0929867252707473 3926.8163820132613 242.56965580582619 249.49843222647905 706.42953781038523 8.0849293768405897 21.899059996008873 28.764994792640209 13.820729732513426 1236.274434953928 42.098948881030083 92.198493599891663 272.27588649839163 12.945121645927431 37.753194123506546 2659.8958502113819 32.453247427940369 624.94593314826488 131.3271179497242 12.805530428886412 229.71833966672421 130.45734219253063 7689.7371243312955 60.756416767835617 169.92748679220676 27.58027720451355 22.245762139558792 30.665012583136559 19.202000349760056 11.442476093769075 65.744271919131279 73.622821256518364 9.7781225740909559 472.25175848603249 86.960848465561867 26.998856410384178 68.57917071133852 966.17102229595184 10.416091814637182 6.4993197843432418 4751.8865933939815 118.24363299459219 1007.0328872874379 877.93780471384525 17.8960090726614 10.866959974169729 18.577299036085606 14.170184344053268 41.399409547448158 8.0505848228931427 13.80477464199066 173.47602754831314 4175.6328275129199 278.08969467878342
leaf_count=4698 3105 2197 1956 18228 978 10144 45 3131 34 7616 1011 1400 2886 50 121 169 57 5236 200 333 943 63 224 4802 104 1173 283 55 508 477 19399 152 432 118 68 129 72 23 118 195 36 1932 377 64 314 3662 43 22 10587 377 1568 1607 100 22 49 55 59 15 45 754 14725 1447
internal_value=0.00420576 0.00702 0.00175189 0.0035177 0.00518954 0.00607183 0.000462 -0.00872697 0.0502139 0.00440244 -0.00105099 -0.00380752 -0.0071655 -0.0181041 -0.00558224 -0.00440301 -0.0166506 -0.00840638 -0.0109218 0.0201142 0.00443448 0.00853634 0.00096596 0.0123445 -0.00109089 0.00505372 -0.0113537 -0.00582254 -0.000875126 -0.0196114 0.00621809 -0.0214414 -0.0181723 -0.0386699 -0.0062106 -0.0183549 -0.0099817 -0.0473628 0.0116927 -0.0305715 -0.000413323 0.00172935 0.0113942 -0.0010701 -0.0092189 0.00331678 0.0413814 0.0274503 0.00566009 -0.0027821 0.0151751 0.0114931 -0.0290089 0.00136737 0.0106524 -0.00351228 0.001792 -0.0480714 -0.0103542 0.00142257 0.000150652 0.00105178
internal_weight=50158 23362.4 26795.6 16440.1 17386.4 15756.4 7713.57 859.65 26.8822 10673 10355.5 4898.53 2868.59 583.135 333.636 2285.45 233.353 1579.02 211.454 100.283 342.749 313.984 2029.94 5976.02 1994.32 866.151 241.205 1128.17 857.102 172.556 8726.5 271.07 258.264 88.3367 627.383 232.7 180.815 51.8856 87.99 92.8248 21.2206 1992.19 447.774 1544.42 540.831 1003.59 37.4149 38.8973 8678.7 205.204 3316.12 1884.97 41.7081 23.8121 32.398 208.752 186.531 22.2208 145.132 5456.95 4627.2 4453.72
internal_count=130793 47837 82956 42793 37663 32965 21438 3210 79 22821 40163 20132 12128 2709 1309 9419 926 6533 805 383 1297 1128 8004 10174 4618 1734 561 2884 2127 677 21355 757 702 270 1619 641 453 188 186 267 59 7780 1765 6015 2246 3769 107 128 18203 754 5372 3175 185 85 106 457 387 70 328 20031 16926 16172
cat_boundaries=0 1 2 3
cat_threshold=2 17 20
is_linear=0
shrinkage=0.05


Tree=60
num_leaves=63
num_cat=3
split_feature=3 1 2 8 1 7 2 5 5 8 1 1 3 1 5 2 1 3 3 5 5 4 1 1 5 3 1 3 5 3 8 2 3 1 1 5 5 1 2 1 3 2 2 2 2 1 2 3 5 3 2 2 1 5 3 2 4 2 1 1 1 1
split_gain=124.758 93.3372 76.1307 40.5893 39.7507 37.0154 35.695 32.7751 29.0867 27.7537 34.2102 36.877 26.7083 25.7611 24.6535 24.5213 34.4178 24.432 34.101 24.0411 51.5518 23.8174 23.06 23.0563 22.8957 21.8806 32.9676 27.8223 30.1864 30.18 30.1648 27.1373 25.6921 23.8207 23.4643 30.5287 37.7561 25.4358 29.2407 23.2531 21.641 45.6959 39.7229 28.5747 37.9105 22.3601 22.3414 21.3859 27.0145 21.1502 21.0891 22.4101 20.7816 30.4808 20.6653 20.5156 20.1751 19.996 36.9066 34.5589 21.5673 26.182
threshold=13.115 34164.500000000007 169188.50000000003 0 49630.500000000007 1.0000000180025095e-35 76263.500000000015 0.35500000000000004 0.25500000000000006 1 55455.500000000007 46974.000000000007 13.025 21405.500000000004 0.20500000000000004 181680.50000000003 75215.000000000015 11.765000000000002 11.585000000000003 0.72500000000000009 0.79500000000000015 18.000000000000004 46974.000000000007 38991.500000000007 0.87500000000000011 9.9350000000000005 142602.50000000003 9.1950000000000021 0.31500000000000006 8.6450000000000014 2 216451.50000000003 11.305000000000001 59170.500000000007 56532.500000000007 0.47500000000000003 0.29500000000000004 103514.00000000001 225074.00000000003 144760.50000000003 7.4350000000000014 205917.50000000003 135274.50000000003 51984.000000000007 37561.000000000007 79999.000000000015 73405.500000000015 2.1050000000000004 0.7350000000000001 17.985000000000003 22372.500000000004 59911.000000000007 33643.500000000007 0.16500000000000004 11.495000000000003 219330.50000000003 18.000000000000004 106303.50000000001 100332.50000000001 109880.50000000001 91732.500000000015 68822.500000000015
decision_type=2 2 2 1 2 2 2 2 2 1 2 2 2 2 2 2 2 2 2 2 2 2 2 2 2 2 2 2 2 2 1 2 2 2 2 2 2 2 2 2 2 2 2 2 2 2 2 2 2 2 2 2 2 2 2 2 2 2 2 2 2 2
left_child=3 2 14 12 6 15 7 8 17 19 11 -11 57 -4 -2 -3 -17 18 23 -7 -21 50 -14 52 25 26 -6 29 -29 30 31 39 33 -27 35 36 -34 -36 55 -28 42 43 -26 44 -42 -44 -45 48 -8 -12 -10 -52 53 -5 -38 -39 -55 -1 60 -60 61 -59
right_child=1 5 13 4 24 9 47 -9 21 10 49 -13 22 -15 -16 16 -18 -19 -20 20 -22 -23 -24 -25 40 32 27 28 -30 -31 -32 -33 34 -35 37 -37 54 38 -40 -41 41 -43 45 46 -46 -47 -48 -49 -50 -51 51 -53 -54 56 -56 -57 -58 58 59 -61 -62 -63
leaf_value=-0.0084516252633840428 -0.0046243994405808465 0.0052643509733280719 0.027493089931074619 -0.048109373250776515 -0.0017650996163013598 -0.0052927967334756671 -0.078949782374322153 0.0031201843011226462 0.057716727168623 0.00416252080969386 -0.0010162291837511109 0.017965974106735959 0.0051572852743428039 0.015619596869417583 0.0090767366087729281 0.015761214591574934 0.0062313833895488932 -0.062152867116970961 0.086294513942611006 0.023120032440862345 -0.0078214321381956196 -0.051337292972128835 -0.084991636301892021 -0.037154976837063959 -0.059406350306790028 0.02606093910765583 -0.056283173247993284 0.024352980731157648 -0.050590180627034423 0.046262706056042331 0.016355172608545607 -0.080236435916408055 -0.041124657446892379 0.0065921807470090653 0.0070327516829151067 -0.045465580849037165 0.089709460549666553 -0.0067761676560150049 0.017945262447606445 0.0069526179088321306 0.0062163884517513548 -0.063832242098330813 0.029100458877489396 -0.075967836846775494 0.10984652905382793 -0.027179289053009942 0.0025796181148508017 0.0082197337477558485 0.031953664092556101 0.0044576932079803218 -0.080662586609076062 0.024026122786025447 0.037613123525641938 0.05272280650560926 0.010856137481282202 -0.067392715015891044 -0.0076435982385715182 0.0052272839636118866 -0.033185639762628914 -0.0049617415952272126 0.021485479785440558 -0.010117227226771032
leaf_weight=1236.5298170149326 370.58408005535603 8930.7134837582707 723.44516160339117 30.053852260112762 6627.3879439383745 1632.7642358615994 15.237167447805406 800.69848167896271 10.505736276507379 1184.2294096648693 2770.130506426096 819.61337246745825 11.293108314275743 1251.7139773070812 2845.0812678039074 1565.6847825497389 2406.809391990304 16.738852471113205 10.861132845282553 256.38017794489861 282.92952942103148 78.675746224820614 18.484032899141312 41.270978502929211 57.566157855093479 176.78782802820206 17.675700172781944 21.268757969141006 35.871465645730495 63.962110966444016 365.18816874176264 13.426522448658941 28.812316566705704 1425.7795090675354 1052.4417397007346 62.292397558689117 11.597960188984869 786.72469566762447 127.02258464694023 79.378849014639854 23.089804887771606 25.608963623642921 30.104679360985756 9.7180937677621824 14.311280682682989 42.289321288466454 115.13891129940748 4030.1551403477788 8.4060661047697049 4855.0926427394152 10.299174927175047 9.8813894838094694 36.509139850735664 21.116073593497276 29.448850363492966 14.134625688195227 39.453678466379642 1201.4437052458525 130.56859730929136 642.68243720382452 150.63417688757181 361.45522385835648
leaf_count=5124 851 20757 1084 148 23989 4450 67 2587 21 2593 7744 1715 24 2093 5616 2840 5167 74 16 534 775 359 84 204 308 401 86 59 150 146 1219 65 105 4141 2813 224 11 2403 286 267 84 98 80 49 29 169 329 9085 17 11157 51 29 111 44 69 55 146 2992 538 2258 425 1211
internal_value=0.00409899 0.00614918 0.0122447 0.00106001 0.00213228 0.00486816 0.00576766 -0.00219016 -0.0161272 0.00284362 0.00399303 0.00981153 -0.00362496 0.0199722 0.00749612 0.00671936 0.00998895 -0.00456542 0.000815587 -0.00225751 0.00687999 -0.03678 -0.0507321 -0.00471561 0.000467349 0.000852189 -0.000750832 0.0105031 -0.0226136 0.0140225 0.00966791 -0.0127152 0.00397066 0.0087445 0.000346513 -0.0200414 0.00259001 0.00171052 -0.0043209 -0.00455858 -0.0127587 -0.00187513 -0.0284397 0.00790598 0.0461903 -0.00369881 -0.00354992 0.00794015 -0.0393403 0.00246846 0.000426103 -0.0292896 0.00579678 -0.00699316 0.0334219 -0.00786053 0.0133714 -0.00325527 -0.000669179 -0.00973768 0.00342049 0.0016749
internal_weight=50065.2 29895.2 5190.82 20170 16416.9 24704.3 5159.86 1106.06 305.366 11801.1 9629.07 2003.84 3753.09 1975.16 3215.67 12903.2 3972.49 196.004 179.265 2172.07 539.31 109.362 29.7771 168.404 11257 10939.2 7224.16 596.772 57.1402 539.631 475.669 110.481 3715.04 1602.57 2112.48 132.152 69.8591 1980.32 927.882 97.0545 317.827 187.867 129.96 162.258 37.4011 72.394 124.857 4053.8 23.6432 7625.22 30.6863 20.1806 127.133 90.6236 41.0468 800.859 60.5698 3723.31 2486.78 773.251 1713.53 1562.9
internal_count=130626 67376 9644 63250 50594 57732 12959 3790 1203 28968 23209 4308 12656 3177 6467 28764 8007 743 669 5759 1309 460 108 653 37635 36489 25981 1992 209 1783 1637 418 10508 4542 5966 409 185 5557 2744 353 1146 589 557 491 113 249 378 9169 84 18901 101 80 449 338 80 2458 190 12548 7424 2796 4628 4203
cat_boundaries=0 1 2 3
cat_threshold=2 2 1
is_linear=0
shrinkage=0.05


Tree=61
num_leaves=63
num_cat=0
split_feature=0 3 1 1 2 2 7 2 3 3 1 1 0 2 3 1 0 5 1 2 5 7 1 1 3 1 2 2 0 3 3 5 1 5 0 3 0 3 0 2 0 5 1 1 5 5 0 5 5 5 2 5 2 5 2 6 1 2 3 2 1 5
split_gain=113.371 98.4581 87.243 61.2821 51.8932 50.3764 33.7638 42.2956 40.3505 38.7478 40.1448 34.0819 33.9228 32.3267 33.9229 30.6749 31.1917 40.7833 32.6554 28.32 27.4427 27.1142 26.646 24.8852 24.5231 28.0609 32.4769 24.8132 30.0828 24.1282 34.0401 45.8847 29.8171 26.5674 26.7521 29.3747 26.4531 25.5448 26.8773 23.8656 26.2554 23.4771 23.3027 28.1337 28.0847 23.7728 32.8165 29.3058 27.264 26.8405 25.5546 25.1912 23.1823 28.7302 34.7272 25.9399 22.8172 30.773 37.2129 35.4854 35.7584 25.9611
threshold=37.500000000000007 10.765000000000002 61847.500000000007 26129.500000000004 193456.00000000003 132267.50000000003 1.0000000180025095e-35 22372.500000000004 8.9250000000000025 8.7450000000000028 142097.50000000003 70972.500000000015 38.500000000000007 162273.50000000003 2.9350000000000005 90081.500000000015 40.500000000000007 0.115 90593.000000000015 201116.50000000003 0.19500000000000003 1.0000000180025095e-35 20825.500000000004 106198.50000000001 21.205000000000002 143671.50000000003 14553.000000000002 9752.5000000000018 28.500000000000004 10.025 4.7550000000000008 0.13500000000000004 148421.50000000003 0.20500000000000004 61.500000000000007 11.395000000000001 45.500000000000007 19.975000000000005 60.500000000000007 35589.000000000007 42.500000000000007 0.115 131617.50000000003 148421.50000000003 0.81500000000000006 0.70500000000000007 42.500000000000007 0.74500000000000011 0.54500000000000015 0.79500000000000015 132267.50000000003 0.33500000000000008 28045.000000000004 0.42500000000000004 220299.50000000003 1.0000000180025095e-35 61847.500000000007 167210.00000000003 7.4350000000000014 209655.50000000003 65608.500000000015 0.13500000000000004
decision_type=2 2 2 2 2 2 2 2 2 2 2 2 2 2 2 2 2 2 2 2 2 2 2 2 2 2 2 2 2 2 2 2 2 2 2 2 2 2 2 2 2 2 2 2 2 2 2 2 2 2 2 2 2 2 2 2 2 2 2 2 2 2
left_child=1 21 5 4 -2 -3 8 12 9 11 -11 13 -8 14 -5 -9 17 -17 -18 23 -14 -1 -7 -19 -4 27 -27 28 -26 30 42 -32 36 34 37 -36 -33 38 39 -31 -41 -13 52 44 45 46 -44 -47 50 -49 51 -48 -20 54 -54 -56 61 -58 59 -59 -61 -15
right_child=3 2 24 6 -6 22 7 15 -10 10 -12 41 20 56 -16 16 18 19 29 -21 -22 -23 -24 -25 25 26 -28 -29 -30 33 31 32 -34 -35 35 -37 -38 -39 -40 40 -42 -43 43 -45 -46 47 48 49 -50 -51 -52 -53 53 -55 55 -57 57 58 -60 60 -62 -63
leaf_value=0.0044165008346916902 0.0038236213845056449 0.0085603730924117341 0.0040871907414792392 -0.039103379204444698 0.017794202089435687 0.029266574347038485 0.034201584854450566 0.0017706095671884935 0.0039991987245781976 -0.05748951639907432 0.057520242420741455 -0.06285322545544994 -0.052310543303983187 -0.076799638905427528 0.00057486809807779976 0.058205165615672731 -0.059144628750793717 -0.035458774449607808 0.10408746552209186 -0.042730830615042639 -0.01412344284715219 -0.0015344114268116308 0.015747113845682028 -0.0053166661309756637 -0.004653128165501585 0.049984817251899294 -0.017221300991831813 0.011174655396833329 -0.10786710828204203 0.073482067586949112 0.042393682701214651 -0.041816636872284811 0.033443252940844402 0.0020732679560329643 0.063335440853902081 -0.052186848512468534 -0.015510911442576242 -0.025010910824959206 0.086112249648576375 0.048470932738892886 -0.013314339674303611 -0.0064716212992832331 0.085357952134522116 -0.061718820376993992 -0.059598998478983013 0.1403402392838751 -0.0083077002338164986 -0.059925483518987382 -0.05984806004368444 0.10964373836633079 -0.011726001046594976 0.10439943459851493 -0.052816968600909259 0.0062130672444268339 0.076681823857552581 -0.060580229219219399 0.1172611536741785 -0.042275660758757341 0.069222119612019184 0.074550038416112116 -0.024650570350418056 0.010199751200641738
leaf_weight=4151.7441200390458 2137.9085364639759 3073.182349100709 7232.2902878969908 60.062731735408306 965.4279201477766 420.14012459665537 32.947457939386368 5703.7911387234926 9459.6477623283863 54.816164016723633 8.679191976785658 18.636953629553318 52.418080992996693 8.6534112095832807 512.72483395785093 17.938865691423416 24.984090618789196 89.073799669742584 4.5952758863568297 95.373957857489586 465.31584509462118 3549.7325659096241 2811.0284302458167 297.74051318317652 31.096486806869507 20.1187664270401 160.40547400712967 2846.1026209294796 9.081249460577963 10.567242220044134 32.137244701385498 122.5731483399868 25.911933518946171 2556.8665174841881 5.9382733926177016 59.711615324020386 440.17318685352802 104.52380871772766 9.9195577651262266 20.058678716421127 116.34975565224886 1389.6366225779057 17.07399794459343 8.865222826600073 7.8369408920407286 11.125196106731893 7.6085742190480259 4.8900108411908132 12.089210145175455 4.2649257779121399 23.071411229670048 13.651599846780298 54.17610327899456 122.70850700139999 10.437367737293242 4.9862589761614791 10.082917049527166 25.480125591158867 32.12053593993187 22.154308825731277 15.185165859758852 397.49672405421734
leaf_count=9581 5136 5701 14870 355 1579 639 83 17880 25615 281 24 123 322 41 2193 30 124 314 28 319 2260 9525 4578 901 62 22 357 4904 37 27 152 570 91 8270 25 335 2575 332 31 39 449 6687 40 58 59 32 56 33 91 12 144 58 416 708 33 33 19 113 54 41 60 1099
internal_value=0.00389803 0.00634646 0.00851391 0.00158324 0.00817182 0.013147 0.000678555 -0.0013792 0.0024929 -0.00308041 -0.0416245 -0.00209477 -0.0148702 0.00456677 -0.00358318 -0.00063867 -0.00380818 -0.0155534 -0.00227564 -0.0183193 -0.0180087 0.001673 0.0175074 -0.0122779 0.00567729 0.00942525 -0.00968022 0.0106222 -0.0283163 -0.00190008 -0.00891158 -0.0156504 -0.0188344 0.000355028 -0.0130586 -0.041581 -0.0212559 -0.00586351 0.00686846 0.0014313 -0.00416342 -0.00722573 0.00468267 0.0230599 0.0305591 0.0382024 0.0248163 0.0861086 0.00628813 0.0188611 0.0245301 0.0639798 -0.00560936 -0.00830933 -0.0339571 0.0318803 0.0137078 0.0344861 0.0255285 0.00303331 0.0341156 0.00831539
internal_weight=50015.3 24304.9 16603.4 25710.4 3103.34 6304.35 22607.1 10591.7 12015.4 2555.73 63.4954 2492.23 550.681 1083.96 572.788 10041 4337.22 500.127 3837.1 482.188 517.734 7701.48 3231.17 386.814 10299.1 3066.8 180.524 2886.28 40.1777 3812.11 928.176 620.796 588.658 2883.94 327.069 65.6499 562.746 261.419 156.895 146.976 136.408 1408.27 307.381 110.477 101.612 93.7749 73.4948 20.2801 56.4208 9.15494 44.3316 21.2602 196.904 192.308 69.5997 15.4236 511.173 105.023 94.9401 62.8196 37.3395 406.15
internal_count=130626 50276 31170 80350 6715 10918 73635 36930 36705 11090 305 10785 2665 3975 2548 34265 16385 1564 14821 1534 2582 19106 5217 1215 20252 5382 379 5003 99 14697 5189 3388 3236 9508 1238 360 3145 878 546 515 488 6810 1801 583 525 466 389 77 349 45 258 114 1218 1190 482 66 1427 287 268 214 101 1140
is_linear=0
shrinkage=0.05


end of trees

feature_importances:
LoanAmount=882
InterestRate=735
Income=715
DTIRatio=532
Age=492
LoanPurpose=152
HasDependents=139
HasMortgage=107
LoanTerm=90

parameters:
[boosting: gbdt]
[objective: binary]
[metric: auc]
[tree_learner: serial]
[device_type: cpu]
[data_sample_strategy: bagging]
[data: ]
[valid: ]
[num_iterations: 1000]
[learning_rate: 0.05]
[num_leaves: 63]
[num_threads: 0]
[seed: 0]
[deterministic: 0]
[force_col_wise: 0]
[force_row_wise: 0]
[histogram_pool_size: -1]
[max_depth: -1]
[min_data_in_leaf: 20]
[min_sum_hessian_in_leaf: 0.001]
[bagging_fraction: 0.8]
[pos_bagging_fraction: 1]
[neg_bagging_fraction: 1]
[bagging_freq: 5]
[bagging_seed: 3]
[bagging_by_query: 0]
[feature_fraction: 0.8]
[feature_fraction_bynode: 1]
[feature_fraction_seed: 2]
[extra_trees: 0]
[extra_seed: 6]
[early_stopping_round: 0]
[early_stopping_min_delta: 0]
[first_metric_only: 0]
[max_delta_step: 0]
[lambda_l1: 0.1]
[lambda_l2: 0.1]
[linear_lambda: 0]
[min_gain_to_split: 0]
[drop_rate: 0.1]
[max_drop: 50]
[skip_drop: 0.5]
[xgboost_dart_mode: 0]
[uniform_drop: 0]
[drop_seed: 4]
[top_rate: 0.2]
[other_rate: 0.1]
[min_data_per_group: 100]
[max_cat_threshold: 32]
[cat_l2: 10]
[cat_smooth: 10]
[max_cat_to_onehot: 4]
[top_k: 20]
[monotone_constraints: ]
[monotone_constraints_method: basic]
[monotone_penalty: 0]
[feature_contri: ]
[forcedsplits_filename: ]
[refit_decay_rate: 0.9]
[cegb_tradeoff: 1]
[cegb_penalty_split: 0]
[cegb_penalty_feature_lazy: ]
[cegb_penalty_feature_coupled: ]
[path_smooth: 0]
[interaction_constraints: ]
[verbosity: -1]
[saved_feature_importance_type: 0]
[use_quantized_grad: 0]
[num_grad_quant_bins: 4]
[quant_train_renew_leaf: 0]
[stochastic_rounding: 1]
[linear_tree: 0]
[max_bin: 255]
[max_bin_by_feature: ]
[min_data_in_bin: 3]
[bin_construct_sample_cnt: 200000]
[data_random_seed: 1]
[is_enable_sparse: 1]
[enable_bundle: 1]
[use_missing: 1]
[zero_as_missing: 0]
[feature_pre_filter: 1]
[pre_partition: 0]
[two_round: 0]
[header: 0]
[label_column: ]
[weight_column: ]
[group_column: ]
[ignore_column: ]
[categorical_feature: 8]
[forcedbins_filename: ]
[precise_float_parser: 0]
[parser_config_file: ]
[objective_seed: 5]
[num_class: 1]
[is_unbalance: 0]
[scale_pos_weight: 7.61108]
[sigmoid: 1]
[boost_from_average: 1]
[reg_sqrt: 0]
[alpha: 0.9]
[fair_c: 1]
[poisson_max_delta_step: 0.7]
[tweedie_variance_power: 1.5]
[lambdarank_truncation_level: 30]
[lambdarank_norm: 1]
[label_gain: ]
[lambdarank_position_bias_regularization: 0]
[eval_at: ]
[multi_error_top_k: 1]
[auc_mu_weights: ]
[num_machines: 1]
[local_listen_port: 12400]
[time_out: 120]
[machine_list_filename: ]
[machines: ]
[gpu_platform_id: -1]
[gpu_device_id: -1]
[gpu_device_id_list: ]
[gpu_use_dp: 0]
[num_gpu: 1]

end of parameters

pandas_categorical:[[0, 1, 2, 3, 4]]
